disease,MAE,n,variant,seed_run,fold_test_year
AFP,0.28145697712898254,50,uniform_gate,42,2020
CSM,1.0597960948944092,50,uniform_gate,42,2020
Cholera,2.056800603866577,50,uniform_gate,42,2020
Lassa Fever,0.6081563234329224,50,uniform_gate,42,2020
Measles,1.0159507989883423,50,uniform_gate,42,2020
Mpox,0.8642152547836304,50,uniform_gate,42,2020
Yellow Fever,1.0595428943634033,50,uniform_gate,42,2020
AFP,0.25290557742118835,50,entropy_w_0.0,42,2020
CSM,1.032800555229187,50,entropy_w_0.0,42,2020
Cholera,1.9924522638320923,50,entropy_w_0.0,42,2020
Lassa Fever,0.6138695478439331,50,entropy_w_0.0,42,2020
Measles,1.0276092290878296,50,entropy_w_0.0,42,2020
Mpox,0.8257378339767456,50,entropy_w_0.0,42,2020
Yellow Fever,1.0320414304733276,50,entropy_w_0.0,42,2020
AFP,0.2997548282146454,50,entropy_w_0.02,42,2020
CSM,1.0539886951446533,50,entropy_w_0.02,42,2020
Cholera,2.063127040863037,50,entropy_w_0.02,42,2020
Lassa Fever,0.5981964468955994,50,entropy_w_0.02,42,2020
Measles,0.9440985321998596,50,entropy_w_0.02,42,2020
Mpox,0.8678179383277893,50,entropy_w_0.02,42,2020
Yellow Fever,1.0685040950775146,50,entropy_w_0.02,42,2020
AFP,0.25419652462005615,50,entropy_w_0.05,42,2020
CSM,1.0321323871612549,50,entropy_w_0.05,42,2020
Cholera,1.984792947769165,50,entropy_w_0.05,42,2020
Lassa Fever,0.6256479024887085,50,entropy_w_0.05,42,2020
Measles,1.092244267463684,50,entropy_w_0.05,42,2020
Mpox,0.8321489691734314,50,entropy_w_0.05,42,2020
Yellow Fever,1.028823971748352,50,entropy_w_0.05,42,2020
AFP,0.36389297246932983,50,entropy_w_0.1,42,2020
CSM,1.067714810371399,50,entropy_w_0.1,42,2020
Cholera,2.0733323097229004,50,entropy_w_0.1,42,2020
Lassa Fever,0.5855667591094971,50,entropy_w_0.1,42,2020
Measles,0.8817019462585449,50,entropy_w_0.1,42,2020
Mpox,0.8893343210220337,50,entropy_w_0.1,42,2020
Yellow Fever,1.0870763063430786,50,entropy_w_0.1,42,2020
AFP,0.3175389766693115,50,entropy_w_0.2,42,2020
CSM,1.0819344520568848,50,entropy_w_0.2,42,2020
Cholera,2.1161487102508545,50,entropy_w_0.2,42,2020
Lassa Fever,0.6279076337814331,50,entropy_w_0.2,42,2020
Measles,1.0791871547698975,50,entropy_w_0.2,42,2020
Mpox,0.9045715928077698,50,entropy_w_0.2,42,2020
Yellow Fever,1.0946974754333496,50,entropy_w_0.2,42,2020
AFP,0.47200050950050354,27,uniform_gate,42,2021
CSM,0.8519390225410461,27,uniform_gate,42,2021
Cholera,2.406480073928833,27,uniform_gate,42,2021
Lassa Fever,0.3323957026004791,27,uniform_gate,42,2021
Measles,0.5302343964576721,27,uniform_gate,42,2021
Mpox,0.6112038493156433,27,uniform_gate,42,2021
Yellow Fever,0.5514561533927917,27,uniform_gate,42,2021
AFP,0.4082825183868408,27,entropy_w_0.0,42,2021
CSM,0.7750846147537231,27,entropy_w_0.0,42,2021
Cholera,2.662928581237793,27,entropy_w_0.0,42,2021
Lassa Fever,0.32075175642967224,27,entropy_w_0.0,42,2021
Measles,0.5442761182785034,27,entropy_w_0.0,42,2021
Mpox,0.6144924759864807,27,entropy_w_0.0,42,2021
Yellow Fever,0.46724361181259155,27,entropy_w_0.0,42,2021
AFP,0.4699069857597351,27,entropy_w_0.02,42,2021
CSM,0.8913531303405762,27,entropy_w_0.02,42,2021
Cholera,2.279195547103882,27,entropy_w_0.02,42,2021
Lassa Fever,0.37043702602386475,27,entropy_w_0.02,42,2021
Measles,0.5418416261672974,27,entropy_w_0.02,42,2021
Mpox,0.5951066613197327,27,entropy_w_0.02,42,2021
Yellow Fever,0.5842007994651794,27,entropy_w_0.02,42,2021
AFP,0.5322261452674866,27,entropy_w_0.05,42,2021
CSM,0.9777482151985168,27,entropy_w_0.05,42,2021
Cholera,2.1061770915985107,27,entropy_w_0.05,42,2021
Lassa Fever,0.42687296867370605,27,entropy_w_0.05,42,2021
Measles,0.5266671180725098,27,entropy_w_0.05,42,2021
Mpox,0.6025213599205017,27,entropy_w_0.05,42,2021
Yellow Fever,0.6817125678062439,27,entropy_w_0.05,42,2021
AFP,0.42374512553215027,27,entropy_w_0.1,42,2021
CSM,0.8323700428009033,27,entropy_w_0.1,42,2021
Cholera,2.4656550884246826,27,entropy_w_0.1,42,2021
Lassa Fever,0.36299774050712585,27,entropy_w_0.1,42,2021
Measles,0.5316664576530457,27,entropy_w_0.1,42,2021
Mpox,0.62537682056427,27,entropy_w_0.1,42,2021
Yellow Fever,0.5192147493362427,27,entropy_w_0.1,42,2021
AFP,0.5111634135246277,27,entropy_w_0.2,42,2021
CSM,0.8656270503997803,27,entropy_w_0.2,42,2021
Cholera,2.2950761318206787,27,entropy_w_0.2,42,2021
Lassa Fever,0.3882552981376648,27,entropy_w_0.2,42,2021
Measles,0.43508419394493103,27,entropy_w_0.2,42,2021
Mpox,0.6067478656768799,27,entropy_w_0.2,42,2021
Yellow Fever,0.5776612162590027,27,entropy_w_0.2,42,2021
AFP,0.39136117696762085,15,uniform_gate,42,2022
CSM,0.5795188546180725,15,uniform_gate,42,2022
Cholera,1.807474970817566,15,uniform_gate,42,2022
Lassa Fever,0.23620501160621643,15,uniform_gate,42,2022
Measles,0.7057076692581177,15,uniform_gate,42,2022
Mpox,2.5611720085144043,15,uniform_gate,42,2022
Yellow Fever,0.42943426966667175,15,uniform_gate,42,2022
AFP,0.30692195892333984,15,entropy_w_0.0,42,2022
CSM,0.5749489068984985,15,entropy_w_0.0,42,2022
Cholera,1.2825852632522583,15,entropy_w_0.0,42,2022
Lassa Fever,0.2155541032552719,15,entropy_w_0.0,42,2022
Measles,0.5332740545272827,15,entropy_w_0.0,42,2022
Mpox,2.3921096324920654,15,entropy_w_0.0,42,2022
Yellow Fever,0.5986431241035461,15,entropy_w_0.0,42,2022
AFP,0.39254704117774963,15,entropy_w_0.02,42,2022
CSM,0.6254822611808777,15,entropy_w_0.02,42,2022
Cholera,1.6117465496063232,15,entropy_w_0.02,42,2022
Lassa Fever,0.22512286901474,15,entropy_w_0.02,42,2022
Measles,0.6850906610488892,15,entropy_w_0.02,42,2022
Mpox,2.5002145767211914,15,entropy_w_0.02,42,2022
Yellow Fever,0.5309230089187622,15,entropy_w_0.02,42,2022
AFP,0.36951106786727905,15,entropy_w_0.05,42,2022
CSM,0.5867586731910706,15,entropy_w_0.05,42,2022
Cholera,1.6146849393844604,15,entropy_w_0.05,42,2022
Lassa Fever,0.23545026779174805,15,entropy_w_0.05,42,2022
Measles,0.6775467991828918,15,entropy_w_0.05,42,2022
Mpox,2.456660747528076,15,entropy_w_0.05,42,2022
Yellow Fever,0.6700388789176941,15,entropy_w_0.05,42,2022
AFP,0.41137394309043884,15,entropy_w_0.1,42,2022
CSM,0.5258638262748718,15,entropy_w_0.1,42,2022
Cholera,1.9850990772247314,15,entropy_w_0.1,42,2022
Lassa Fever,0.2878113389015198,15,entropy_w_0.1,42,2022
Measles,0.7302860021591187,15,entropy_w_0.1,42,2022
Mpox,2.6173455715179443,15,entropy_w_0.1,42,2022
Yellow Fever,0.36733654141426086,15,entropy_w_0.1,42,2022
AFP,0.3976631164550781,15,entropy_w_0.2,42,2022
CSM,0.4878155589103699,15,entropy_w_0.2,42,2022
Cholera,1.986924409866333,15,entropy_w_0.2,42,2022
Lassa Fever,0.31216394901275635,15,entropy_w_0.2,42,2022
Measles,0.746105968952179,15,entropy_w_0.2,42,2022
Mpox,2.6232354640960693,15,entropy_w_0.2,42,2022
Yellow Fever,0.35938510298728943,15,entropy_w_0.2,42,2022
AFP,0.8067254424095154,22,uniform_gate,42,2023
CSM,1.1879290342330933,22,uniform_gate,42,2023
Cholera,0.9914348721504211,22,uniform_gate,42,2023
Lassa Fever,0.33009254932403564,22,uniform_gate,42,2023
Measles,1.577968716621399,22,uniform_gate,42,2023
Mpox,1.7593798637390137,22,uniform_gate,42,2023
Yellow Fever,0.6638215184211731,22,uniform_gate,42,2023
AFP,0.8159715533256531,22,entropy_w_0.0,42,2023
CSM,1.2153401374816895,22,entropy_w_0.0,42,2023
Cholera,1.009128451347351,22,entropy_w_0.0,42,2023
Lassa Fever,0.31522300839424133,22,entropy_w_0.0,42,2023
Measles,1.6149288415908813,22,entropy_w_0.0,42,2023
Mpox,1.7176705598831177,22,entropy_w_0.0,42,2023
Yellow Fever,0.5996761918067932,22,entropy_w_0.0,42,2023
AFP,0.7264947295188904,22,entropy_w_0.02,42,2023
CSM,1.5146056413650513,22,entropy_w_0.02,42,2023
Cholera,1.4793246984481812,22,entropy_w_0.02,42,2023
Lassa Fever,0.3351386785507202,22,entropy_w_0.02,42,2023
Measles,1.9685250520706177,22,entropy_w_0.02,42,2023
Mpox,1.7794839143753052,22,entropy_w_0.02,42,2023
Yellow Fever,0.7649905681610107,22,entropy_w_0.02,42,2023
AFP,0.8101510405540466,22,entropy_w_0.05,42,2023
CSM,1.2561570405960083,22,entropy_w_0.05,42,2023
Cholera,1.1405482292175293,22,entropy_w_0.05,42,2023
Lassa Fever,0.2855341136455536,22,entropy_w_0.05,42,2023
Measles,1.8258624076843262,22,entropy_w_0.05,42,2023
Mpox,1.6956387758255005,22,entropy_w_0.05,42,2023
Yellow Fever,0.6038802266120911,22,entropy_w_0.05,42,2023
AFP,0.8126692175865173,22,entropy_w_0.1,42,2023
CSM,1.2310563325881958,22,entropy_w_0.1,42,2023
Cholera,1.0961312055587769,22,entropy_w_0.1,42,2023
Lassa Fever,0.28954654932022095,22,entropy_w_0.1,42,2023
Measles,1.7406951189041138,22,entropy_w_0.1,42,2023
Mpox,1.6934590339660645,22,entropy_w_0.1,42,2023
Yellow Fever,0.6248777508735657,22,entropy_w_0.1,42,2023
AFP,0.824293851852417,22,entropy_w_0.2,42,2023
CSM,1.2007710933685303,22,entropy_w_0.2,42,2023
Cholera,0.9541407227516174,22,entropy_w_0.2,42,2023
Lassa Fever,0.3359936773777008,22,entropy_w_0.2,42,2023
Measles,1.5379177331924438,22,entropy_w_0.2,42,2023
Mpox,1.7569788694381714,22,entropy_w_0.2,42,2023
Yellow Fever,0.6286717653274536,22,entropy_w_0.2,42,2023
AFP,0.492399662733078,42,uniform_gate,42,2024
CSM,1.742510437965393,42,uniform_gate,42,2024
Cholera,1.5848190784454346,42,uniform_gate,42,2024
Lassa Fever,0.6252954602241516,42,uniform_gate,42,2024
Measles,0.8509277105331421,42,uniform_gate,42,2024
Mpox,2.0833656787872314,42,uniform_gate,42,2024
Yellow Fever,0.48335492610931396,42,uniform_gate,42,2024
AFP,0.5616002082824707,42,entropy_w_0.0,42,2024
CSM,1.84963059425354,42,entropy_w_0.0,42,2024
Cholera,1.3696985244750977,42,entropy_w_0.0,42,2024
Lassa Fever,0.7074941992759705,42,entropy_w_0.0,42,2024
Measles,0.9862974286079407,42,entropy_w_0.0,42,2024
Mpox,1.95827317237854,42,entropy_w_0.0,42,2024
Yellow Fever,0.5239022374153137,42,entropy_w_0.0,42,2024
AFP,0.5025514960289001,42,entropy_w_0.02,42,2024
CSM,1.7139829397201538,42,entropy_w_0.02,42,2024
Cholera,1.5254873037338257,42,entropy_w_0.02,42,2024
Lassa Fever,0.556659996509552,42,entropy_w_0.02,42,2024
Measles,0.9332215189933777,42,entropy_w_0.02,42,2024
Mpox,1.752497673034668,42,entropy_w_0.02,42,2024
Yellow Fever,0.43639227747917175,42,entropy_w_0.02,42,2024
AFP,0.6121055483818054,42,entropy_w_0.05,42,2024
CSM,1.7896045446395874,42,entropy_w_0.05,42,2024
Cholera,1.7629873752593994,42,entropy_w_0.05,42,2024
Lassa Fever,0.5727629065513611,42,entropy_w_0.05,42,2024
Measles,0.8463843464851379,42,entropy_w_0.05,42,2024
Mpox,2.2143092155456543,42,entropy_w_0.05,42,2024
Yellow Fever,0.6020968556404114,42,entropy_w_0.05,42,2024
AFP,0.5131550431251526,42,entropy_w_0.1,42,2024
CSM,1.5538756847381592,42,entropy_w_0.1,42,2024
Cholera,1.3365495204925537,42,entropy_w_0.1,42,2024
Lassa Fever,0.5733237266540527,42,entropy_w_0.1,42,2024
Measles,0.9107781648635864,42,entropy_w_0.1,42,2024
Mpox,1.773316502571106,42,entropy_w_0.1,42,2024
Yellow Fever,0.4061812460422516,42,entropy_w_0.1,42,2024
AFP,0.5319010615348816,42,entropy_w_0.2,42,2024
CSM,1.765205979347229,42,entropy_w_0.2,42,2024
Cholera,1.3979566097259521,42,entropy_w_0.2,42,2024
Lassa Fever,0.6273701786994934,42,entropy_w_0.2,42,2024
Measles,0.9509950280189514,42,entropy_w_0.2,42,2024
Mpox,1.74446702003479,42,entropy_w_0.2,42,2024
Yellow Fever,0.4454999268054962,42,entropy_w_0.2,42,2024
AFP,0.6406348943710327,52,uniform_gate,42,2025
CSM,1.7348320484161377,52,uniform_gate,42,2025
Cholera,1.5957446098327637,52,uniform_gate,42,2025
Lassa Fever,0.34985578060150146,52,uniform_gate,42,2025
Measles,1.78084397315979,52,uniform_gate,42,2025
Mpox,1.665963888168335,52,uniform_gate,42,2025
Yellow Fever,0.7003660202026367,52,uniform_gate,42,2025
AFP,0.6403330564498901,52,entropy_w_0.0,42,2025
CSM,1.7475939989089966,52,entropy_w_0.0,42,2025
Cholera,1.647592544555664,52,entropy_w_0.0,42,2025
Lassa Fever,0.35695821046829224,52,entropy_w_0.0,42,2025
Measles,1.7477043867111206,52,entropy_w_0.0,42,2025
Mpox,1.7212998867034912,52,entropy_w_0.0,42,2025
Yellow Fever,0.6782426238059998,52,entropy_w_0.0,42,2025
AFP,0.6413418650627136,52,entropy_w_0.02,42,2025
CSM,1.7220580577850342,52,entropy_w_0.02,42,2025
Cholera,1.759305715560913,52,entropy_w_0.02,42,2025
Lassa Fever,0.3480743169784546,52,entropy_w_0.02,42,2025
Measles,1.7460873126983643,52,entropy_w_0.02,42,2025
Mpox,1.8005465269088745,52,entropy_w_0.02,42,2025
Yellow Fever,0.6908544301986694,52,entropy_w_0.02,42,2025
AFP,0.6333096027374268,52,entropy_w_0.05,42,2025
CSM,1.8366650342941284,52,entropy_w_0.05,42,2025
Cholera,1.5480663776397705,52,entropy_w_0.05,42,2025
Lassa Fever,0.3232036232948303,52,entropy_w_0.05,42,2025
Measles,1.9439380168914795,52,entropy_w_0.05,42,2025
Mpox,1.4463162422180176,52,entropy_w_0.05,42,2025
Yellow Fever,0.7485738396644592,52,entropy_w_0.05,42,2025
AFP,0.6618366241455078,52,entropy_w_0.1,42,2025
CSM,1.7719998359680176,52,entropy_w_0.1,42,2025
Cholera,1.5729739665985107,52,entropy_w_0.1,42,2025
Lassa Fever,0.3154226541519165,52,entropy_w_0.1,42,2025
Measles,1.8824812173843384,52,entropy_w_0.1,42,2025
Mpox,1.5097771883010864,52,entropy_w_0.1,42,2025
Yellow Fever,0.7538954019546509,52,entropy_w_0.1,42,2025
AFP,0.6292046904563904,52,entropy_w_0.2,42,2025
CSM,1.9265793561935425,52,entropy_w_0.2,42,2025
Cholera,1.4123212099075317,52,entropy_w_0.2,42,2025
Lassa Fever,0.3411434292793274,52,entropy_w_0.2,42,2025
Measles,1.9468351602554321,52,entropy_w_0.2,42,2025
Mpox,1.4340966939926147,52,entropy_w_0.2,42,2025
Yellow Fever,0.7503038644790649,52,entropy_w_0.2,42,2025
AFP,1.4418221712112427,9,uniform_gate,42,2026
CSM,0.8596900105476379,9,uniform_gate,42,2026
Cholera,1.3386330604553223,9,uniform_gate,42,2026
Lassa Fever,0.7914548516273499,9,uniform_gate,42,2026
Measles,0.28671106696128845,9,uniform_gate,42,2026
Mpox,0.866206169128418,9,uniform_gate,42,2026
Yellow Fever,0.5912301540374756,9,uniform_gate,42,2026
AFP,1.6386719942092896,9,entropy_w_0.0,42,2026
CSM,0.5446496605873108,9,entropy_w_0.0,42,2026
Cholera,1.8482165336608887,9,entropy_w_0.0,42,2026
Lassa Fever,0.44176265597343445,9,entropy_w_0.0,42,2026
Measles,0.3421282172203064,9,entropy_w_0.0,42,2026
Mpox,0.5247960686683655,9,entropy_w_0.0,42,2026
Yellow Fever,0.534188985824585,9,entropy_w_0.0,42,2026
AFP,1.3559190034866333,9,entropy_w_0.02,42,2026
CSM,0.8176998496055603,9,entropy_w_0.02,42,2026
Cholera,1.6650354862213135,9,entropy_w_0.02,42,2026
Lassa Fever,0.7471592426300049,9,entropy_w_0.02,42,2026
Measles,0.30609163641929626,9,entropy_w_0.02,42,2026
Mpox,0.4782121479511261,9,entropy_w_0.02,42,2026
Yellow Fever,0.5524470210075378,9,entropy_w_0.02,42,2026
AFP,1.4404816627502441,9,entropy_w_0.05,42,2026
CSM,0.7695244550704956,9,entropy_w_0.05,42,2026
Cholera,1.575592041015625,9,entropy_w_0.05,42,2026
Lassa Fever,0.7458402514457703,9,entropy_w_0.05,42,2026
Measles,0.27572980523109436,9,entropy_w_0.05,42,2026
Mpox,0.8560101985931396,9,entropy_w_0.05,42,2026
Yellow Fever,0.5974876880645752,9,entropy_w_0.05,42,2026
AFP,1.3714836835861206,9,entropy_w_0.1,42,2026
CSM,0.49526724219322205,9,entropy_w_0.1,42,2026
Cholera,1.8802685737609863,9,entropy_w_0.1,42,2026
Lassa Fever,0.5553863048553467,9,entropy_w_0.1,42,2026
Measles,0.5640647411346436,9,entropy_w_0.1,42,2026
Mpox,0.4012638330459595,9,entropy_w_0.1,42,2026
Yellow Fever,0.5277970433235168,9,entropy_w_0.1,42,2026
AFP,1.3314157724380493,9,entropy_w_0.2,42,2026
CSM,0.6644096970558167,9,entropy_w_0.2,42,2026
Cholera,1.2595144510269165,9,entropy_w_0.2,42,2026
Lassa Fever,0.6813640594482422,9,entropy_w_0.2,42,2026
Measles,0.21631161868572235,9,entropy_w_0.2,42,2026
Mpox,0.8622167706489563,9,entropy_w_0.2,42,2026
Yellow Fever,0.4597017467021942,9,entropy_w_0.2,42,2026
AFP,0.3107655644416809,50,uniform_gate,123,2020
CSM,1.092411994934082,50,uniform_gate,123,2020
Cholera,2.107417106628418,50,uniform_gate,123,2020
Lassa Fever,0.6118893623352051,50,uniform_gate,123,2020
Measles,1.0733251571655273,50,uniform_gate,123,2020
Mpox,0.9179395437240601,50,uniform_gate,123,2020
Yellow Fever,1.0835788249969482,50,uniform_gate,123,2020
AFP,0.26415595412254333,50,entropy_w_0.0,123,2020
CSM,1.0219416618347168,50,entropy_w_0.0,123,2020
Cholera,2.0146021842956543,50,entropy_w_0.0,123,2020
Lassa Fever,0.6015776991844177,50,entropy_w_0.0,123,2020
Measles,0.931337296962738,50,entropy_w_0.0,123,2020
Mpox,0.8179754018783569,50,entropy_w_0.0,123,2020
Yellow Fever,1.0426760911941528,50,entropy_w_0.0,123,2020
AFP,0.263310045003891,50,entropy_w_0.02,123,2020
CSM,0.9719640612602234,50,entropy_w_0.02,123,2020
Cholera,1.9055190086364746,50,entropy_w_0.02,123,2020
Lassa Fever,0.6046589612960815,50,entropy_w_0.02,123,2020
Measles,0.8710092306137085,50,entropy_w_0.02,123,2020
Mpox,0.7405191659927368,50,entropy_w_0.02,123,2020
Yellow Fever,1.0148141384124756,50,entropy_w_0.02,123,2020
AFP,0.34328773617744446,50,entropy_w_0.05,123,2020
CSM,1.1200920343399048,50,entropy_w_0.05,123,2020
Cholera,2.1681089401245117,50,entropy_w_0.05,123,2020
Lassa Fever,0.6271612644195557,50,entropy_w_0.05,123,2020
Measles,1.1530429124832153,50,entropy_w_0.05,123,2020
Mpox,0.9551885724067688,50,entropy_w_0.05,123,2020
Yellow Fever,1.0938911437988281,50,entropy_w_0.05,123,2020
AFP,0.2757238745689392,50,entropy_w_0.1,123,2020
CSM,1.037074327468872,50,entropy_w_0.1,123,2020
Cholera,1.997983694076538,50,entropy_w_0.1,123,2020
Lassa Fever,0.6013975143432617,50,entropy_w_0.1,123,2020
Measles,0.9788229465484619,50,entropy_w_0.1,123,2020
Mpox,0.8377982378005981,50,entropy_w_0.1,123,2020
Yellow Fever,1.045669436454773,50,entropy_w_0.1,123,2020
AFP,0.31344690918922424,50,entropy_w_0.2,123,2020
CSM,1.0696309804916382,50,entropy_w_0.2,123,2020
Cholera,2.085265874862671,50,entropy_w_0.2,123,2020
Lassa Fever,0.6158355474472046,50,entropy_w_0.2,123,2020
Measles,1.0597859621047974,50,entropy_w_0.2,123,2020
Mpox,0.8918002247810364,50,entropy_w_0.2,123,2020
Yellow Fever,1.0598407983779907,50,entropy_w_0.2,123,2020
AFP,0.43963032960891724,27,uniform_gate,123,2021
CSM,0.8778406977653503,27,uniform_gate,123,2021
Cholera,2.431447744369507,27,uniform_gate,123,2021
Lassa Fever,0.40681153535842896,27,uniform_gate,123,2021
Measles,0.5550903677940369,27,uniform_gate,123,2021
Mpox,0.6212929487228394,27,uniform_gate,123,2021
Yellow Fever,0.558147132396698,27,uniform_gate,123,2021
AFP,0.47289353609085083,27,entropy_w_0.0,123,2021
CSM,0.8911255598068237,27,entropy_w_0.0,123,2021
Cholera,2.3389620780944824,27,entropy_w_0.0,123,2021
Lassa Fever,0.363398939371109,27,entropy_w_0.0,123,2021
Measles,0.5257294774055481,27,entropy_w_0.0,123,2021
Mpox,0.5905897617340088,27,entropy_w_0.0,123,2021
Yellow Fever,0.5965269804000854,27,entropy_w_0.0,123,2021
AFP,0.479968398809433,27,entropy_w_0.02,123,2021
CSM,0.8491715788841248,27,entropy_w_0.02,123,2021
Cholera,2.4380619525909424,27,entropy_w_0.02,123,2021
Lassa Fever,0.31427323818206787,27,entropy_w_0.02,123,2021
Measles,0.5432931184768677,27,entropy_w_0.02,123,2021
Mpox,0.6033203601837158,27,entropy_w_0.02,123,2021
Yellow Fever,0.5494993925094604,27,entropy_w_0.02,123,2021
AFP,0.490935355424881,27,entropy_w_0.05,123,2021
CSM,0.9114100933074951,27,entropy_w_0.05,123,2021
Cholera,2.186312437057495,27,entropy_w_0.05,123,2021
Lassa Fever,0.42628395557403564,27,entropy_w_0.05,123,2021
Measles,0.5195437073707581,27,entropy_w_0.05,123,2021
Mpox,0.6315123438835144,27,entropy_w_0.05,123,2021
Yellow Fever,0.6192443370819092,27,entropy_w_0.05,123,2021
AFP,0.5157796144485474,27,entropy_w_0.1,123,2021
CSM,0.9932677745819092,27,entropy_w_0.1,123,2021
Cholera,2.0261831283569336,27,entropy_w_0.1,123,2021
Lassa Fever,0.5619620084762573,27,entropy_w_0.1,123,2021
Measles,0.48653560876846313,27,entropy_w_0.1,123,2021
Mpox,0.6520033478736877,27,entropy_w_0.1,123,2021
Yellow Fever,0.6953057646751404,27,entropy_w_0.1,123,2021
AFP,0.4773712158203125,27,entropy_w_0.2,123,2021
CSM,0.912489652633667,27,entropy_w_0.2,123,2021
Cholera,2.280348777770996,27,entropy_w_0.2,123,2021
Lassa Fever,0.4291461706161499,27,entropy_w_0.2,123,2021
Measles,0.5045866370201111,27,entropy_w_0.2,123,2021
Mpox,0.6164288520812988,27,entropy_w_0.2,123,2021
Yellow Fever,0.6140940189361572,27,entropy_w_0.2,123,2021
AFP,0.3347587585449219,15,uniform_gate,123,2022
CSM,0.691697359085083,15,uniform_gate,123,2022
Cholera,1.14079749584198,15,uniform_gate,123,2022
Lassa Fever,0.16638511419296265,15,uniform_gate,123,2022
Measles,0.6841062307357788,15,uniform_gate,123,2022
Mpox,2.335331916809082,15,uniform_gate,123,2022
Yellow Fever,0.6557782292366028,15,uniform_gate,123,2022
AFP,0.33514460921287537,15,entropy_w_0.0,123,2022
CSM,0.6085894107818604,15,entropy_w_0.0,123,2022
Cholera,1.4141279458999634,15,entropy_w_0.0,123,2022
Lassa Fever,0.17252476513385773,15,entropy_w_0.0,123,2022
Measles,0.6220901608467102,15,entropy_w_0.0,123,2022
Mpox,2.4186389446258545,15,entropy_w_0.0,123,2022
Yellow Fever,0.5451499223709106,15,entropy_w_0.0,123,2022
AFP,0.38044473528862,15,entropy_w_0.02,123,2022
CSM,0.5035081505775452,15,entropy_w_0.02,123,2022
Cholera,1.8729667663574219,15,entropy_w_0.02,123,2022
Lassa Fever,0.26843613386154175,15,entropy_w_0.02,123,2022
Measles,0.7126463651657104,15,entropy_w_0.02,123,2022
Mpox,2.5782954692840576,15,entropy_w_0.02,123,2022
Yellow Fever,0.39932507276535034,15,entropy_w_0.02,123,2022
AFP,0.28850001096725464,15,entropy_w_0.05,123,2022
CSM,0.6533380746841431,15,entropy_w_0.05,123,2022
Cholera,1.1147595643997192,15,entropy_w_0.05,123,2022
Lassa Fever,0.18576599657535553,15,entropy_w_0.05,123,2022
Measles,0.5798088908195496,15,entropy_w_0.05,123,2022
Mpox,2.3092381954193115,15,entropy_w_0.05,123,2022
Yellow Fever,0.677932858467102,15,entropy_w_0.05,123,2022
AFP,0.37474027276039124,15,entropy_w_0.1,123,2022
CSM,0.5070757269859314,15,entropy_w_0.1,123,2022
Cholera,1.8294512033462524,15,entropy_w_0.1,123,2022
Lassa Fever,0.2743789851665497,15,entropy_w_0.1,123,2022
Measles,0.7076398730278015,15,entropy_w_0.1,123,2022
Mpox,2.5652923583984375,15,entropy_w_0.1,123,2022
Yellow Fever,0.4254228472709656,15,entropy_w_0.1,123,2022
AFP,0.5516880750656128,15,entropy_w_0.2,123,2022
CSM,0.5907726883888245,15,entropy_w_0.2,123,2022
Cholera,2.7052576541900635,15,entropy_w_0.2,123,2022
Lassa Fever,0.4839674234390259,15,entropy_w_0.2,123,2022
Measles,1.0627048015594482,15,entropy_w_0.2,123,2022
Mpox,2.7876665592193604,15,entropy_w_0.2,123,2022
Yellow Fever,0.33889085054397583,15,entropy_w_0.2,123,2022
AFP,0.800469160079956,22,uniform_gate,123,2023
CSM,1.218583106994629,22,uniform_gate,123,2023
Cholera,0.9889211654663086,22,uniform_gate,123,2023
Lassa Fever,0.3071882128715515,22,uniform_gate,123,2023
Measles,1.6265429258346558,22,uniform_gate,123,2023
Mpox,1.736060619354248,22,uniform_gate,123,2023
Yellow Fever,0.63740074634552,22,uniform_gate,123,2023
AFP,0.8017397522926331,22,entropy_w_0.0,123,2023
CSM,1.2130831480026245,22,entropy_w_0.0,123,2023
Cholera,1.009358286857605,22,entropy_w_0.0,123,2023
Lassa Fever,0.2936843931674957,22,entropy_w_0.0,123,2023
Measles,1.6371097564697266,22,entropy_w_0.0,123,2023
Mpox,1.7186537981033325,22,entropy_w_0.0,123,2023
Yellow Fever,0.6245419383049011,22,entropy_w_0.0,123,2023
AFP,0.8200336694717407,22,entropy_w_0.02,123,2023
CSM,1.1835402250289917,22,entropy_w_0.02,123,2023
Cholera,1.0022224187850952,22,entropy_w_0.02,123,2023
Lassa Fever,0.31316179037094116,22,entropy_w_0.02,123,2023
Measles,1.5914870500564575,22,entropy_w_0.02,123,2023
Mpox,1.72264564037323,22,entropy_w_0.02,123,2023
Yellow Fever,0.6483504176139832,22,entropy_w_0.02,123,2023
AFP,0.7973340749740601,22,entropy_w_0.05,123,2023
CSM,1.2930182218551636,22,entropy_w_0.05,123,2023
Cholera,1.126291275024414,22,entropy_w_0.05,123,2023
Lassa Fever,0.26725947856903076,22,entropy_w_0.05,123,2023
Measles,1.8529373407363892,22,entropy_w_0.05,123,2023
Mpox,1.6497821807861328,22,entropy_w_0.05,123,2023
Yellow Fever,0.6275031566619873,22,entropy_w_0.05,123,2023
AFP,0.810514509677887,22,entropy_w_0.1,123,2023
CSM,1.2250078916549683,22,entropy_w_0.1,123,2023
Cholera,0.9570735692977905,22,entropy_w_0.1,123,2023
Lassa Fever,0.300887793302536,22,entropy_w_0.1,123,2023
Measles,1.607800006866455,22,entropy_w_0.1,123,2023
Mpox,1.727765679359436,22,entropy_w_0.1,123,2023
Yellow Fever,0.6094716787338257,22,entropy_w_0.1,123,2023
AFP,0.8355771899223328,22,entropy_w_0.2,123,2023
CSM,1.2680280208587646,22,entropy_w_0.2,123,2023
Cholera,0.9666804671287537,22,entropy_w_0.2,123,2023
Lassa Fever,0.2877810001373291,22,entropy_w_0.2,123,2023
Measles,1.5952751636505127,22,entropy_w_0.2,123,2023
Mpox,1.6829413175582886,22,entropy_w_0.2,123,2023
Yellow Fever,0.5759409070014954,22,entropy_w_0.2,123,2023
AFP,0.524096667766571,42,uniform_gate,123,2024
CSM,1.7932628393173218,42,uniform_gate,123,2024
Cholera,1.5515007972717285,42,uniform_gate,123,2024
Lassa Fever,0.6419167518615723,42,uniform_gate,123,2024
Measles,0.9237844347953796,42,uniform_gate,123,2024
Mpox,2.076659679412842,42,uniform_gate,123,2024
Yellow Fever,0.4955488443374634,42,uniform_gate,123,2024
AFP,0.5776881575584412,42,entropy_w_0.0,123,2024
CSM,1.8903465270996094,42,entropy_w_0.0,123,2024
Cholera,1.8457860946655273,42,entropy_w_0.0,123,2024
Lassa Fever,0.745055615901947,42,entropy_w_0.0,123,2024
Measles,0.9215161204338074,42,entropy_w_0.0,123,2024
Mpox,2.3164451122283936,42,entropy_w_0.0,123,2024
Yellow Fever,0.6188699007034302,42,entropy_w_0.0,123,2024
AFP,0.5021512508392334,42,entropy_w_0.02,123,2024
CSM,1.7668700218200684,42,entropy_w_0.02,123,2024
Cholera,1.7453057765960693,42,entropy_w_0.02,123,2024
Lassa Fever,0.6719568967819214,42,entropy_w_0.02,123,2024
Measles,0.8540432453155518,42,entropy_w_0.02,123,2024
Mpox,2.1951169967651367,42,entropy_w_0.02,123,2024
Yellow Fever,0.5117550492286682,42,entropy_w_0.02,123,2024
AFP,0.5027433633804321,42,entropy_w_0.05,123,2024
CSM,1.7503952980041504,42,entropy_w_0.05,123,2024
Cholera,1.7453664541244507,42,entropy_w_0.05,123,2024
Lassa Fever,0.6264408230781555,42,entropy_w_0.05,123,2024
Measles,0.8760483264923096,42,entropy_w_0.05,123,2024
Mpox,2.089254140853882,42,entropy_w_0.05,123,2024
Yellow Fever,0.49183231592178345,42,entropy_w_0.05,123,2024
AFP,0.47405925393104553,42,entropy_w_0.1,123,2024
CSM,1.7098878622055054,42,entropy_w_0.1,123,2024
Cholera,1.6281152963638306,42,entropy_w_0.1,123,2024
Lassa Fever,0.6196949481964111,42,entropy_w_0.1,123,2024
Measles,0.8120911121368408,42,entropy_w_0.1,123,2024
Mpox,2.0616955757141113,42,entropy_w_0.1,123,2024
Yellow Fever,0.4597198963165283,42,entropy_w_0.1,123,2024
AFP,0.49561718106269836,42,entropy_w_0.2,123,2024
CSM,1.7618504762649536,42,entropy_w_0.2,123,2024
Cholera,1.7293628454208374,42,entropy_w_0.2,123,2024
Lassa Fever,0.678194522857666,42,entropy_w_0.2,123,2024
Measles,0.8455731272697449,42,entropy_w_0.2,123,2024
Mpox,2.220740556716919,42,entropy_w_0.2,123,2024
Yellow Fever,0.48290538787841797,42,entropy_w_0.2,123,2024
AFP,0.6433982253074646,52,uniform_gate,123,2025
CSM,1.7832483053207397,52,uniform_gate,123,2025
Cholera,1.604102611541748,52,uniform_gate,123,2025
Lassa Fever,0.43635308742523193,52,uniform_gate,123,2025
Measles,1.610559344291687,52,uniform_gate,123,2025
Mpox,1.9615098237991333,52,uniform_gate,123,2025
Yellow Fever,0.622780442237854,52,uniform_gate,123,2025
AFP,0.6725550889968872,52,entropy_w_0.0,123,2025
CSM,1.6405060291290283,52,entropy_w_0.0,123,2025
Cholera,1.7319880723953247,52,entropy_w_0.0,123,2025
Lassa Fever,0.4603535234928131,52,entropy_w_0.0,123,2025
Measles,1.4952589273452759,52,entropy_w_0.0,123,2025
Mpox,1.3833496570587158,52,entropy_w_0.0,123,2025
Yellow Fever,0.7693790793418884,52,entropy_w_0.0,123,2025
AFP,0.6772676706314087,52,entropy_w_0.02,123,2025
CSM,1.8245818614959717,52,entropy_w_0.02,123,2025
Cholera,1.5934841632843018,52,entropy_w_0.02,123,2025
Lassa Fever,0.3508751094341278,52,entropy_w_0.02,123,2025
Measles,1.772992491722107,52,entropy_w_0.02,123,2025
Mpox,1.680269718170166,52,entropy_w_0.02,123,2025
Yellow Fever,0.6924502849578857,52,entropy_w_0.02,123,2025
AFP,0.6577044725418091,52,entropy_w_0.05,123,2025
CSM,1.7408509254455566,52,entropy_w_0.05,123,2025
Cholera,1.639323115348816,52,entropy_w_0.05,123,2025
Lassa Fever,0.39636528491973877,52,entropy_w_0.05,123,2025
Measles,1.668999195098877,52,entropy_w_0.05,123,2025
Mpox,1.8347675800323486,52,entropy_w_0.05,123,2025
Yellow Fever,0.6646372675895691,52,entropy_w_0.05,123,2025
AFP,0.6405076384544373,52,entropy_w_0.1,123,2025
CSM,1.7194880247116089,52,entropy_w_0.1,123,2025
Cholera,1.6587889194488525,52,entropy_w_0.1,123,2025
Lassa Fever,0.4152620732784271,52,entropy_w_0.1,123,2025
Measles,1.638948917388916,52,entropy_w_0.1,123,2025
Mpox,1.866346836090088,52,entropy_w_0.1,123,2025
Yellow Fever,0.6637499332427979,52,entropy_w_0.1,123,2025
AFP,0.6198321580886841,52,entropy_w_0.2,123,2025
CSM,1.7746022939682007,52,entropy_w_0.2,123,2025
Cholera,1.5629438161849976,52,entropy_w_0.2,123,2025
Lassa Fever,0.35219764709472656,52,entropy_w_0.2,123,2025
Measles,1.7953578233718872,52,entropy_w_0.2,123,2025
Mpox,1.6516393423080444,52,entropy_w_0.2,123,2025
Yellow Fever,0.6945189833641052,52,entropy_w_0.2,123,2025
AFP,1.4815131425857544,9,uniform_gate,123,2026
CSM,0.7722417712211609,9,uniform_gate,123,2026
Cholera,1.41694974899292,9,uniform_gate,123,2026
Lassa Fever,0.7557122707366943,9,uniform_gate,123,2026
Measles,0.3194049298763275,9,uniform_gate,123,2026
Mpox,0.7796013951301575,9,uniform_gate,123,2026
Yellow Fever,0.6313953399658203,9,uniform_gate,123,2026
AFP,1.463864803314209,9,entropy_w_0.0,123,2026
CSM,0.45430055260658264,9,entropy_w_0.0,123,2026
Cholera,1.6005499362945557,9,entropy_w_0.0,123,2026
Lassa Fever,0.36846786737442017,9,entropy_w_0.0,123,2026
Measles,0.7477495074272156,9,entropy_w_0.0,123,2026
Mpox,0.4365205764770508,9,entropy_w_0.0,123,2026
Yellow Fever,0.5410538911819458,9,entropy_w_0.0,123,2026
AFP,1.47251558303833,9,entropy_w_0.02,123,2026
CSM,0.8824617862701416,9,entropy_w_0.02,123,2026
Cholera,2.123396635055542,9,entropy_w_0.02,123,2026
Lassa Fever,0.18549510836601257,9,entropy_w_0.02,123,2026
Measles,0.5722012519836426,9,entropy_w_0.02,123,2026
Mpox,1.325770378112793,9,entropy_w_0.02,123,2026
Yellow Fever,0.829809308052063,9,entropy_w_0.02,123,2026
AFP,1.5460199117660522,9,entropy_w_0.05,123,2026
CSM,0.2536154091358185,9,entropy_w_0.05,123,2026
Cholera,1.513434886932373,9,entropy_w_0.05,123,2026
Lassa Fever,0.47739654779434204,9,entropy_w_0.05,123,2026
Measles,0.5744140148162842,9,entropy_w_0.05,123,2026
Mpox,0.4413031041622162,9,entropy_w_0.05,123,2026
Yellow Fever,0.6585147976875305,9,entropy_w_0.05,123,2026
AFP,1.5833239555358887,9,entropy_w_0.1,123,2026
CSM,0.5539973378181458,9,entropy_w_0.1,123,2026
Cholera,1.4878432750701904,9,entropy_w_0.1,123,2026
Lassa Fever,0.6536296606063843,9,entropy_w_0.1,123,2026
Measles,0.424911767244339,9,entropy_w_0.1,123,2026
Mpox,0.6142928004264832,9,entropy_w_0.1,123,2026
Yellow Fever,0.6652783155441284,9,entropy_w_0.1,123,2026
AFP,1.6526280641555786,9,entropy_w_0.2,123,2026
CSM,0.5493901371955872,9,entropy_w_0.2,123,2026
Cholera,1.5833059549331665,9,entropy_w_0.2,123,2026
Lassa Fever,0.36790594458580017,9,entropy_w_0.2,123,2026
Measles,0.6024549007415771,9,entropy_w_0.2,123,2026
Mpox,0.3369816541671753,9,entropy_w_0.2,123,2026
Yellow Fever,0.7182762622833252,9,entropy_w_0.2,123,2026
AFP,0.24811117351055145,50,uniform_gate,2024,2020
CSM,1.0108600854873657,50,uniform_gate,2024,2020
Cholera,1.9758775234222412,50,uniform_gate,2024,2020
Lassa Fever,0.6125208139419556,50,uniform_gate,2024,2020
Measles,0.9600159525871277,50,uniform_gate,2024,2020
Mpox,0.800564706325531,50,uniform_gate,2024,2020
Yellow Fever,1.035706877708435,50,uniform_gate,2024,2020
AFP,0.2852143347263336,50,entropy_w_0.0,2024,2020
CSM,1.0645970106124878,50,entropy_w_0.0,2024,2020
Cholera,2.050006151199341,50,entropy_w_0.0,2024,2020
Lassa Fever,0.6127405762672424,50,entropy_w_0.0,2024,2020
Measles,1.0195858478546143,50,entropy_w_0.0,2024,2020
Mpox,0.8645918369293213,50,entropy_w_0.0,2024,2020
Yellow Fever,1.0739814043045044,50,entropy_w_0.0,2024,2020
AFP,0.29189184308052063,50,entropy_w_0.02,2024,2020
CSM,1.0560944080352783,50,entropy_w_0.02,2024,2020
Cholera,2.0659475326538086,50,entropy_w_0.02,2024,2020
Lassa Fever,0.6237779855728149,50,entropy_w_0.02,2024,2020
Measles,1.0610647201538086,50,entropy_w_0.02,2024,2020
Mpox,0.8650628924369812,50,entropy_w_0.02,2024,2020
Yellow Fever,1.0564574003219604,50,entropy_w_0.02,2024,2020
AFP,0.24386455118656158,50,entropy_w_0.05,2024,2020
CSM,0.9519447088241577,50,entropy_w_0.05,2024,2020
Cholera,1.8838309049606323,50,entropy_w_0.05,2024,2020
Lassa Fever,0.6091813445091248,50,entropy_w_0.05,2024,2020
Measles,0.8629347085952759,50,entropy_w_0.05,2024,2020
Mpox,0.713543713092804,50,entropy_w_0.05,2024,2020
Yellow Fever,1.0063189268112183,50,entropy_w_0.05,2024,2020
AFP,0.5200886130332947,50,entropy_w_0.1,2024,2020
CSM,1.2461674213409424,50,entropy_w_0.1,2024,2020
Cholera,2.2048418521881104,50,entropy_w_0.1,2024,2020
Lassa Fever,0.7551560401916504,50,entropy_w_0.1,2024,2020
Measles,1.7052665948867798,50,entropy_w_0.1,2024,2020
Mpox,1.1791656017303467,50,entropy_w_0.1,2024,2020
Yellow Fever,1.1623988151550293,50,entropy_w_0.1,2024,2020
AFP,0.32127752900123596,50,entropy_w_0.2,2024,2020
CSM,1.0732452869415283,50,entropy_w_0.2,2024,2020
Cholera,2.113588333129883,50,entropy_w_0.2,2024,2020
Lassa Fever,0.6159664988517761,50,entropy_w_0.2,2024,2020
Measles,0.9800106287002563,50,entropy_w_0.2,2024,2020
Mpox,0.8960835933685303,50,entropy_w_0.2,2024,2020
Yellow Fever,1.095597267150879,50,entropy_w_0.2,2024,2020
AFP,0.46397483348846436,27,uniform_gate,2024,2021
CSM,0.8996967077255249,27,uniform_gate,2024,2021
Cholera,2.3454535007476807,27,uniform_gate,2024,2021
Lassa Fever,0.38217297196388245,27,uniform_gate,2024,2021
Measles,0.5690653324127197,27,uniform_gate,2024,2021
Mpox,0.5976990461349487,27,uniform_gate,2024,2021
Yellow Fever,0.5889015793800354,27,uniform_gate,2024,2021
AFP,0.4716167449951172,27,entropy_w_0.0,2024,2021
CSM,0.8882535099983215,27,entropy_w_0.0,2024,2021
Cholera,2.195173501968384,27,entropy_w_0.0,2024,2021
Lassa Fever,0.4567604660987854,27,entropy_w_0.0,2024,2021
Measles,0.4705387353897095,27,entropy_w_0.0,2024,2021
Mpox,0.6283970475196838,27,entropy_w_0.0,2024,2021
Yellow Fever,0.603942334651947,27,entropy_w_0.0,2024,2021
AFP,0.4828498363494873,27,entropy_w_0.02,2024,2021
CSM,0.8289329409599304,27,entropy_w_0.02,2024,2021
Cholera,2.481044054031372,27,entropy_w_0.02,2024,2021
Lassa Fever,0.33549895882606506,27,entropy_w_0.02,2024,2021
Measles,0.5409227013587952,27,entropy_w_0.02,2024,2021
Mpox,0.6312153339385986,27,entropy_w_0.02,2024,2021
Yellow Fever,0.5500636100769043,27,entropy_w_0.02,2024,2021
AFP,0.46874597668647766,27,entropy_w_0.05,2024,2021
CSM,0.8241384029388428,27,entropy_w_0.05,2024,2021
Cholera,2.3404054641723633,27,entropy_w_0.05,2024,2021
Lassa Fever,0.39543724060058594,27,entropy_w_0.05,2024,2021
Measles,0.47908422350883484,27,entropy_w_0.05,2024,2021
Mpox,0.6411306858062744,27,entropy_w_0.05,2024,2021
Yellow Fever,0.5464901328086853,27,entropy_w_0.05,2024,2021
AFP,0.494838148355484,27,entropy_w_0.1,2024,2021
CSM,0.9384297728538513,27,entropy_w_0.1,2024,2021
Cholera,2.1487741470336914,27,entropy_w_0.1,2024,2021
Lassa Fever,0.4456901550292969,27,entropy_w_0.1,2024,2021
Measles,0.5475350022315979,27,entropy_w_0.1,2024,2021
Mpox,0.6185675859451294,27,entropy_w_0.1,2024,2021
Yellow Fever,0.6394830346107483,27,entropy_w_0.1,2024,2021
AFP,0.4962897002696991,27,entropy_w_0.2,2024,2021
CSM,0.9491456151008606,27,entropy_w_0.2,2024,2021
Cholera,2.094130754470825,27,entropy_w_0.2,2024,2021
Lassa Fever,0.535973310470581,27,entropy_w_0.2,2024,2021
Measles,0.46387192606925964,27,entropy_w_0.2,2024,2021
Mpox,0.6676549315452576,27,entropy_w_0.2,2024,2021
Yellow Fever,0.6531601548194885,27,entropy_w_0.2,2024,2021
AFP,0.3318291902542114,15,uniform_gate,2024,2022
CSM,0.5845138430595398,15,uniform_gate,2024,2022
Cholera,1.4349510669708252,15,uniform_gate,2024,2022
Lassa Fever,0.20740960538387299,15,uniform_gate,2024,2022
Measles,0.584552526473999,15,uniform_gate,2024,2022
Mpox,2.4373559951782227,15,uniform_gate,2024,2022
Yellow Fever,0.5462483763694763,15,uniform_gate,2024,2022
AFP,0.42712417244911194,15,entropy_w_0.0,2024,2022
CSM,0.5193951725959778,15,entropy_w_0.0,2024,2022
Cholera,2.1613097190856934,15,entropy_w_0.0,2024,2022
Lassa Fever,0.379765123128891,15,entropy_w_0.0,2024,2022
Measles,0.873589813709259,15,entropy_w_0.0,2024,2022
Mpox,2.6652777194976807,15,entropy_w_0.0,2024,2022
Yellow Fever,0.39426857233047485,15,entropy_w_0.0,2024,2022
AFP,0.32716575264930725,15,entropy_w_0.02,2024,2022
CSM,0.6525094509124756,15,entropy_w_0.02,2024,2022
Cholera,1.26410710811615,15,entropy_w_0.02,2024,2022
Lassa Fever,0.18787075579166412,15,entropy_w_0.02,2024,2022
Measles,0.6596224308013916,15,entropy_w_0.02,2024,2022
Mpox,2.3566110134124756,15,entropy_w_0.02,2024,2022
Yellow Fever,0.6268007159233093,15,entropy_w_0.02,2024,2022
AFP,0.37317389249801636,15,entropy_w_0.05,2024,2022
CSM,0.5862773656845093,15,entropy_w_0.05,2024,2022
Cholera,1.5627672672271729,15,entropy_w_0.05,2024,2022
Lassa Fever,0.19856767356395721,15,entropy_w_0.05,2024,2022
Measles,0.6540860533714294,15,entropy_w_0.05,2024,2022
Mpox,2.4784862995147705,15,entropy_w_0.05,2024,2022
Yellow Fever,0.5093449950218201,15,entropy_w_0.05,2024,2022
AFP,0.4117412269115448,15,entropy_w_0.1,2024,2022
CSM,0.5992603302001953,15,entropy_w_0.1,2024,2022
Cholera,1.921074390411377,15,entropy_w_0.1,2024,2022
Lassa Fever,0.25875794887542725,15,entropy_w_0.1,2024,2022
Measles,0.7681314945220947,15,entropy_w_0.1,2024,2022
Mpox,2.575737953186035,15,entropy_w_0.1,2024,2022
Yellow Fever,0.4535292983055115,15,entropy_w_0.1,2024,2022
AFP,0.40819182991981506,15,entropy_w_0.2,2024,2022
CSM,0.5242397785186768,15,entropy_w_0.2,2024,2022
Cholera,1.993788242340088,15,entropy_w_0.2,2024,2022
Lassa Fever,0.28744325041770935,15,entropy_w_0.2,2024,2022
Measles,0.7432871460914612,15,entropy_w_0.2,2024,2022
Mpox,2.6186280250549316,15,entropy_w_0.2,2024,2022
Yellow Fever,0.3738771378993988,15,entropy_w_0.2,2024,2022
AFP,0.7918196320533752,22,uniform_gate,2024,2023
CSM,1.2311209440231323,22,uniform_gate,2024,2023
Cholera,1.0548479557037354,22,uniform_gate,2024,2023
Lassa Fever,0.26280468702316284,22,uniform_gate,2024,2023
Measles,1.7234231233596802,22,uniform_gate,2024,2023
Mpox,1.7024612426757812,22,uniform_gate,2024,2023
Yellow Fever,0.6312463283538818,22,uniform_gate,2024,2023
AFP,0.7775382995605469,22,entropy_w_0.0,2024,2023
CSM,1.2946325540542603,22,entropy_w_0.0,2024,2023
Cholera,1.0646424293518066,22,entropy_w_0.0,2024,2023
Lassa Fever,0.2684534788131714,22,entropy_w_0.0,2024,2023
Measles,1.8013718128204346,22,entropy_w_0.0,2024,2023
Mpox,1.7074817419052124,22,entropy_w_0.0,2024,2023
Yellow Fever,0.5979238152503967,22,entropy_w_0.0,2024,2023
AFP,0.8072342276573181,22,entropy_w_0.02,2024,2023
CSM,1.2295503616333008,22,entropy_w_0.02,2024,2023
Cholera,0.9277510046958923,22,entropy_w_0.02,2024,2023
Lassa Fever,0.3231981098651886,22,entropy_w_0.02,2024,2023
Measles,1.5473999977111816,22,entropy_w_0.02,2024,2023
Mpox,1.7758105993270874,22,entropy_w_0.02,2024,2023
Yellow Fever,0.6160765886306763,22,entropy_w_0.02,2024,2023
AFP,0.8090487122535706,22,entropy_w_0.05,2024,2023
CSM,1.2064900398254395,22,entropy_w_0.05,2024,2023
Cholera,0.9817345142364502,22,entropy_w_0.05,2024,2023
Lassa Fever,0.29741957783699036,22,entropy_w_0.05,2024,2023
Measles,1.6333670616149902,22,entropy_w_0.05,2024,2023
Mpox,1.7268811464309692,22,entropy_w_0.05,2024,2023
Yellow Fever,0.6253524422645569,22,entropy_w_0.05,2024,2023
AFP,0.8179867267608643,22,entropy_w_0.1,2024,2023
CSM,1.177445888519287,22,entropy_w_0.1,2024,2023
Cholera,0.9639476537704468,22,entropy_w_0.1,2024,2023
Lassa Fever,0.3499354124069214,22,entropy_w_0.1,2024,2023
Measles,1.4944409132003784,22,entropy_w_0.1,2024,2023
Mpox,1.7903841733932495,22,entropy_w_0.1,2024,2023
Yellow Fever,0.6540083885192871,22,entropy_w_0.1,2024,2023
AFP,0.8173955678939819,22,entropy_w_0.2,2024,2023
CSM,1.2133060693740845,22,entropy_w_0.2,2024,2023
Cholera,1.0270514488220215,22,entropy_w_0.2,2024,2023
Lassa Fever,0.28790515661239624,22,entropy_w_0.2,2024,2023
Measles,1.6340107917785645,22,entropy_w_0.2,2024,2023
Mpox,1.692047119140625,22,entropy_w_0.2,2024,2023
Yellow Fever,0.5917664170265198,22,entropy_w_0.2,2024,2023
AFP,0.5364230275154114,42,uniform_gate,2024,2024
CSM,1.8129664659500122,42,uniform_gate,2024,2024
Cholera,1.6287469863891602,42,uniform_gate,2024,2024
Lassa Fever,0.6627964973449707,42,uniform_gate,2024,2024
Measles,0.9415434002876282,42,uniform_gate,2024,2024
Mpox,2.13839054107666,42,uniform_gate,2024,2024
Yellow Fever,0.5139867067337036,42,uniform_gate,2024,2024
AFP,0.636777400970459,42,entropy_w_0.0,2024,2024
CSM,1.7665964365005493,42,entropy_w_0.0,2024,2024
Cholera,1.7852659225463867,42,entropy_w_0.0,2024,2024
Lassa Fever,0.5886435508728027,42,entropy_w_0.0,2024,2024
Measles,0.7847667932510376,42,entropy_w_0.0,2024,2024
Mpox,2.1266815662384033,42,entropy_w_0.0,2024,2024
Yellow Fever,0.5277063846588135,42,entropy_w_0.0,2024,2024
AFP,0.49478721618652344,42,entropy_w_0.02,2024,2024
CSM,1.743277907371521,42,entropy_w_0.02,2024,2024
Cholera,1.519394874572754,42,entropy_w_0.02,2024,2024
Lassa Fever,0.6092544198036194,42,entropy_w_0.02,2024,2024
Measles,0.8759637475013733,42,entropy_w_0.02,2024,2024
Mpox,1.9695625305175781,42,entropy_w_0.02,2024,2024
Yellow Fever,0.4581987261772156,42,entropy_w_0.02,2024,2024
AFP,0.4920958876609802,42,entropy_w_0.05,2024,2024
CSM,1.7128621339797974,42,entropy_w_0.05,2024,2024
Cholera,1.5216349363327026,42,entropy_w_0.05,2024,2024
Lassa Fever,0.5702112913131714,42,entropy_w_0.05,2024,2024
Measles,0.901034951210022,42,entropy_w_0.05,2024,2024
Mpox,1.8099850416183472,42,entropy_w_0.05,2024,2024
Yellow Fever,0.4326992630958557,42,entropy_w_0.05,2024,2024
AFP,0.5391784310340881,42,entropy_w_0.1,2024,2024
CSM,1.6670153141021729,42,entropy_w_0.1,2024,2024
Cholera,1.2241119146347046,42,entropy_w_0.1,2024,2024
Lassa Fever,0.6469520330429077,42,entropy_w_0.1,2024,2024
Measles,0.89276522397995,42,entropy_w_0.1,2024,2024
Mpox,1.6904716491699219,42,entropy_w_0.1,2024,2024
Yellow Fever,0.6187446117401123,42,entropy_w_0.1,2024,2024
AFP,0.5513843297958374,42,entropy_w_0.2,2024,2024
CSM,1.8145214319229126,42,entropy_w_0.2,2024,2024
Cholera,1.5440469980239868,42,entropy_w_0.2,2024,2024
Lassa Fever,0.6456347107887268,42,entropy_w_0.2,2024,2024
Measles,0.9298605918884277,42,entropy_w_0.2,2024,2024
Mpox,2.08245587348938,42,entropy_w_0.2,2024,2024
Yellow Fever,0.5295460820198059,42,entropy_w_0.2,2024,2024
AFP,0.6325433254241943,52,uniform_gate,2024,2025
CSM,1.755920171737671,52,uniform_gate,2024,2025
Cholera,1.6077625751495361,52,uniform_gate,2024,2025
Lassa Fever,0.4006018042564392,52,uniform_gate,2024,2025
Measles,1.70652174949646,52,uniform_gate,2024,2025
Mpox,1.8220487833023071,52,uniform_gate,2024,2025
Yellow Fever,0.6697341203689575,52,uniform_gate,2024,2025
AFP,0.6555256247520447,52,entropy_w_0.0,2024,2025
CSM,1.761561632156372,52,entropy_w_0.0,2024,2025
Cholera,1.651357889175415,52,entropy_w_0.0,2024,2025
Lassa Fever,0.302799254655838,52,entropy_w_0.0,2024,2025
Measles,1.8640497922897339,52,entropy_w_0.0,2024,2025
Mpox,1.5334748029708862,52,entropy_w_0.0,2024,2025
Yellow Fever,0.7351204752922058,52,entropy_w_0.0,2024,2025
AFP,0.6720317006111145,52,entropy_w_0.02,2024,2025
CSM,1.7673132419586182,52,entropy_w_0.02,2024,2025
Cholera,1.5985546112060547,52,entropy_w_0.02,2024,2025
Lassa Fever,0.35797789692878723,52,entropy_w_0.02,2024,2025
Measles,1.7347207069396973,52,entropy_w_0.02,2024,2025
Mpox,1.0671337842941284,52,entropy_w_0.02,2024,2025
Yellow Fever,0.7774308323860168,52,entropy_w_0.02,2024,2025
AFP,0.6948499083518982,52,entropy_w_0.05,2024,2025
CSM,1.7628508806228638,52,entropy_w_0.05,2024,2025
Cholera,1.551352620124817,52,entropy_w_0.05,2024,2025
Lassa Fever,0.5729522109031677,52,entropy_w_0.05,2024,2025
Measles,1.3723849058151245,52,entropy_w_0.05,2024,2025
Mpox,1.5951497554779053,52,entropy_w_0.05,2024,2025
Yellow Fever,0.646190345287323,52,entropy_w_0.05,2024,2025
AFP,0.6438077092170715,52,entropy_w_0.1,2024,2025
CSM,1.927529215812683,52,entropy_w_0.1,2024,2025
Cholera,1.5319995880126953,52,entropy_w_0.1,2024,2025
Lassa Fever,0.4345870316028595,52,entropy_w_0.1,2024,2025
Measles,1.8392916917800903,52,entropy_w_0.1,2024,2025
Mpox,1.644789457321167,52,entropy_w_0.1,2024,2025
Yellow Fever,0.7059563398361206,52,entropy_w_0.1,2024,2025
AFP,0.6674702763557434,52,entropy_w_0.2,2024,2025
CSM,1.8872413635253906,52,entropy_w_0.2,2024,2025
Cholera,1.4863077402114868,52,entropy_w_0.2,2024,2025
Lassa Fever,0.34894007444381714,52,entropy_w_0.2,2024,2025
Measles,2.0004968643188477,52,entropy_w_0.2,2024,2025
Mpox,1.352951169013977,52,entropy_w_0.2,2024,2025
Yellow Fever,0.7794152498245239,52,entropy_w_0.2,2024,2025
AFP,1.49480140209198,9,uniform_gate,2024,2026
CSM,0.7429640889167786,9,uniform_gate,2024,2026
Cholera,1.395967960357666,9,uniform_gate,2024,2026
Lassa Fever,0.7555553913116455,9,uniform_gate,2024,2026
Measles,0.31295931339263916,9,uniform_gate,2024,2026
Mpox,0.7506061792373657,9,uniform_gate,2024,2026
Yellow Fever,0.6448424458503723,9,uniform_gate,2024,2026
AFP,1.2030143737792969,9,entropy_w_0.0,2024,2026
CSM,0.8934478759765625,9,entropy_w_0.0,2024,2026
Cholera,0.9373700022697449,9,entropy_w_0.0,2024,2026
Lassa Fever,0.7290403246879578,9,entropy_w_0.0,2024,2026
Measles,0.5509023070335388,9,entropy_w_0.0,2024,2026
Mpox,0.4069017171859741,9,entropy_w_0.0,2024,2026
Yellow Fever,0.43483367562294006,9,entropy_w_0.0,2024,2026
AFP,1.58052659034729,9,entropy_w_0.02,2024,2026
CSM,0.56245356798172,9,entropy_w_0.02,2024,2026
Cholera,1.5692801475524902,9,entropy_w_0.02,2024,2026
Lassa Fever,0.6891995072364807,9,entropy_w_0.02,2024,2026
Measles,0.3977431058883667,9,entropy_w_0.02,2024,2026
Mpox,0.5981488823890686,9,entropy_w_0.02,2024,2026
Yellow Fever,0.7275855541229248,9,entropy_w_0.02,2024,2026
AFP,1.623666763305664,9,entropy_w_0.05,2024,2026
CSM,0.48011377453804016,9,entropy_w_0.05,2024,2026
Cholera,1.683829426765442,9,entropy_w_0.05,2024,2026
Lassa Fever,0.6417128443717957,9,entropy_w_0.05,2024,2026
Measles,0.4814950227737427,9,entropy_w_0.05,2024,2026
Mpox,0.48765838146209717,9,entropy_w_0.05,2024,2026
Yellow Fever,0.7766689658164978,9,entropy_w_0.05,2024,2026
AFP,1.7900941371917725,9,entropy_w_0.1,2024,2026
CSM,0.23926538228988647,9,entropy_w_0.1,2024,2026
Cholera,2.3635106086730957,9,entropy_w_0.1,2024,2026
Lassa Fever,0.46977609395980835,9,entropy_w_0.1,2024,2026
Measles,0.5497573018074036,9,entropy_w_0.1,2024,2026
Mpox,0.5116088390350342,9,entropy_w_0.1,2024,2026
Yellow Fever,0.7574427723884583,9,entropy_w_0.1,2024,2026
AFP,1.4354939460754395,9,entropy_w_0.2,2024,2026
CSM,0.8740020394325256,9,entropy_w_0.2,2024,2026
Cholera,1.4189491271972656,9,entropy_w_0.2,2024,2026
Lassa Fever,0.7975382208824158,9,entropy_w_0.2,2024,2026
Measles,0.2657921016216278,9,entropy_w_0.2,2024,2026
Mpox,0.9260456562042236,9,entropy_w_0.2,2024,2026
Yellow Fever,0.5845416188240051,9,entropy_w_0.2,2024,2026
