disease,MAE,n,variant,seed_run,fold_test_year,horizon
AFP,0.2756091058254242,50,learned_gate,42,2020,1
CSM,1.057400107383728,50,learned_gate,42,2020,1
Cholera,2.0483012199401855,50,learned_gate,42,2020,1
Lassa Fever,0.6201528310775757,50,learned_gate,42,2020,1
Measles,1.065475344657898,50,learned_gate,42,2020,1
Mpox,0.8662654161453247,50,learned_gate,42,2020,1
Yellow Fever,1.0625592470169067,50,learned_gate,42,2020,1
AFP,0.26759135723114014,50,uniform_gate,42,2020,1
CSM,1.0123567581176758,50,uniform_gate,42,2020,1
Cholera,1.9649107456207275,50,uniform_gate,42,2020,1
Lassa Fever,0.5997423529624939,50,uniform_gate,42,2020,1
Measles,0.9093134999275208,50,uniform_gate,42,2020,1
Mpox,0.7996739745140076,50,uniform_gate,42,2020,1
Yellow Fever,1.0362443923950195,50,uniform_gate,42,2020,1
AFP,0.43331578373908997,27,learned_gate,42,2021,1
CSM,0.8497916460037231,27,learned_gate,42,2021,1
Cholera,2.3443830013275146,27,learned_gate,42,2021,1
Lassa Fever,0.4454664885997772,27,learned_gate,42,2021,1
Measles,0.5125846266746521,27,learned_gate,42,2021,1
Mpox,0.6622610688209534,27,learned_gate,42,2021,1
Yellow Fever,0.534038245677948,27,learned_gate,42,2021,1
AFP,0.49340713024139404,27,uniform_gate,42,2021,1
CSM,0.928061306476593,27,uniform_gate,42,2021,1
Cholera,2.18017315864563,27,uniform_gate,42,2021,1
Lassa Fever,0.447329580783844,27,uniform_gate,42,2021,1
Measles,0.4918384552001953,27,uniform_gate,42,2021,1
Mpox,0.6081795692443848,27,uniform_gate,42,2021,1
Yellow Fever,0.6384456157684326,27,uniform_gate,42,2021,1
AFP,0.37170615792274475,15,learned_gate,42,2022,1
CSM,0.641279935836792,15,learned_gate,42,2022,1
Cholera,1.5486257076263428,15,learned_gate,42,2022,1
Lassa Fever,0.19255733489990234,15,learned_gate,42,2022,1
Measles,0.726947009563446,15,learned_gate,42,2022,1
Mpox,2.4517059326171875,15,learned_gate,42,2022,1
Yellow Fever,0.5409393310546875,15,learned_gate,42,2022,1
AFP,0.3085860013961792,15,uniform_gate,42,2022,1
CSM,0.5727756023406982,15,uniform_gate,42,2022,1
Cholera,1.3545035123825073,15,uniform_gate,42,2022,1
Lassa Fever,0.20014041662216187,15,uniform_gate,42,2022,1
Measles,0.5768039226531982,15,uniform_gate,42,2022,1
Mpox,2.404240846633911,15,uniform_gate,42,2022,1
Yellow Fever,0.5734421610832214,15,uniform_gate,42,2022,1
AFP,0.8424441814422607,22,learned_gate,42,2023,1
CSM,1.227396845817566,22,learned_gate,42,2023,1
Cholera,0.9645838141441345,22,learned_gate,42,2023,1
Lassa Fever,0.33938348293304443,22,learned_gate,42,2023,1
Measles,1.5396751165390015,22,learned_gate,42,2023,1
Mpox,1.7695003747940063,22,learned_gate,42,2023,1
Yellow Fever,0.6163210272789001,22,learned_gate,42,2023,1
AFP,0.8249267935752869,22,uniform_gate,42,2023,1
CSM,1.2318273782730103,22,uniform_gate,42,2023,1
Cholera,0.9702091813087463,22,uniform_gate,42,2023,1
Lassa Fever,0.31231069564819336,22,uniform_gate,42,2023,1
Measles,1.5682330131530762,22,uniform_gate,42,2023,1
Mpox,1.7302024364471436,22,uniform_gate,42,2023,1
Yellow Fever,0.6009660363197327,22,uniform_gate,42,2023,1
AFP,0.5339938998222351,42,learned_gate,42,2024,1
CSM,1.7921788692474365,42,learned_gate,42,2024,1
Cholera,1.412543535232544,42,learned_gate,42,2024,1
Lassa Fever,0.6344380378723145,42,learned_gate,42,2024,1
Measles,0.9443447589874268,42,learned_gate,42,2024,1
Mpox,1.876691222190857,42,learned_gate,42,2024,1
Yellow Fever,0.4710133373737335,42,learned_gate,42,2024,1
AFP,0.5145955085754395,42,uniform_gate,42,2024,1
CSM,1.7809967994689941,42,uniform_gate,42,2024,1
Cholera,1.4992083311080933,42,uniform_gate,42,2024,1
Lassa Fever,0.6310046315193176,42,uniform_gate,42,2024,1
Measles,0.9062690734863281,42,uniform_gate,42,2024,1
Mpox,2.043529748916626,42,uniform_gate,42,2024,1
Yellow Fever,0.47642627358436584,42,uniform_gate,42,2024,1
AFP,0.6057837009429932,52,learned_gate,42,2025,1
CSM,1.8027164936065674,52,learned_gate,42,2025,1
Cholera,1.8403878211975098,52,learned_gate,42,2025,1
Lassa Fever,0.5370208621025085,52,learned_gate,42,2025,1
Measles,1.300199031829834,52,learned_gate,42,2025,1
Mpox,2.069946765899658,52,learned_gate,42,2025,1
Yellow Fever,0.6388749480247498,52,learned_gate,42,2025,1
AFP,0.6604031920433044,52,uniform_gate,42,2025,1
CSM,1.7290440797805786,52,uniform_gate,42,2025,1
Cholera,1.6692949533462524,52,uniform_gate,42,2025,1
Lassa Fever,0.34892845153808594,52,uniform_gate,42,2025,1
Measles,1.7403559684753418,52,uniform_gate,42,2025,1
Mpox,1.7239429950714111,52,uniform_gate,42,2025,1
Yellow Fever,0.6727603673934937,52,uniform_gate,42,2025,1
AFP,1.2392164468765259,9,learned_gate,42,2026,1
CSM,1.0567030906677246,9,learned_gate,42,2026,1
Cholera,1.260240077972412,9,learned_gate,42,2026,1
Lassa Fever,0.7107135057449341,9,learned_gate,42,2026,1
Measles,0.6826266646385193,9,learned_gate,42,2026,1
Mpox,0.874050498008728,9,learned_gate,42,2026,1
Yellow Fever,0.557084858417511,9,learned_gate,42,2026,1
AFP,1.4992567300796509,9,uniform_gate,42,2026,1
CSM,0.7331481575965881,9,uniform_gate,42,2026,1
Cholera,1.5858529806137085,9,uniform_gate,42,2026,1
Lassa Fever,0.7397334575653076,9,uniform_gate,42,2026,1
Measles,0.2496090978384018,9,uniform_gate,42,2026,1
Mpox,0.7408848404884338,9,uniform_gate,42,2026,1
Yellow Fever,0.6493510007858276,9,uniform_gate,42,2026,1
AFP,0.35225817561149597,50,learned_gate,123,2020,1
CSM,1.1088519096374512,50,learned_gate,123,2020,1
Cholera,2.1524689197540283,50,learned_gate,123,2020,1
Lassa Fever,0.6061390042304993,50,learned_gate,123,2020,1
Measles,1.0558890104293823,50,learned_gate,123,2020,1
Mpox,0.9569697380065918,50,learned_gate,123,2020,1
Yellow Fever,1.1186798810958862,50,learned_gate,123,2020,1
AFP,0.2790061831474304,50,uniform_gate,123,2020,1
CSM,1.044305443763733,50,uniform_gate,123,2020,1
Cholera,2.0051026344299316,50,uniform_gate,123,2020,1
Lassa Fever,0.6038534641265869,50,uniform_gate,123,2020,1
Measles,1.018379807472229,50,uniform_gate,123,2020,1
Mpox,0.8453434109687805,50,uniform_gate,123,2020,1
Yellow Fever,1.0440927743911743,50,uniform_gate,123,2020,1
AFP,0.44036394357681274,27,learned_gate,123,2021,1
CSM,0.8879305720329285,27,learned_gate,123,2021,1
Cholera,2.312331438064575,27,learned_gate,123,2021,1
Lassa Fever,0.4506455957889557,27,learned_gate,123,2021,1
Measles,0.5224106311798096,27,learned_gate,123,2021,1
Mpox,0.6315160393714905,27,learned_gate,123,2021,1
Yellow Fever,0.562960684299469,27,learned_gate,123,2021,1
AFP,0.47078415751457214,27,uniform_gate,123,2021,1
CSM,0.8526710867881775,27,uniform_gate,123,2021,1
Cholera,2.3490564823150635,27,uniform_gate,123,2021,1
Lassa Fever,0.3548591732978821,27,uniform_gate,123,2021,1
Measles,0.528719425201416,27,uniform_gate,123,2021,1
Mpox,0.6177801489830017,27,uniform_gate,123,2021,1
Yellow Fever,0.5584986805915833,27,uniform_gate,123,2021,1
AFP,0.36245447397232056,15,learned_gate,123,2022,1
CSM,0.6568834781646729,15,learned_gate,123,2022,1
Cholera,1.4506539106369019,15,learned_gate,123,2022,1
Lassa Fever,0.16327647864818573,15,learned_gate,123,2022,1
Measles,0.7057257294654846,15,learned_gate,123,2022,1
Mpox,2.4319844245910645,15,learned_gate,123,2022,1
Yellow Fever,0.5542513132095337,15,learned_gate,123,2022,1
AFP,0.3131410479545593,15,uniform_gate,123,2022,1
CSM,0.6600773930549622,15,uniform_gate,123,2022,1
Cholera,1.2163385152816772,15,uniform_gate,123,2022,1
Lassa Fever,0.17070576548576355,15,uniform_gate,123,2022,1
Measles,0.654788613319397,15,uniform_gate,123,2022,1
Mpox,2.345719575881958,15,uniform_gate,123,2022,1
Yellow Fever,0.6455934047698975,15,uniform_gate,123,2022,1
AFP,0.8159807324409485,22,learned_gate,123,2023,1
CSM,1.2247411012649536,22,learned_gate,123,2023,1
Cholera,0.9518129825592041,22,learned_gate,123,2023,1
Lassa Fever,0.3206588923931122,22,learned_gate,123,2023,1
Measles,1.5639910697937012,22,learned_gate,123,2023,1
Mpox,1.760105848312378,22,learned_gate,123,2023,1
Yellow Fever,0.6163851022720337,22,learned_gate,123,2023,1
AFP,0.7853752374649048,22,uniform_gate,123,2023,1
CSM,1.2746020555496216,22,uniform_gate,123,2023,1
Cholera,0.9931955337524414,22,uniform_gate,123,2023,1
Lassa Fever,0.26642391085624695,22,uniform_gate,123,2023,1
Measles,1.7398765087127686,22,uniform_gate,123,2023,1
Mpox,1.708428978919983,22,uniform_gate,123,2023,1
Yellow Fever,0.6089171767234802,22,uniform_gate,123,2023,1
AFP,0.5560002326965332,42,learned_gate,123,2024,1
CSM,1.8270699977874756,42,learned_gate,123,2024,1
Cholera,1.6668752431869507,42,learned_gate,123,2024,1
Lassa Fever,0.6574576497077942,42,learned_gate,123,2024,1
Measles,0.9109772443771362,42,learned_gate,123,2024,1
Mpox,2.1536736488342285,42,learned_gate,123,2024,1
Yellow Fever,0.5471293330192566,42,learned_gate,123,2024,1
AFP,0.5898692011833191,42,uniform_gate,123,2024,1
CSM,1.8529378175735474,42,uniform_gate,123,2024,1
Cholera,1.8979887962341309,42,uniform_gate,123,2024,1
Lassa Fever,0.717590868473053,42,uniform_gate,123,2024,1
Measles,0.9436076283454895,42,uniform_gate,123,2024,1
Mpox,2.3242838382720947,42,uniform_gate,123,2024,1
Yellow Fever,0.6049872636795044,42,uniform_gate,123,2024,1
AFP,0.6450987458229065,52,learned_gate,123,2025,1
CSM,1.9705429077148438,52,learned_gate,123,2025,1
Cholera,1.6046371459960938,52,learned_gate,123,2025,1
Lassa Fever,0.6454203724861145,52,learned_gate,123,2025,1
Measles,1.8107035160064697,52,learned_gate,123,2025,1
Mpox,0.8370698690414429,52,learned_gate,123,2025,1
Yellow Fever,0.731250524520874,52,learned_gate,123,2025,1
AFP,0.6634998917579651,52,uniform_gate,123,2025,1
CSM,1.8053920269012451,52,uniform_gate,123,2025,1
Cholera,1.5973032712936401,52,uniform_gate,123,2025,1
Lassa Fever,0.39858242869377136,52,uniform_gate,123,2025,1
Measles,1.6951844692230225,52,uniform_gate,123,2025,1
Mpox,1.8239763975143433,52,uniform_gate,123,2025,1
Yellow Fever,0.6516658067703247,52,uniform_gate,123,2025,1
AFP,1.5727909803390503,9,learned_gate,123,2026,1
CSM,0.595213770866394,9,learned_gate,123,2026,1
Cholera,1.6752946376800537,9,learned_gate,123,2026,1
Lassa Fever,0.6706387996673584,9,learned_gate,123,2026,1
Measles,0.39716053009033203,9,learned_gate,123,2026,1
Mpox,0.6647565364837646,9,learned_gate,123,2026,1
Yellow Fever,0.7339860200881958,9,learned_gate,123,2026,1
AFP,1.5454912185668945,9,uniform_gate,123,2026,1
CSM,0.6312825679779053,9,uniform_gate,123,2026,1
Cholera,1.5334054231643677,9,uniform_gate,123,2026,1
Lassa Fever,0.7094342112541199,9,uniform_gate,123,2026,1
Measles,0.3462163507938385,9,uniform_gate,123,2026,1
Mpox,0.6400018334388733,9,uniform_gate,123,2026,1
Yellow Fever,0.6961379647254944,9,uniform_gate,123,2026,1
AFP,0.27343112230300903,50,learned_gate,2024,2020,1
CSM,1.0286688804626465,50,learned_gate,2024,2020,1
Cholera,1.9930366277694702,50,learned_gate,2024,2020,1
Lassa Fever,0.6056153774261475,50,learned_gate,2024,2020,1
Measles,0.999849259853363,50,learned_gate,2024,2020,1
Mpox,0.8251643180847168,50,learned_gate,2024,2020,1
Yellow Fever,1.0310966968536377,50,learned_gate,2024,2020,1
AFP,0.25146549940109253,50,uniform_gate,2024,2020,1
CSM,0.9834554195404053,50,uniform_gate,2024,2020,1
Cholera,1.913332223892212,50,uniform_gate,2024,2020,1
Lassa Fever,0.6048539876937866,50,uniform_gate,2024,2020,1
Measles,0.9355278015136719,50,uniform_gate,2024,2020,1
Mpox,0.7494194507598877,50,uniform_gate,2024,2020,1
Yellow Fever,0.9995642900466919,50,uniform_gate,2024,2020,1
AFP,0.49410805106163025,27,learned_gate,2024,2021,1
CSM,0.9417533874511719,27,learned_gate,2024,2021,1
Cholera,2.1843791007995605,27,learned_gate,2024,2021,1
Lassa Fever,0.45327484607696533,27,learned_gate,2024,2021,1
Measles,0.5642589926719666,27,learned_gate,2024,2021,1
Mpox,0.6324511766433716,27,learned_gate,2024,2021,1
Yellow Fever,0.6355988383293152,27,learned_gate,2024,2021,1
AFP,0.4479701519012451,27,uniform_gate,2024,2021,1
CSM,0.8873608708381653,27,uniform_gate,2024,2021,1
Cholera,2.462852954864502,27,uniform_gate,2024,2021,1
Lassa Fever,0.3125614523887634,27,uniform_gate,2024,2021,1
Measles,0.5916094183921814,27,uniform_gate,2024,2021,1
Mpox,0.5631430149078369,27,uniform_gate,2024,2021,1
Yellow Fever,0.5697087049484253,27,uniform_gate,2024,2021,1
AFP,0.34832245111465454,15,learned_gate,2024,2022,1
CSM,0.6468194127082825,15,learned_gate,2024,2022,1
Cholera,1.53329336643219,15,learned_gate,2024,2022,1
Lassa Fever,0.18920570611953735,15,learned_gate,2024,2022,1
Measles,0.6662350296974182,15,learned_gate,2024,2022,1
Mpox,2.452176809310913,15,learned_gate,2024,2022,1
Yellow Fever,0.5414357781410217,15,learned_gate,2024,2022,1
AFP,0.3406321108341217,15,uniform_gate,2024,2022,1
CSM,0.5587515234947205,15,uniform_gate,2024,2022,1
Cholera,1.5512573719024658,15,uniform_gate,2024,2022,1
Lassa Fever,0.22399988770484924,15,uniform_gate,2024,2022,1
Measles,0.6129471063613892,15,uniform_gate,2024,2022,1
Mpox,2.4798128604888916,15,uniform_gate,2024,2022,1
Yellow Fever,0.511471152305603,15,uniform_gate,2024,2022,1
AFP,0.7950583100318909,22,learned_gate,2024,2023,1
CSM,1.246101975440979,22,learned_gate,2024,2023,1
Cholera,1.037177562713623,22,learned_gate,2024,2023,1
Lassa Fever,0.29227161407470703,22,learned_gate,2024,2023,1
Measles,1.7412480115890503,22,learned_gate,2024,2023,1
Mpox,1.7281731367111206,22,learned_gate,2024,2023,1
Yellow Fever,0.631514847278595,22,learned_gate,2024,2023,1
AFP,0.8258945941925049,22,uniform_gate,2024,2023,1
CSM,1.2119084596633911,22,uniform_gate,2024,2023,1
Cholera,0.9617902636528015,22,uniform_gate,2024,2023,1
Lassa Fever,0.33928683400154114,22,uniform_gate,2024,2023,1
Measles,1.5470503568649292,22,uniform_gate,2024,2023,1
Mpox,1.7772934436798096,22,uniform_gate,2024,2023,1
Yellow Fever,0.636676549911499,22,uniform_gate,2024,2023,1
AFP,0.5587146878242493,42,learned_gate,2024,2024,1
CSM,1.8439481258392334,42,learned_gate,2024,2024,1
Cholera,1.430220127105713,42,learned_gate,2024,2024,1
Lassa Fever,0.624457061290741,42,learned_gate,2024,2024,1
Measles,1.0095478296279907,42,learned_gate,2024,2024,1
Mpox,1.8978211879730225,42,learned_gate,2024,2024,1
Yellow Fever,0.5067182183265686,42,learned_gate,2024,2024,1
AFP,0.4799577295780182,42,uniform_gate,2024,2024,1
CSM,1.714935541152954,42,uniform_gate,2024,2024,1
Cholera,1.6281312704086304,42,uniform_gate,2024,2024,1
Lassa Fever,0.6066991686820984,42,uniform_gate,2024,2024,1
Measles,0.8480007648468018,42,uniform_gate,2024,2024,1
Mpox,2.0237081050872803,42,uniform_gate,2024,2024,1
Yellow Fever,0.4525454044342041,42,uniform_gate,2024,2024,1
AFP,0.7713502645492554,52,learned_gate,2024,2025,1
CSM,1.694379210472107,52,learned_gate,2024,2025,1
Cholera,2.0036187171936035,52,learned_gate,2024,2025,1
Lassa Fever,0.5075792074203491,52,learned_gate,2024,2025,1
Measles,1.5717854499816895,52,learned_gate,2024,2025,1
Mpox,0.8982009291648865,52,learned_gate,2024,2025,1
Yellow Fever,0.7934837937355042,52,learned_gate,2024,2025,1
AFP,0.6346813440322876,52,uniform_gate,2024,2025,1
CSM,1.8105555772781372,52,uniform_gate,2024,2025,1
Cholera,1.5131608247756958,52,uniform_gate,2024,2025,1
Lassa Fever,0.3728424310684204,52,uniform_gate,2024,2025,1
Measles,1.7464520931243896,52,uniform_gate,2024,2025,1
Mpox,1.7196986675262451,52,uniform_gate,2024,2025,1
Yellow Fever,0.6623731851577759,52,uniform_gate,2024,2025,1
AFP,1.3419698476791382,9,learned_gate,2024,2026,1
CSM,0.725852370262146,9,learned_gate,2024,2026,1
Cholera,1.2099802494049072,9,learned_gate,2024,2026,1
Lassa Fever,0.5827792286872864,9,learned_gate,2024,2026,1
Measles,0.35841888189315796,9,learned_gate,2024,2026,1
Mpox,0.404715895652771,9,learned_gate,2024,2026,1
Yellow Fever,0.373198002576828,9,learned_gate,2024,2026,1
AFP,1.4488658905029297,9,uniform_gate,2024,2026,1
CSM,0.844170868396759,9,uniform_gate,2024,2026,1
Cholera,1.4665807485580444,9,uniform_gate,2024,2026,1
Lassa Fever,0.7851117253303528,9,uniform_gate,2024,2026,1
Measles,0.18553712964057922,9,uniform_gate,2024,2026,1
Mpox,0.8508366346359253,9,uniform_gate,2024,2026,1
Yellow Fever,0.5983582139015198,9,uniform_gate,2024,2026,1
AFP,0.4064590334892273,50,learned_gate,42,2020,4
CSM,1.1749293804168701,50,learned_gate,42,2020,4
Cholera,2.310516834259033,50,learned_gate,42,2020,4
Lassa Fever,0.6390495896339417,50,learned_gate,42,2020,4
Measles,1.299904227256775,50,learned_gate,42,2020,4
Mpox,1.0317013263702393,50,learned_gate,42,2020,4
Yellow Fever,1.0960808992385864,50,learned_gate,42,2020,4
AFP,0.33921927213668823,50,uniform_gate,42,2020,4
CSM,1.1078293323516846,50,uniform_gate,42,2020,4
Cholera,2.2092182636260986,50,uniform_gate,42,2020,4
Lassa Fever,0.626571536064148,50,uniform_gate,42,2020,4
Measles,1.1519007682800293,50,uniform_gate,42,2020,4
Mpox,0.9361711144447327,50,uniform_gate,42,2020,4
Yellow Fever,1.0590643882751465,50,uniform_gate,42,2020,4
AFP,0.4499625861644745,27,learned_gate,42,2021,4
CSM,0.874779999256134,27,learned_gate,42,2021,4
Cholera,2.4802920818328857,27,learned_gate,42,2021,4
Lassa Fever,0.30176034569740295,27,learned_gate,42,2021,4
Measles,0.6303207874298096,27,learned_gate,42,2021,4
Mpox,0.5666226744651794,27,learned_gate,42,2021,4
Yellow Fever,0.5392191410064697,27,learned_gate,42,2021,4
AFP,0.4412553608417511,27,uniform_gate,42,2021,4
CSM,0.7600078582763672,27,uniform_gate,42,2021,4
Cholera,2.699315071105957,27,uniform_gate,42,2021,4
Lassa Fever,0.24598093330860138,27,uniform_gate,42,2021,4
Measles,0.5798865556716919,27,uniform_gate,42,2021,4
Mpox,0.6184343695640564,27,uniform_gate,42,2021,4
Yellow Fever,0.448590487241745,27,uniform_gate,42,2021,4
AFP,0.33116137981414795,15,learned_gate,42,2022,4
CSM,0.5852406620979309,15,learned_gate,42,2022,4
Cholera,1.610266089439392,15,learned_gate,42,2022,4
Lassa Fever,0.20137551426887512,15,learned_gate,42,2022,4
Measles,0.6180488467216492,15,learned_gate,42,2022,4
Mpox,2.4578330516815186,15,learned_gate,42,2022,4
Yellow Fever,0.5577342510223389,15,learned_gate,42,2022,4
AFP,0.41945040225982666,15,uniform_gate,42,2022,4
CSM,0.4846115708351135,15,uniform_gate,42,2022,4
Cholera,2.1129140853881836,15,uniform_gate,42,2022,4
Lassa Fever,0.3341836631298065,15,uniform_gate,42,2022,4
Measles,0.7547261714935303,15,uniform_gate,42,2022,4
Mpox,2.6644859313964844,15,uniform_gate,42,2022,4
Yellow Fever,0.3502720594406128,15,uniform_gate,42,2022,4
AFP,0.790706217288971,22,learned_gate,42,2023,4
CSM,1.3144609928131104,22,learned_gate,42,2023,4
Cholera,1.0547184944152832,22,learned_gate,42,2023,4
Lassa Fever,0.2808232605457306,22,learned_gate,42,2023,4
Measles,1.7190661430358887,22,learned_gate,42,2023,4
Mpox,1.7049297094345093,22,learned_gate,42,2023,4
Yellow Fever,0.5640664100646973,22,learned_gate,42,2023,4
AFP,0.8097794055938721,22,uniform_gate,42,2023,4
CSM,1.2502490282058716,22,uniform_gate,42,2023,4
Cholera,0.9253343343734741,22,uniform_gate,42,2023,4
Lassa Fever,0.3125130236148834,22,uniform_gate,42,2023,4
Measles,1.5588831901550293,22,uniform_gate,42,2023,4
Mpox,1.7667149305343628,22,uniform_gate,42,2023,4
Yellow Fever,0.6161013245582581,22,uniform_gate,42,2023,4
AFP,0.6274303197860718,42,learned_gate,42,2024,4
CSM,1.896723985671997,42,learned_gate,42,2024,4
Cholera,1.8433400392532349,42,learned_gate,42,2024,4
Lassa Fever,0.7035678029060364,42,learned_gate,42,2024,4
Measles,1.0161207914352417,42,learned_gate,42,2024,4
Mpox,2.293992280960083,42,learned_gate,42,2024,4
Yellow Fever,0.6209677457809448,42,learned_gate,42,2024,4
AFP,0.6037190556526184,42,uniform_gate,42,2024,4
CSM,1.8330172300338745,42,uniform_gate,42,2024,4
Cholera,1.8851872682571411,42,uniform_gate,42,2024,4
Lassa Fever,0.7026548981666565,42,uniform_gate,42,2024,4
Measles,0.930064857006073,42,uniform_gate,42,2024,4
Mpox,2.316223621368408,42,uniform_gate,42,2024,4
Yellow Fever,0.6217960715293884,42,uniform_gate,42,2024,4
AFP,0.625549852848053,52,learned_gate,42,2025,4
CSM,1.8193414211273193,52,learned_gate,42,2025,4
Cholera,1.5325558185577393,52,learned_gate,42,2025,4
Lassa Fever,0.36418482661247253,52,learned_gate,42,2025,4
Measles,1.8290647268295288,52,learned_gate,42,2025,4
Mpox,1.6743055582046509,52,learned_gate,42,2025,4
Yellow Fever,0.7138516902923584,52,learned_gate,42,2025,4
AFP,0.6256526112556458,52,uniform_gate,42,2025,4
CSM,1.7530384063720703,52,uniform_gate,42,2025,4
Cholera,1.64242684841156,52,uniform_gate,42,2025,4
Lassa Fever,0.3436347544193268,52,uniform_gate,42,2025,4
Measles,1.9120513200759888,52,uniform_gate,42,2025,4
Mpox,1.5503400564193726,52,uniform_gate,42,2025,4
Yellow Fever,0.7378071546554565,52,uniform_gate,42,2025,4
AFP,1.6479032039642334,9,learned_gate,42,2026,4
CSM,0.4572640657424927,9,learned_gate,42,2026,4
Cholera,1.8104290962219238,9,learned_gate,42,2026,4
Lassa Fever,0.6612258553504944,9,learned_gate,42,2026,4
Measles,0.5580964088439941,9,learned_gate,42,2026,4
Mpox,0.5290186405181885,9,learned_gate,42,2026,4
Yellow Fever,0.8061996698379517,9,learned_gate,42,2026,4
AFP,1.6285749673843384,9,uniform_gate,42,2026,4
CSM,0.4685811400413513,9,uniform_gate,42,2026,4
Cholera,1.750551700592041,9,uniform_gate,42,2026,4
Lassa Fever,0.6543484330177307,9,uniform_gate,42,2026,4
Measles,0.521369218826294,9,uniform_gate,42,2026,4
Mpox,0.5453474521636963,9,uniform_gate,42,2026,4
Yellow Fever,0.7862265110015869,9,uniform_gate,42,2026,4
AFP,0.2643207311630249,50,learned_gate,123,2020,4
CSM,1.0373470783233643,50,learned_gate,123,2020,4
Cholera,2.064786911010742,50,learned_gate,123,2020,4
Lassa Fever,0.6256897449493408,50,learned_gate,123,2020,4
Measles,1.1243691444396973,50,learned_gate,123,2020,4
Mpox,0.8309580087661743,50,learned_gate,123,2020,4
Yellow Fever,0.998535692691803,50,learned_gate,123,2020,4
AFP,0.37931206822395325,50,uniform_gate,123,2020,4
CSM,1.1485719680786133,50,uniform_gate,123,2020,4
Cholera,2.290072202682495,50,uniform_gate,123,2020,4
Lassa Fever,0.6361299753189087,50,uniform_gate,123,2020,4
Measles,1.2358107566833496,50,uniform_gate,123,2020,4
Mpox,0.9962608814239502,50,uniform_gate,123,2020,4
Yellow Fever,1.08198881149292,50,uniform_gate,123,2020,4
AFP,0.46401405334472656,27,learned_gate,123,2021,4
CSM,0.8093390464782715,27,learned_gate,123,2021,4
Cholera,2.5353543758392334,27,learned_gate,123,2021,4
Lassa Fever,0.3075236678123474,27,learned_gate,123,2021,4
Measles,0.5057297348976135,27,learned_gate,123,2021,4
Mpox,0.6126884818077087,27,learned_gate,123,2021,4
Yellow Fever,0.47892260551452637,27,learned_gate,123,2021,4
AFP,0.459193617105484,27,uniform_gate,123,2021,4
CSM,0.8520960211753845,27,uniform_gate,123,2021,4
Cholera,2.4310057163238525,27,uniform_gate,123,2021,4
Lassa Fever,0.3444772958755493,27,uniform_gate,123,2021,4
Measles,0.5363176465034485,27,uniform_gate,123,2021,4
Mpox,0.6003493070602417,27,uniform_gate,123,2021,4
Yellow Fever,0.5360561013221741,27,uniform_gate,123,2021,4
AFP,0.34146443009376526,15,learned_gate,123,2022,4
CSM,0.5020828247070312,15,learned_gate,123,2022,4
Cholera,1.726239800453186,15,learned_gate,123,2022,4
Lassa Fever,0.26582464575767517,15,learned_gate,123,2022,4
Measles,0.592174232006073,15,learned_gate,123,2022,4
Mpox,2.5132875442504883,15,learned_gate,123,2022,4
Yellow Fever,0.4870564043521881,15,learned_gate,123,2022,4
AFP,0.3311794102191925,15,uniform_gate,123,2022,4
CSM,0.5105873942375183,15,uniform_gate,123,2022,4
Cholera,1.5866990089416504,15,uniform_gate,123,2022,4
Lassa Fever,0.3203312158584595,15,uniform_gate,123,2022,4
Measles,0.5245453119277954,15,uniform_gate,123,2022,4
Mpox,2.4843544960021973,15,uniform_gate,123,2022,4
Yellow Fever,0.5555713772773743,15,uniform_gate,123,2022,4
AFP,0.7695531845092773,22,learned_gate,123,2023,4
CSM,1.3207385540008545,22,learned_gate,123,2023,4
Cholera,1.0476807355880737,22,learned_gate,123,2023,4
Lassa Fever,0.2604660391807556,22,learned_gate,123,2023,4
Measles,1.7618012428283691,22,learned_gate,123,2023,4
Mpox,1.687106966972351,22,learned_gate,123,2023,4
Yellow Fever,0.5826848745346069,22,learned_gate,123,2023,4
AFP,0.8078833222389221,22,uniform_gate,123,2023,4
CSM,1.2296104431152344,22,uniform_gate,123,2023,4
Cholera,0.9921516180038452,22,uniform_gate,123,2023,4
Lassa Fever,0.2965875566005707,22,uniform_gate,123,2023,4
Measles,1.5912222862243652,22,uniform_gate,123,2023,4
Mpox,1.7380732297897339,22,uniform_gate,123,2023,4
Yellow Fever,0.6145553588867188,22,uniform_gate,123,2023,4
AFP,0.5638248324394226,42,learned_gate,123,2024,4
CSM,1.8455376625061035,42,learned_gate,123,2024,4
Cholera,1.873180627822876,42,learned_gate,123,2024,4
Lassa Fever,0.7213348746299744,42,learned_gate,123,2024,4
Measles,0.936764657497406,42,learned_gate,123,2024,4
Mpox,2.336111068725586,42,learned_gate,123,2024,4
Yellow Fever,0.5890167951583862,42,learned_gate,123,2024,4
AFP,0.5496954321861267,42,uniform_gate,123,2024,4
CSM,1.8221702575683594,42,uniform_gate,123,2024,4
Cholera,1.614450216293335,42,uniform_gate,123,2024,4
Lassa Fever,0.6535488367080688,42,uniform_gate,123,2024,4
Measles,0.9625880122184753,42,uniform_gate,123,2024,4
Mpox,2.100011110305786,42,uniform_gate,123,2024,4
Yellow Fever,0.5275731086730957,42,uniform_gate,123,2024,4
AFP,0.6380230188369751,52,learned_gate,123,2025,4
CSM,1.776633620262146,52,learned_gate,123,2025,4
Cholera,1.5414403676986694,52,learned_gate,123,2025,4
Lassa Fever,0.41200363636016846,52,learned_gate,123,2025,4
Measles,1.6967295408248901,52,learned_gate,123,2025,4
Mpox,1.884488821029663,52,learned_gate,123,2025,4
Yellow Fever,0.6569269895553589,52,learned_gate,123,2025,4
AFP,0.6145232915878296,52,uniform_gate,123,2025,4
CSM,1.7980486154556274,52,uniform_gate,123,2025,4
Cholera,1.6058210134506226,52,uniform_gate,123,2025,4
Lassa Fever,0.46519705653190613,52,uniform_gate,123,2025,4
Measles,1.6521233320236206,52,uniform_gate,123,2025,4
Mpox,1.9917092323303223,52,uniform_gate,123,2025,4
Yellow Fever,0.6520863175392151,52,uniform_gate,123,2025,4
AFP,1.6948165893554688,9,learned_gate,123,2026,4
CSM,0.3888365924358368,9,learned_gate,123,2026,4
Cholera,1.8449445962905884,9,learned_gate,123,2026,4
Lassa Fever,0.6180744767189026,9,learned_gate,123,2026,4
Measles,0.6379644870758057,9,learned_gate,123,2026,4
Mpox,0.4305093586444855,9,learned_gate,123,2026,4
Yellow Fever,0.8524019718170166,9,learned_gate,123,2026,4
AFP,1.9781112670898438,9,uniform_gate,123,2026,4
CSM,0.4224439859390259,9,uniform_gate,123,2026,4
Cholera,2.6355409622192383,9,uniform_gate,123,2026,4
Lassa Fever,0.4841081202030182,9,uniform_gate,123,2026,4
Measles,1.1494406461715698,9,uniform_gate,123,2026,4
Mpox,0.3634418249130249,9,uniform_gate,123,2026,4
Yellow Fever,1.1371513605117798,9,uniform_gate,123,2026,4
AFP,0.3400132656097412,50,learned_gate,2024,2020,4
CSM,1.113579511642456,50,learned_gate,2024,2020,4
Cholera,2.201245069503784,50,learned_gate,2024,2020,4
Lassa Fever,0.6210161447525024,50,learned_gate,2024,2020,4
Measles,1.1699062585830688,50,learned_gate,2024,2020,4
Mpox,0.9460806250572205,50,learned_gate,2024,2020,4
Yellow Fever,1.0519846677780151,50,learned_gate,2024,2020,4
AFP,0.3813372850418091,50,uniform_gate,2024,2020,4
CSM,1.162183165550232,50,uniform_gate,2024,2020,4
Cholera,2.298255681991577,50,uniform_gate,2024,2020,4
Lassa Fever,0.6337437033653259,50,uniform_gate,2024,2020,4
Measles,1.2552728652954102,50,uniform_gate,2024,2020,4
Mpox,1.017733097076416,50,uniform_gate,2024,2020,4
Yellow Fever,1.0880463123321533,50,uniform_gate,2024,2020,4
AFP,0.45304369926452637,27,learned_gate,2024,2021,4
CSM,0.8451008796691895,27,learned_gate,2024,2021,4
Cholera,2.385885000228882,27,learned_gate,2024,2021,4
Lassa Fever,0.33874207735061646,27,learned_gate,2024,2021,4
Measles,0.4884757995605469,27,learned_gate,2024,2021,4
Mpox,0.5974746346473694,27,learned_gate,2024,2021,4
Yellow Fever,0.51410311460495,27,learned_gate,2024,2021,4
AFP,0.40651342272758484,27,uniform_gate,2024,2021,4
CSM,0.7377674579620361,27,uniform_gate,2024,2021,4
Cholera,2.737248420715332,27,uniform_gate,2024,2021,4
Lassa Fever,0.2705499529838562,27,uniform_gate,2024,2021,4
Measles,0.5641281008720398,27,uniform_gate,2024,2021,4
Mpox,0.6317893862724304,27,uniform_gate,2024,2021,4
Yellow Fever,0.43195265531539917,27,uniform_gate,2024,2021,4
AFP,0.30512765049934387,15,learned_gate,2024,2022,4
CSM,0.6312097907066345,15,learned_gate,2024,2022,4
Cholera,1.2794467210769653,15,learned_gate,2024,2022,4
Lassa Fever,0.20885597169399261,15,learned_gate,2024,2022,4
Measles,0.5482843518257141,15,learned_gate,2024,2022,4
Mpox,2.35859751701355,15,learned_gate,2024,2022,4
Yellow Fever,0.6686344742774963,15,learned_gate,2024,2022,4
AFP,0.35027870535850525,15,uniform_gate,2024,2022,4
CSM,0.5890142917633057,15,uniform_gate,2024,2022,4
Cholera,1.5973854064941406,15,uniform_gate,2024,2022,4
Lassa Fever,0.22241045534610748,15,uniform_gate,2024,2022,4
Measles,0.6281434297561646,15,uniform_gate,2024,2022,4
Mpox,2.4735474586486816,15,uniform_gate,2024,2022,4
Yellow Fever,0.5409695506095886,15,uniform_gate,2024,2022,4
AFP,0.8133458495140076,22,learned_gate,2024,2023,4
CSM,1.191627860069275,22,learned_gate,2024,2023,4
Cholera,0.9585517644882202,22,learned_gate,2024,2023,4
Lassa Fever,0.32395613193511963,22,learned_gate,2024,2023,4
Measles,1.5324351787567139,22,learned_gate,2024,2023,4
Mpox,1.7589049339294434,22,learned_gate,2024,2023,4
Yellow Fever,0.6415128111839294,22,learned_gate,2024,2023,4
AFP,0.7691484093666077,22,uniform_gate,2024,2023,4
CSM,1.2750787734985352,22,uniform_gate,2024,2023,4
Cholera,1.0196439027786255,22,uniform_gate,2024,2023,4
Lassa Fever,0.2973003685474396,22,uniform_gate,2024,2023,4
Measles,1.650595784187317,22,uniform_gate,2024,2023,4
Mpox,1.7356799840927124,22,uniform_gate,2024,2023,4
Yellow Fever,0.626760721206665,22,uniform_gate,2024,2023,4
AFP,0.6134638786315918,42,learned_gate,2024,2024,4
CSM,1.8632757663726807,42,learned_gate,2024,2024,4
Cholera,1.3202909231185913,42,learned_gate,2024,2024,4
Lassa Fever,0.7089422941207886,42,learned_gate,2024,2024,4
Measles,0.9884248375892639,42,learned_gate,2024,2024,4
Mpox,1.7690232992172241,42,learned_gate,2024,2024,4
Yellow Fever,0.5588980317115784,42,learned_gate,2024,2024,4
AFP,0.5855323672294617,42,uniform_gate,2024,2024,4
CSM,1.7899974584579468,42,uniform_gate,2024,2024,4
Cholera,2.074387788772583,42,uniform_gate,2024,2024,4
Lassa Fever,0.7445111274719238,42,uniform_gate,2024,2024,4
Measles,0.8624449372291565,42,uniform_gate,2024,2024,4
Mpox,2.4495227336883545,42,uniform_gate,2024,2024,4
Yellow Fever,0.6379295587539673,42,uniform_gate,2024,2024,4
AFP,0.6426998972892761,52,learned_gate,2024,2025,4
CSM,1.7847237586975098,52,learned_gate,2024,2025,4
Cholera,1.534525990486145,52,learned_gate,2024,2025,4
Lassa Fever,0.3144238293170929,52,learned_gate,2024,2025,4
Measles,1.948211431503296,52,learned_gate,2024,2025,4
Mpox,1.463860034942627,52,learned_gate,2024,2025,4
Yellow Fever,0.7655274868011475,52,learned_gate,2024,2025,4
AFP,0.6196292042732239,52,uniform_gate,2024,2025,4
CSM,1.7168627977371216,52,uniform_gate,2024,2025,4
Cholera,1.6023625135421753,52,uniform_gate,2024,2025,4
Lassa Fever,0.4024477005004883,52,uniform_gate,2024,2025,4
Measles,1.7387299537658691,52,uniform_gate,2024,2025,4
Mpox,1.8208247423171997,52,uniform_gate,2024,2025,4
Yellow Fever,0.680541455745697,52,uniform_gate,2024,2025,4
AFP,1.0651514530181885,9,learned_gate,2024,2026,4
CSM,0.5271181464195251,9,learned_gate,2024,2026,4
Cholera,1.6933144330978394,9,learned_gate,2024,2026,4
Lassa Fever,0.35523414611816406,9,learned_gate,2024,2026,4
Measles,0.5871306657791138,9,learned_gate,2024,2026,4
Mpox,1.0951895713806152,9,learned_gate,2024,2026,4
Yellow Fever,0.7083068490028381,9,learned_gate,2024,2026,4
AFP,1.7798703908920288,9,uniform_gate,2024,2026,4
CSM,0.3363281488418579,9,uniform_gate,2024,2026,4
Cholera,2.074875593185425,9,uniform_gate,2024,2026,4
Lassa Fever,0.5640913248062134,9,uniform_gate,2024,2026,4
Measles,0.7932270169258118,9,uniform_gate,2024,2026,4
Mpox,0.25385135412216187,9,uniform_gate,2024,2026,4
Yellow Fever,0.9381227493286133,9,uniform_gate,2024,2026,4
AFP,0.3521369695663452,50,learned_gate,42,2020,8
CSM,1.0511183738708496,50,learned_gate,42,2020,8
Cholera,2.2508256435394287,50,learned_gate,42,2020,8
Lassa Fever,0.6444874405860901,50,learned_gate,42,2020,8
Measles,1.2354224920272827,50,learned_gate,42,2020,8
Mpox,0.8296090960502625,50,learned_gate,42,2020,8
Yellow Fever,0.9671900868415833,50,learned_gate,42,2020,8
AFP,0.37192481756210327,50,uniform_gate,42,2020,8
CSM,1.0595793724060059,50,uniform_gate,42,2020,8
Cholera,2.227200508117676,50,uniform_gate,42,2020,8
Lassa Fever,0.6250660419464111,50,uniform_gate,42,2020,8
Measles,1.1722804307937622,50,uniform_gate,42,2020,8
Mpox,0.8435429930686951,50,uniform_gate,42,2020,8
Yellow Fever,0.9763772487640381,50,uniform_gate,42,2020,8
AFP,0.38760361075401306,27,learned_gate,42,2021,8
CSM,0.6826093196868896,27,learned_gate,42,2021,8
Cholera,2.8066890239715576,27,learned_gate,42,2021,8
Lassa Fever,0.3198906183242798,27,learned_gate,42,2021,8
Measles,0.5083394646644592,27,learned_gate,42,2021,8
Mpox,0.6754865050315857,27,learned_gate,42,2021,8
Yellow Fever,0.3760152757167816,27,learned_gate,42,2021,8
AFP,0.39205774664878845,27,uniform_gate,42,2021,8
CSM,0.7077317237854004,27,uniform_gate,42,2021,8
Cholera,2.7712326049804688,27,uniform_gate,42,2021,8
Lassa Fever,0.3222663998603821,27,uniform_gate,42,2021,8
Measles,0.5261750817298889,27,uniform_gate,42,2021,8
Mpox,0.6766659617424011,27,uniform_gate,42,2021,8
Yellow Fever,0.3725966811180115,27,uniform_gate,42,2021,8
AFP,0.5310709476470947,15,learned_gate,42,2022,8
CSM,0.6640470027923584,15,learned_gate,42,2022,8
Cholera,2.7262094020843506,15,learned_gate,42,2022,8
Lassa Fever,0.48915988206863403,15,learned_gate,42,2022,8
Measles,1.066283941268921,15,learned_gate,42,2022,8
Mpox,2.8174221515655518,15,learned_gate,42,2022,8
Yellow Fever,0.43696993589401245,15,learned_gate,42,2022,8
AFP,0.3587132692337036,15,uniform_gate,42,2022,8
CSM,0.6594837307929993,15,uniform_gate,42,2022,8
Cholera,1.786780834197998,15,uniform_gate,42,2022,8
Lassa Fever,0.18137982487678528,15,uniform_gate,42,2022,8
Measles,0.7287960052490234,15,uniform_gate,42,2022,8
Mpox,2.4670121669769287,15,uniform_gate,42,2022,8
Yellow Fever,0.5834606289863586,15,uniform_gate,42,2022,8
AFP,0.7722495794296265,22,learned_gate,42,2023,8
CSM,1.5781359672546387,22,learned_gate,42,2023,8
Cholera,1.7627204656600952,22,learned_gate,42,2023,8
Lassa Fever,0.315459281206131,22,learned_gate,42,2023,8
Measles,2.1947991847991943,22,learned_gate,42,2023,8
Mpox,1.6153569221496582,22,learned_gate,42,2023,8
Yellow Fever,0.6403758525848389,22,learned_gate,42,2023,8
AFP,0.7493477463722229,22,uniform_gate,42,2023,8
CSM,1.4407353401184082,22,uniform_gate,42,2023,8
Cholera,1.25839364528656,22,uniform_gate,42,2023,8
Lassa Fever,0.26215431094169617,22,uniform_gate,42,2023,8
Measles,1.9530726671218872,22,uniform_gate,42,2023,8
Mpox,1.6620086431503296,22,uniform_gate,42,2023,8
Yellow Fever,0.5929719805717468,22,uniform_gate,42,2023,8
AFP,0.6122879385948181,42,learned_gate,42,2024,8
CSM,1.862318992614746,42,learned_gate,42,2024,8
Cholera,2.141204357147217,42,learned_gate,42,2024,8
Lassa Fever,0.776705265045166,42,learned_gate,42,2024,8
Measles,0.9398625493049622,42,learned_gate,42,2024,8
Mpox,2.5051326751708984,42,learned_gate,42,2024,8
Yellow Fever,0.6750689148902893,42,learned_gate,42,2024,8
AFP,0.5402069687843323,42,uniform_gate,42,2024,8
CSM,1.8038641214370728,42,uniform_gate,42,2024,8
Cholera,1.8325403928756714,42,uniform_gate,42,2024,8
Lassa Fever,0.7193747162818909,42,uniform_gate,42,2024,8
Measles,0.9062191843986511,42,uniform_gate,42,2024,8
Mpox,2.311596632003784,42,uniform_gate,42,2024,8
Yellow Fever,0.5584830045700073,42,uniform_gate,42,2024,8
AFP,0.6937662959098816,52,learned_gate,42,2025,8
CSM,1.7763913869857788,52,learned_gate,42,2025,8
Cholera,1.6802786588668823,52,learned_gate,42,2025,8
Lassa Fever,0.41821205615997314,52,learned_gate,42,2025,8
Measles,2.020465135574341,52,learned_gate,42,2025,8
Mpox,1.4683363437652588,52,learned_gate,42,2025,8
Yellow Fever,0.8067330121994019,52,learned_gate,42,2025,8
AFP,0.6688404083251953,52,uniform_gate,42,2025,8
CSM,1.8175761699676514,52,uniform_gate,42,2025,8
Cholera,1.6177865266799927,52,uniform_gate,42,2025,8
Lassa Fever,0.41743844747543335,52,uniform_gate,42,2025,8
Measles,1.828572392463684,52,uniform_gate,42,2025,8
Mpox,1.7303417921066284,52,uniform_gate,42,2025,8
Yellow Fever,0.7132452726364136,52,uniform_gate,42,2025,8
AFP,1.1784322261810303,9,learned_gate,42,2026,8
CSM,0.43263575434684753,9,learned_gate,42,2026,8
Cholera,0.855647087097168,9,learned_gate,42,2026,8
Lassa Fever,0.5546231865882874,9,learned_gate,42,2026,8
Measles,0.4172852337360382,9,learned_gate,42,2026,8
Mpox,0.5064491033554077,9,learned_gate,42,2026,8
Yellow Fever,0.30811870098114014,9,learned_gate,42,2026,8
AFP,1.8324004411697388,9,uniform_gate,42,2026,8
CSM,0.6782989501953125,9,uniform_gate,42,2026,8
Cholera,2.1979916095733643,9,uniform_gate,42,2026,8
Lassa Fever,0.6460022926330566,9,uniform_gate,42,2026,8
Measles,0.9391273856163025,9,uniform_gate,42,2026,8
Mpox,0.3970954716205597,9,uniform_gate,42,2026,8
Yellow Fever,0.9962250590324402,9,uniform_gate,42,2026,8
AFP,0.2830078601837158,50,learned_gate,123,2020,8
CSM,1.0117499828338623,50,learned_gate,123,2020,8
Cholera,2.139660596847534,50,learned_gate,123,2020,8
Lassa Fever,0.612694263458252,50,learned_gate,123,2020,8
Measles,1.0246540307998657,50,learned_gate,123,2020,8
Mpox,0.7729701995849609,50,learned_gate,123,2020,8
Yellow Fever,0.9640342593193054,50,learned_gate,123,2020,8
AFP,0.312600314617157,50,uniform_gate,123,2020,8
CSM,1.0742329359054565,50,uniform_gate,123,2020,8
Cholera,2.2384212017059326,50,uniform_gate,123,2020,8
Lassa Fever,0.6017767786979675,50,uniform_gate,123,2020,8
Measles,1.0877759456634521,50,uniform_gate,123,2020,8
Mpox,0.8606061339378357,50,uniform_gate,123,2020,8
Yellow Fever,0.9962613582611084,50,uniform_gate,123,2020,8
AFP,0.44271254539489746,27,learned_gate,123,2021,8
CSM,0.7437819242477417,27,learned_gate,123,2021,8
Cholera,2.734217882156372,27,learned_gate,123,2021,8
Lassa Fever,0.27613595128059387,27,learned_gate,123,2021,8
Measles,0.540382444858551,27,learned_gate,123,2021,8
Mpox,0.6505184173583984,27,learned_gate,123,2021,8
Yellow Fever,0.4184613823890686,27,learned_gate,123,2021,8
AFP,0.42696577310562134,27,uniform_gate,123,2021,8
CSM,0.6606438755989075,27,uniform_gate,123,2021,8
Cholera,2.9340617656707764,27,uniform_gate,123,2021,8
Lassa Fever,0.2922140657901764,27,uniform_gate,123,2021,8
Measles,0.5454103946685791,27,uniform_gate,123,2021,8
Mpox,0.7018459439277649,27,uniform_gate,123,2021,8
Yellow Fever,0.3713546395301819,27,uniform_gate,123,2021,8
AFP,0.43675869703292847,15,learned_gate,123,2022,8
CSM,0.6389041543006897,15,learned_gate,123,2022,8
Cholera,2.204937219619751,15,learned_gate,123,2022,8
Lassa Fever,0.25768959522247314,15,learned_gate,123,2022,8
Measles,0.8375745415687561,15,learned_gate,123,2022,8
Mpox,2.6004526615142822,15,learned_gate,123,2022,8
Yellow Fever,0.4893566370010376,15,learned_gate,123,2022,8
AFP,0.401949405670166,15,uniform_gate,123,2022,8
CSM,0.6806865930557251,15,uniform_gate,123,2022,8
Cholera,1.9450809955596924,15,uniform_gate,123,2022,8
Lassa Fever,0.18911117315292358,15,uniform_gate,123,2022,8
Measles,0.8081299066543579,15,uniform_gate,123,2022,8
Mpox,2.4998931884765625,15,uniform_gate,123,2022,8
Yellow Fever,0.5526005029678345,15,uniform_gate,123,2022,8
AFP,0.7708480954170227,22,learned_gate,123,2023,8
CSM,1.5713638067245483,22,learned_gate,123,2023,8
Cholera,1.5465408563613892,22,learned_gate,123,2023,8
Lassa Fever,0.2800976037979126,22,learned_gate,123,2023,8
Measles,2.110182523727417,22,learned_gate,123,2023,8
Mpox,1.6276618242263794,22,learned_gate,123,2023,8
Yellow Fever,0.5635010004043579,22,learned_gate,123,2023,8
AFP,0.7703958749771118,22,uniform_gate,123,2023,8
CSM,1.53132963180542,22,uniform_gate,123,2023,8
Cholera,1.4639256000518799,22,uniform_gate,123,2023,8
Lassa Fever,0.24442405998706818,22,uniform_gate,123,2023,8
Measles,2.109419107437134,22,uniform_gate,123,2023,8
Mpox,1.6168376207351685,22,uniform_gate,123,2023,8
Yellow Fever,0.5741207599639893,22,uniform_gate,123,2023,8
AFP,0.6049394011497498,42,learned_gate,123,2024,8
CSM,1.8244757652282715,42,learned_gate,123,2024,8
Cholera,2.267530918121338,42,learned_gate,123,2024,8
Lassa Fever,0.814403235912323,42,learned_gate,123,2024,8
Measles,0.8500413298606873,42,learned_gate,123,2024,8
Mpox,2.6088483333587646,42,learned_gate,123,2024,8
Yellow Fever,0.6835047602653503,42,learned_gate,123,2024,8
AFP,0.5754877924919128,42,uniform_gate,123,2024,8
CSM,1.871534824371338,42,uniform_gate,123,2024,8
Cholera,1.597502589225769,42,uniform_gate,123,2024,8
Lassa Fever,0.6904771327972412,42,uniform_gate,123,2024,8
Measles,1.0258206129074097,42,uniform_gate,123,2024,8
Mpox,2.147723913192749,42,uniform_gate,123,2024,8
Yellow Fever,0.5519791841506958,42,uniform_gate,123,2024,8
AFP,0.6524490118026733,52,learned_gate,123,2025,8
CSM,1.777164340019226,52,learned_gate,123,2025,8
Cholera,1.7019217014312744,52,learned_gate,123,2025,8
Lassa Fever,0.4928017258644104,52,learned_gate,123,2025,8
Measles,1.7791187763214111,52,learned_gate,123,2025,8
Mpox,1.9121589660644531,52,learned_gate,123,2025,8
Yellow Fever,0.6975400447845459,52,learned_gate,123,2025,8
AFP,0.704219400882721,52,uniform_gate,123,2025,8
CSM,1.8024024963378906,52,uniform_gate,123,2025,8
Cholera,1.7517507076263428,52,uniform_gate,123,2025,8
Lassa Fever,0.4962827265262604,52,uniform_gate,123,2025,8
Measles,1.9681581258773804,52,uniform_gate,123,2025,8
Mpox,1.6041722297668457,52,uniform_gate,123,2025,8
Yellow Fever,0.7874959707260132,52,uniform_gate,123,2025,8
AFP,1.299644947052002,9,learned_gate,123,2026,8
CSM,0.7552476525306702,9,learned_gate,123,2026,8
Cholera,1.4429599046707153,9,learned_gate,123,2026,8
Lassa Fever,0.6802599430084229,9,learned_gate,123,2026,8
Measles,0.513465940952301,9,learned_gate,123,2026,8
Mpox,1.8089277744293213,9,learned_gate,123,2026,8
Yellow Fever,0.377703458070755,9,learned_gate,123,2026,8
AFP,1.7829560041427612,9,uniform_gate,123,2026,8
CSM,0.6642910242080688,9,uniform_gate,123,2026,8
Cholera,2.0581531524658203,9,uniform_gate,123,2026,8
Lassa Fever,0.6161942481994629,9,uniform_gate,123,2026,8
Measles,0.844814658164978,9,uniform_gate,123,2026,8
Mpox,0.49090972542762756,9,uniform_gate,123,2026,8
Yellow Fever,0.9465664625167847,9,uniform_gate,123,2026,8
AFP,0.3288743197917938,50,learned_gate,2024,2020,8
CSM,1.0452622175216675,50,learned_gate,2024,2020,8
Cholera,2.2364187240600586,50,learned_gate,2024,2020,8
Lassa Fever,0.6380417346954346,50,learned_gate,2024,2020,8
Measles,1.1929993629455566,50,learned_gate,2024,2020,8
Mpox,0.8121373057365417,50,learned_gate,2024,2020,8
Yellow Fever,0.9736663699150085,50,learned_gate,2024,2020,8
AFP,0.2503063678741455,50,uniform_gate,2024,2020,8
CSM,0.9985665082931519,50,uniform_gate,2024,2020,8
Cholera,2.1195740699768066,50,uniform_gate,2024,2020,8
Lassa Fever,0.6094591617584229,50,uniform_gate,2024,2020,8
Measles,0.9832518100738525,50,uniform_gate,2024,2020,8
Mpox,0.7661083936691284,50,uniform_gate,2024,2020,8
Yellow Fever,0.9577723741531372,50,uniform_gate,2024,2020,8
AFP,0.5257194638252258,27,learned_gate,2024,2021,8
CSM,0.7348237037658691,27,learned_gate,2024,2021,8
Cholera,2.9399731159210205,27,learned_gate,2024,2021,8
Lassa Fever,0.25100138783454895,27,learned_gate,2024,2021,8
Measles,0.650585949420929,27,learned_gate,2024,2021,8
Mpox,0.6624410152435303,27,learned_gate,2024,2021,8
Yellow Fever,0.4604921340942383,27,learned_gate,2024,2021,8
AFP,0.4544781446456909,27,uniform_gate,2024,2021,8
CSM,0.7012009620666504,27,uniform_gate,2024,2021,8
Cholera,2.7533140182495117,27,uniform_gate,2024,2021,8
Lassa Fever,0.35069966316223145,27,uniform_gate,2024,2021,8
Measles,0.5194769501686096,27,uniform_gate,2024,2021,8
Mpox,0.7116646766662598,27,uniform_gate,2024,2021,8
Yellow Fever,0.41779837012290955,27,uniform_gate,2024,2021,8
AFP,0.3709750175476074,15,learned_gate,2024,2022,8
CSM,0.6242883205413818,15,learned_gate,2024,2022,8
Cholera,1.8935350179672241,15,learned_gate,2024,2022,8
Lassa Fever,0.18435817956924438,15,learned_gate,2024,2022,8
Measles,0.7147805094718933,15,learned_gate,2024,2022,8
Mpox,2.503941059112549,15,learned_gate,2024,2022,8
Yellow Fever,0.5178453922271729,15,learned_gate,2024,2022,8
AFP,0.37971824407577515,15,uniform_gate,2024,2022,8
CSM,0.5663315653800964,15,uniform_gate,2024,2022,8
Cholera,2.028905153274536,15,uniform_gate,2024,2022,8
Lassa Fever,0.2376391738653183,15,uniform_gate,2024,2022,8
Measles,0.729210615158081,15,uniform_gate,2024,2022,8
Mpox,2.564196825027466,15,uniform_gate,2024,2022,8
Yellow Fever,0.4689041078090668,15,uniform_gate,2024,2022,8
AFP,0.7629538178443909,22,learned_gate,2024,2023,8
CSM,1.3865416049957275,22,learned_gate,2024,2023,8
Cholera,0.9734497666358948,22,learned_gate,2024,2023,8
Lassa Fever,0.3024470806121826,22,learned_gate,2024,2023,8
Measles,1.818526029586792,22,learned_gate,2024,2023,8
Mpox,1.7195111513137817,22,learned_gate,2024,2023,8
Yellow Fever,0.6097926497459412,22,learned_gate,2024,2023,8
AFP,0.7910746932029724,22,uniform_gate,2024,2023,8
CSM,1.4812278747558594,22,uniform_gate,2024,2023,8
Cholera,1.2847199440002441,22,uniform_gate,2024,2023,8
Lassa Fever,0.22227978706359863,22,uniform_gate,2024,2023,8
Measles,1.9381194114685059,22,uniform_gate,2024,2023,8
Mpox,1.6358963251113892,22,uniform_gate,2024,2023,8
Yellow Fever,0.49025967717170715,22,uniform_gate,2024,2023,8
AFP,0.5974149107933044,42,learned_gate,2024,2024,8
CSM,1.8188990354537964,42,learned_gate,2024,2024,8
Cholera,2.111882209777832,42,learned_gate,2024,2024,8
Lassa Fever,0.7645593285560608,42,learned_gate,2024,2024,8
Measles,0.8944603800773621,42,learned_gate,2024,2024,8
Mpox,2.4860408306121826,42,learned_gate,2024,2024,8
Yellow Fever,0.6584377884864807,42,learned_gate,2024,2024,8
AFP,0.5930085182189941,42,uniform_gate,2024,2024,8
CSM,1.833585500717163,42,uniform_gate,2024,2024,8
Cholera,2.0316829681396484,42,uniform_gate,2024,2024,8
Lassa Fever,0.765343964099884,42,uniform_gate,2024,2024,8
Measles,0.9020618200302124,42,uniform_gate,2024,2024,8
Mpox,2.46844744682312,42,uniform_gate,2024,2024,8
Yellow Fever,0.636854350566864,42,uniform_gate,2024,2024,8
AFP,0.6665874123573303,52,learned_gate,2024,2025,8
CSM,1.768406629562378,52,learned_gate,2024,2025,8
Cholera,1.6514782905578613,52,learned_gate,2024,2025,8
Lassa Fever,0.47410979866981506,52,learned_gate,2024,2025,8
Measles,1.730294942855835,52,learned_gate,2024,2025,8
Mpox,1.9167697429656982,52,learned_gate,2024,2025,8
Yellow Fever,0.7097866535186768,52,learned_gate,2024,2025,8
AFP,0.761233925819397,52,uniform_gate,2024,2025,8
CSM,1.852074146270752,52,uniform_gate,2024,2025,8
Cholera,2.0832712650299072,52,uniform_gate,2024,2025,8
Lassa Fever,0.5243855118751526,52,uniform_gate,2024,2025,8
Measles,2.039788007736206,52,uniform_gate,2024,2025,8
Mpox,1.5786750316619873,52,uniform_gate,2024,2025,8
Yellow Fever,0.8365401029586792,52,uniform_gate,2024,2025,8
AFP,1.6247373819351196,9,learned_gate,2024,2026,8
CSM,0.43588683009147644,9,learned_gate,2024,2026,8
Cholera,1.670479655265808,9,learned_gate,2024,2026,8
Lassa Fever,0.6516398191452026,9,learned_gate,2024,2026,8
Measles,0.5545196533203125,9,learned_gate,2024,2026,8
Mpox,0.5488797426223755,9,learned_gate,2024,2026,8
Yellow Fever,0.7898808717727661,9,learned_gate,2024,2026,8
AFP,1.7947659492492676,9,uniform_gate,2024,2026,8
CSM,0.5590411424636841,9,uniform_gate,2024,2026,8
Cholera,2.0915536880493164,9,uniform_gate,2024,2026,8
Lassa Fever,0.6068484783172607,9,uniform_gate,2024,2026,8
Measles,0.8435067534446716,9,uniform_gate,2024,2026,8
Mpox,0.37221357226371765,9,uniform_gate,2024,2026,8
Yellow Fever,0.9584274291992188,9,uniform_gate,2024,2026,8
