cause,effect,f_statistic,p_value,lag_weeks,causal
Lagos,Delta Kaduna Borno,4.470896696087837,0.0011358520411307363,6,True
Lagos,Lga,755.9446191557313,2.8306051504726993e-43,2,True
Lagos,Lagos Ibadan,2837.5660245409995,4.132255287515023e-54,1,True
Lagos,Oyo Osun,2784.6414697552405,7.382331150715364e-54,1,True
Lagos,Kano Kebbi,2920.601296405423,1.6979669264619055e-54,1,True
Lagos,7 Lga,2920.6012964054207,1.6979669264619727e-54,1,True
Lagos,Lagos Oyo Uyo,2920.601296405421,1.697966926461939e-54,1,True
Lagos,Kwara Plateau,486.6980809382717,9.306649390485895e-42,5,True
Kano,Kaduna,2.896406549254803,0.022365740332489725,5,True
Kano,Delta,4.920961824657326,0.0009459667501906722,5,True
Kano, Borno Kaduna,4.920961824657327,0.0009459667501906722,5,True
Kano,Bayelsa Borno Kaduna,8.883924405835316,4.0679320195670986e-06,5,True
Kano,Borno,30.158957844946016,8.27563051234397e-12,3,True
Kano,Borno Cross River Lagos,9.119848895473659,3.0315315577667043e-06,5,True
Kano,Bayelsa Borno Gombe,7.164989215889161,1.7110502385716782e-05,6,True
Kano,Borno Bauchi Kaduna,7.164989215889166,1.7110502385716633e-05,6,True
Kano,Anambra Bauchi Kaduna,70.64928546236672,1.6955740446234508e-16,2,True
Kano,Kano Kaduna,4.438082882736172,0.039199371874327246,1,True
Kano,Ebonyi Lagos,148.23881576277498,3.3381916435975165e-18,1,True
Kano,Abia Kano,27.021039903643107,8.075567222748839e-14,6,True
Kano,Ekiti Kaduna,37.479756692505866,1.7289336966326261e-16,6,True
Kano,Bayelsa Bauchi,42.32665146886506,1.6023238519734985e-14,3,True
Kano,Yobe Zamfara,4.217935631526172,0.00919841965278218,3,True
Kano,Adamawa,51.00975812161058,3.7752720829245407e-16,3,True
Kano,Plateau Zamfara,44.779766046905166,5.2823920958875686e-15,3,True
Kano,Kawara Plateau,28.263708783236872,3.564944453258373e-14,6,True
Kano,Kogi Kano Adawama,18.203049343820314,1.610046147244441e-09,4,True
Kano,Abuja Koji Gombe,28.263708783236915,3.564944453258289e-14,6,True
Kano,Lagos Gombe Kogi,6.90183129425827,5.4786133592319336e-05,5,True
Kano,Kastina Kano Bauchi,26.94402508031345,3.1957162818437944e-13,5,True
Kano,Cross River Borno ,27.806487649431844,1.8015669908871043e-13,5,True
Kano,Ebonyi Lagos Edo,27.80648764943178,1.8015669908871828e-13,5,True
Kosofe Lga,Delta Kaduna Borno,217.11712143453605,4.989874234806847e-33,6,True
Kosofe Lga,Kano Zamfara,7.530947149380511,2.3385304290870063e-05,5,True
Kosofe Lga,Yobe Zamfara,5.215854453062439,0.00033517639108789635,6,True
Kosofe Lga,Lagos Kano,9330.414073252325,1.4954979252584117e-75,2,True
Kosofe Lga,Osun Oyo Yobe,23417.999360619335,9.579134762658213e-87,4,True
Kosofe Lga,Nasarawa Kaduna,194083.69007546097,1.878633566228072e-103,6,True
Ekiti,Kosofe Lga,11.808850947216236,5.809366734110157e-07,4,True
Ekiti,Cross River,6.222544754870145,0.00034165338005409353,4,True
Ekiti,FCT-Abuja,15.68553195001027,1.4129414677327959e-08,4,True
Ekiti,Kwara,14.403307500156979,4.57691213993104e-08,4,True
Ekiti,Delta,10.869774411277513,3.758064305514331e-07,5,True
Ekiti, Borno Kaduna,10.869774411277515,3.758064305514316e-07,5,True
Ekiti,Bayelsa Borno Kaduna,8.514608673584474,2.5963775875940153e-06,6,True
Ekiti,Lagos Gombe Kogi,6.401033266638019,0.000109862994819382,5,True
Ekiti,Ekiti Oyo,8.91090649548984,3.9327707488789e-06,5,True
Ekiti,Akure Jos,8.910906495489796,3.9327707488790915e-06,5,True
Ekiti,Kebbi Bayelsa,8.910906495489842,3.932770748878883e-06,5,True
Ekiti,Abuja Lagos Ondo,8.91090649548984,3.9327707488789e-06,5,True
Ekiti,Gombe Damaturu,8.910906495489842,3.932770748878883e-06,5,True
Ekiti,Abia Eboniyi Ekiti,11.809122449121999,5.807750325730961e-07,4,True
Ekiti,Bayelsa Borno,6.979236892140117,2.2420012897371077e-05,6,True
Ekiti,Lagos Kano,6.911269334783203,2.476717510725132e-05,6,True
Cross River,Kano,9.219403911759084,2.6802565094828e-06,5,True
Cross River,Ekiti,10.144313917780476,1.8803895461969548e-05,3,True
Cross River,Kaduna,19.271585473642688,9.465247857255558e-09,3,True
Cross River,Delta,106.5822987367203,3.558516270250315e-15,1,True
Cross River,Ogun,6.891291783584086,0.010857135814954339,1,True
Cross River, Borno Kaduna,106.58229873672023,3.558516270250368e-15,1,True
Cross River,Borno Kaduna Oyo,16.952213556815924,0.00011358912671488166,1,True
Cross River,Bayelsa Borno Kaduna,50.72475265779974,1.2689249931027355e-13,2,True
Cross River,Borno Cross River Lagos,32.10695957187413,2.764874454662076e-12,3,True
Cross River,Bayelsa Borno Gombe,22.799000095750166,4.530264329730332e-11,4,True
Cross River,Borno Bauchi Kaduna,22.799000095750156,4.530264329730354e-11,4,True
Cross River,Kano Kaduna,3.3638385445302843,0.01071898724366606,5,True
Cross River,Kano Zamfara,5.313370849871486,0.0005270252023662896,5,True
Cross River,Ebonyi Lagos,13.531464169993045,6.446673435200382e-09,6,True
Cross River,Bayelsa Kano,33.721714913188094,2.2535144285185466e-07,1,True
Cross River,Uyo Delta,16.03580564130512,2.6349064840963133e-06,2,True
Cross River,Lagos Abuja Rivers,16.035805641305117,2.6349064840963133e-06,2,True
Cross River,Jos Abuja Lagos,16.035805641305128,2.634906484096288e-06,2,True
Cross River,Adamawa Yola,10.141100030010008,1.886131498186757e-05,3,True
Cross River,Gombe Lagos,10.141100030010005,1.886131498186766e-05,3,True
Cross River,Osun Ikere,7.1942280257735005,0.00010175301464265253,4,True
Cross River,Ilorin Osun,7.194228025773481,0.00010175301464265533,4,True
Cross River,Kano Katsina Kogi,7.1942280257735,0.00010175301464265315,4,True
Cross River,Lagos Oyo Ibadan,7.1942280257735005,0.00010175301464265253,4,True
Cross River,Kano Lagos,7.194228025773485,0.00010175301464265474,4,True
Cross River,Ekiti ,7.194228025773429,0.0001017530146426618,4,True
Cross River,Ebonyi Osun,5.444801725776798,0.000434241517418096,5,True
Kaduna,Kano,46.06211814601845,7.56110349670744e-13,2,True
Kaduna,Borno,11.936352411693376,1.1346750070885974e-07,5,True
Kaduna,Bayelsa Borno Gombe,277.52915122480334,9.116584348681106e-25,1,True
Kaduna,Borno Bauchi Kaduna,277.52915122480357,9.116584348680926e-25,1,True
Kaduna,Anambra Bauchi Kaduna,69.68824004269655,1.1235422544059321e-20,4,True
Kaduna,Kano Kaduna,11.582231175488904,5.714205035842396e-05,2,True
Kaduna,Kano Zamfara,24.081721783052515,2.0995312926649608e-08,2,True
Kaduna,Ebonyi Lagos,83.77714664941968,7.050603302300194e-21,3,True
Kaduna,Abia Kano,44.47582942023039,1.7703589126250987e-16,4,True
Kaduna,Ekiti Kaduna,63.4413408990952,9.106619604193084e-20,4,True
Kaduna,Bayelsa Bauchi,49.390260287509115,2.2511368871066115e-18,5,True
Kaduna,Yobe Zamfara,10.169160189963794,8.504731890679618e-07,5,True
Kaduna,Adamawa,47.68400990194299,4.680908422476266e-18,5,True
Kaduna,Plateau Zamfara,52.73027231702131,5.691579687172922e-19,5,True
Kaduna,Kawara Plateau,41.50893480878674,2.32941557556852e-17,6,True
Kaduna,Kogi Kano Adawama,21.952485779683066,3.1218248822063895e-12,6,True
Kaduna,Abuja Koji Gombe,41.508934808786776,2.3294155755684832e-17,6,True
Kaduna,Enugu,10.59685700915875,0.0018246778871812846,1,True
Kaduna,Anambra Nasarawa,5.036798860674572,0.00950396969042762,2,True
Kaduna,Bayesla Bauchi,5.036798860674571,0.00950396969042762,2,True
FCT-Abuja,Kano,30.940906231984975,6.6916123184921794e-15,6,True
FCT-Abuja,Kaduna,69.09720640895685,5.595542838874865e-19,3,True
FCT-Abuja,Delta,1826.910153846154,3.013069576071509e-48,1,True
FCT-Abuja,Ogun,12.323833037772397,0.0008321790505262625,1,True
FCT-Abuja, Borno Kaduna,1826.9101538461548,3.013069576071509e-48,1,True
FCT-Abuja,Borno Kaduna Oyo,32.09827660229414,3.8986080676480647e-07,1,True
FCT-Abuja,Bayelsa Borno Kaduna,870.0216406704996,4.853433476862654e-45,2,True
FCT-Abuja,Borno Cross River Lagos,551.0742115595441,4.773662448110581e-42,3,True
FCT-Abuja,Bayelsa Borno Gombe,391.61352491915306,3.5270615029414544e-39,4,True
FCT-Abuja,Borno Bauchi Kaduna,391.6135249191537,3.527061502941323e-39,4,True
FCT-Abuja,Kano Kaduna,6.053096862826089,0.00018677831060432768,5,True
FCT-Abuja,Kano Zamfara,11.73104369884731,1.4229596031385216e-07,5,True
FCT-Abuja,Ebonyi Lagos,232.18383931618587,1.0586824541546643e-33,6,True
Delta,Kano,38.96170190860394,2.5501311131007066e-15,4,True
Delta,Kaduna,132.20466031003028,1.0273958517713053e-22,2,True
Delta,Borno,3.638658951796664,0.03224611723795209,2,True
Delta,Kano Kaduna,7.993355894069299,4.051036517371583e-05,4,True
Delta,Kano Zamfara,16.99112187107852,4.4842367192225095e-09,4,True
Delta,Abia Kano,94.48601267867944,7.285172882042263e-25,6,True
Delta,Ekiti Kaduna,565.6170779452867,9.276957768060157e-43,6,True
Rivers,Oyo,5.183767747861417,0.00036722602171944244,6,True
Rivers,Enugu,4.916545913263506,0.0302755419153494,1,True
Rivers,Anambra Nasarawa,4.7011614019904915,0.033988510713588944,1,True
Rivers,Bayesla Bauchi,4.7011614019904835,0.033988510713588944,1,True
Rivers,Ekiti Ondo,11.938277297281614,4.2703266872508066e-08,6,True
Rivers,Borno Kaduna Kano,11.938277297281608,4.270326687250833e-08,6,True
Rivers,Gombe Bauchi,11.938277297281612,4.2703266872508145e-08,6,True
Ogun,Kaduna,4.522769207898445,0.014807061971228969,2,True
Ogun,Rivers,16.052793653664462,0.00016762452003218561,1,True
Ogun,Bayelsa Borno Kaduna,13.158350795797421,0.000574487688388644,1,True
Ogun,Oyo,3.7535476402229677,0.029110848839127144,2,True
Ogun,Borno Cross River Lagos,6.252567079185715,0.0034156604999275304,2,True
Ogun,Bayelsa Borno Gombe,3.9513211078316495,0.01249783305085193,3,True
Ogun,Borno Bauchi Kaduna,3.9513211078316326,0.012497833050852211,3,True
Ogun,Bayelsa Edo Kano,3.7138638363607526,0.03015655920555497,2,True
Ogun,Adamawa Borno,7.815432248784501,0.006858367228288757,1,True
Ogun,Borno Adamawa Kastina,6.870348952732908,0.010972175091771489,1,True
 Borno Kaduna,Kano,38.96170190860394,2.5501311131007066e-15,4,True
 Borno Kaduna,Kaduna,132.20466031003028,1.0273958517713053e-22,2,True
 Borno Kaduna,Borno,3.6386589517966588,0.032246117237952315,2,True
 Borno Kaduna,Kano Kaduna,7.993355894069299,4.051036517371583e-05,4,True
 Borno Kaduna,Kano Zamfara,16.99112187107852,4.4842367192225095e-09,4,True
 Borno Kaduna,Abia Kano,94.48601267867947,7.285172882042199e-25,6,True
 Borno Kaduna,Ekiti Kaduna,565.6170779452866,9.276957768060194e-43,6,True
Borno Kaduna Oyo,Kano,4.227888780095684,0.004751131922531747,4,True
Borno Kaduna Oyo,Kaduna,11.55769960727708,5.6766570253239694e-05,2,True
Borno Kaduna Oyo,Bayelsa Borno Kaduna,34.34965487164309,1.8278163601128825e-07,1,True
Borno Kaduna Oyo,Delta Kaduna Borno,2.78383100484271,0.04898129279723949,3,True
Borno Kaduna Oyo,Borno Cross River Lagos,16.338903439716983,2.1640389221279806e-06,2,True
Borno Kaduna Oyo,Bayelsa Borno Gombe,10.335265821742672,1.5696901653323788e-05,3,True
Borno Kaduna Oyo,Borno Bauchi Kaduna,10.335265821742654,1.569690165332401e-05,3,True
Borno Kaduna Oyo,Anambra Bauchi Kaduna,4.329251601373068,0.0014399570760640515,6,True
Borno Kaduna Oyo,Kano Zamfara,3.112576302913045,0.02236655326123538,4,True
Borno Kaduna Oyo,Ebonyi Lagos,5.531101580217005,0.00038263152515738554,5,True
Borno Kaduna Oyo,Abia Kano,3.71935877476807,0.004070769130357847,6,True
Borno Kaduna Oyo,Ekiti Kaduna,4.7694164274914455,0.0006926497446854493,6,True
Borno Kaduna Oyo,Lga,48.803143608634365,2.61415516177523e-13,2,True
Borno Kaduna Oyo,Lagos Ibadan,107.90370034250608,2.7806115223664058e-15,1,True
Borno Kaduna Oyo,Oyo Osun,107.74935342673194,2.8616079555393576e-15,1,True
Borno Kaduna Oyo,Kano Kebbi,108.1821436858902,2.6404229096997074e-15,1,True
Borno Kaduna Oyo,7 Lga,108.18214368589008,2.6404229096997594e-15,1,True
Borno Kaduna Oyo,Lagos Oyo Uyo,108.18214368589013,2.6404229096997334e-15,1,True
Borno Kaduna Oyo,Kwara Plateau,17.461320400342863,4.82422282657161e-10,5,True
Bayelsa Borno Kaduna,Kano,55.77797231594888,5.838274953765918e-17,3,True
Bayelsa Borno Kaduna,Kaduna,277.50283077424547,9.13888581341268e-25,1,True
Bayelsa Borno Kaduna,Borno,32.475140776944876,2.696513802951432e-15,6,True
Bayelsa Borno Kaduna,Kano Kaduna,10.546579956956142,1.3393266956051918e-05,3,True
Bayelsa Borno Kaduna,Kano Zamfara,23.934254877061175,3.749139597644369e-10,3,True
Bayelsa Borno Kaduna,Abia Kano,120.3407641690644,5.422022869131614e-27,5,True
Bayelsa Borno Kaduna,Ekiti Kaduna,717.9888554458352,5.502289326579439e-46,5,True
Bayelsa Borno Kaduna,Bayelsa Bauchi,769.1490750594262,6.387233052801352e-46,6,True
Bayelsa Borno Kaduna,Yobe Zamfara,3.1889611153128783,0.01026094938021554,6,True
Bayelsa Borno Kaduna,Adamawa,537.5239691063481,3.091690617355119e-42,6,True
Bayelsa Borno Kaduna,Plateau Zamfara,17117.417416606448,3.786739741117597e-78,6,True
Delta Kaduna Borno,Lagos,63.04032876520539,4.47259001508882e-21,6,True
Delta Kaduna Borno,Borno Kaduna Oyo,14.65665884861147,3.445193803963266e-07,3,True
Delta Kaduna Borno,Yobe Zamfara,16.740764981724023,0.00012401238151206026,1,True
Delta Kaduna Borno,Osun Oyo Yobe,75.48817154434757,1.842933951867475e-21,4,True
Delta Kaduna Borno,Lagos Ondo,77.99620426427568,8.742455971177872e-22,4,True
Delta Kaduna Borno,Lga,92.91174875352806,1.0536354905309463e-24,6,True
Delta Kaduna Borno,Lagos Ibadan,90.5647930944915,3.850108522856843e-24,5,True
Delta Kaduna Borno,Oyo Osun,91.12445074150364,3.345972694071192e-24,5,True
Delta Kaduna Borno,Bayelsa Kano Kabbi,77.9987144255218,8.7360223776551e-22,4,True
Delta Kaduna Borno,Kano Kogi,78.00578353572018,8.717930475836774e-22,4,True
Delta Kaduna Borno,Nasarawa Kaduna,64.95518820791392,5.4024236547949286e-20,4,True
Delta Kaduna Borno,Kano Kabbi,78.00578353572037,8.717930475836296e-22,4,True
Delta Kaduna Borno,Kano Kebbi,87.69632659650887,8.00279528302865e-24,5,True
Delta Kaduna Borno,7 Lga,87.69632659650888,8.00279528302865e-24,5,True
Delta Kaduna Borno,Lagos Oyo Uyo,87.69632659650877,8.002795283028886e-24,5,True
Oyo,Rivers,15.29348157276414,1.2723898547419584e-09,6,True
Oyo,Ogun,58.780778349140306,1.3655857103946034e-10,1,True
Oyo,Anambra Nasarawa,10.191096933524818,2.9742634919138395e-07,6,True
Oyo,Bayesla Bauchi,10.19109693352482,2.9742634919138336e-07,6,True
Oyo,Bauchi Borno Kano,13.842949882105462,4.639397315759706e-09,6,True
Oyo,Plateau Jos,13.842949882105447,4.639397315759768e-09,6,True
Oyo,Lagos Gombe Bauchi,22.191678154345354,2.59341013294747e-12,6,True
Oyo,Kano Kastina ,22.19167815434535,2.59341013294747e-12,6,True
Oyo,Jos Abia,22.191678154345336,2.5934101329475037e-12,6,True
Oyo,Ekiti Ondo,24.57316155515837,4.404652591450725e-13,6,True
Oyo,Borno Kaduna Kano,24.573161555158386,4.4046525914506654e-13,6,True
Oyo,Gombe Bauchi,24.573161555158368,4.404652591450725e-13,6,True
Oyo,Owo,66.88228983529652,1.152207753137367e-18,3,True
Oyo,Borno Kaduna,60.62493460756233,9.844526426106675e-18,3,True
Borno,Bayelsa Borno Gombe,6.512959413395093,9.390761914126677e-05,5,True
Borno,Borno Bauchi Kaduna,6.512959413395105,9.390761914126512e-05,5,True
Borno,Anambra Bauchi Kaduna,37.19285458225935,7.157661258174033e-16,5,True
Borno,Bauchi Borno Kastina,16.668330339103523,9.88313561722884e-10,5,True
Borno,Kaduna Kano,78.35054141245583,4.3130279433243886e-23,6,True
Borno,Ebonyi Lagos,33.51210226339989,5.44029150404305e-15,5,True
Borno,Abia Kano,26.411871777414973,4.581093395981691e-13,5,True
Borno,Ekiti Kaduna,31.64611581889354,1.62291298700718e-14,5,True
Borno,Bayelsa Bauchi,33.28253407788623,6.207838551896583e-15,5,True
Borno,Adamawa,25.963109357741946,6.231387312128436e-13,5,True
Borno,Plateau Zamfara,36.88559529979982,8.427380032224979e-16,5,True
Borno,Kawara Plateau,52.067269711797564,2.3984150615154675e-19,6,True
Borno,Kogi Kano Adawama,83.27889878582847,3.9260367794834097e-13,1,True
Borno,Abuja Koji Gombe,52.06726971179765,2.398415061515384e-19,6,True
Borno,Lagos Gombe Kogi,29.079040602266183,1.4812713357206783e-09,2,True
Borno,Kastina Kano Bauchi,67.71249751617835,4.1222490237184104e-16,2,True
Borno,Cross River Borno ,69.61439868718291,2.3119269621325454e-16,2,True
Borno,Adamawa Bauchi Borno,100.24221424084132,1.9797183153853592e-25,6,True
Borno,Ebonyi Lagos Edo,69.61439868718287,2.3119269621325705e-16,2,True
Borno,Abia Kano Ekiti,61.775537414204095,1.6370219490605203e-19,4,True
Borno,Jigawa Yobe,61.775537414204216,1.6370219490604454e-19,4,True
Borno,Zamfara Borno Kano,61.77553741420427,1.6370219490604107e-19,4,True
Borno,Kano Zamfara Bauchi,61.77553741420411,1.637021949060516e-19,4,True
Borno,Oyo Kebbi Kastina,45.54917741274551,1.2060937865523815e-17,5,True
Borno,Gombe Osun Yobe,46.6801408304729,7.273213861992584e-18,5,True
Borno,Borno Gombe Kaduna,46.68014083047282,7.273213861992795e-18,5,True
Borno,Nil,66.31404958284581,1.5332062623742641e-21,6,True
Borno Cross River Lagos,Kano,88.07602930853791,1.4085927115186196e-18,2,True
Borno Cross River Lagos,Borno,21.31816040771897,1.906742665490585e-11,5,True
Borno Cross River Lagos,Kano Kaduna,11.969820999426585,3.665490416332408e-06,3,True
Borno Cross River Lagos,Kano Zamfara,37.824152324491806,2.3556263501493515e-11,2,True
Borno Cross River Lagos,Abia Kano,159.13609555235035,3.3850676269851944e-29,4,True
Borno Cross River Lagos,Ekiti Kaduna,946.7222758369217,2.7302583631857063e-49,4,True
Borno Cross River Lagos,Bayelsa Bauchi,979.1228708826808,2.2335258043270888e-49,5,True
Borno Cross River Lagos,Yobe Zamfara,4.059313803835343,0.0035378804166978114,5,True
Borno Cross River Lagos,Adamawa,684.300269414157,1.839448265041784e-45,5,True
Borno Cross River Lagos,Plateau Zamfara,21813.10734842093,1.2411917450824338e-83,5,True
Borno Cross River Lagos,Kogi Kano Adawama,40.83133127415269,3.226059638113022e-17,6,True
Bayelsa Borno Gombe,Kano,90.34668209779126,7.954520350031245e-19,2,True
Bayelsa Borno Gombe,Borno,31.325551523114044,1.6826120790776685e-13,4,True
Bayelsa Borno Gombe,Anambra Bauchi Kaduna,140624.19190868057,3.225461442191581e-110,3,True
Bayelsa Borno Gombe,Kano Kaduna,18.61954162211036,5.385992717355593e-07,2,True
Bayelsa Borno Gombe,Kano Zamfara,79.49973026907765,9.040831074717295e-13,1,True
Bayelsa Borno Gombe,Abia Kano,223.80733420056933,1.709905353835999e-31,3,True
Bayelsa Borno Gombe,Ekiti Kaduna,1328.6794890113697,1.080953341868773e-52,3,True
Bayelsa Borno Gombe,Bayelsa Bauchi,1294.1711076364472,6.551857662534351e-53,4,True
Bayelsa Borno Gombe,Yobe Zamfara,5.371117023752991,0.0010262060471525258,4,True
Bayelsa Borno Gombe,Adamawa,904.5510233765438,9.174097298270332e-49,4,True
Bayelsa Borno Gombe,Plateau Zamfara,28857.509819017003,3.415864263615002e-89,4,True
Bayelsa Borno Gombe,Kogi Kano Adawama,52.00008319682367,7.639567856813201e-19,5,True
Bayelsa Borno Gombe,Lagos Gombe Kogi,10.603423482799444,1.7934522172072398e-07,6,True
Bayelsa Borno Gombe,Kastina Kano Bauchi,1521.6562175852146,5.641817772664216e-53,6,True
Anambra Bauchi Kaduna,Kano,4.541048735940174,0.00168258988021863,5,True
Anambra Bauchi Kaduna,Borno,145.6346759605759,4.946691345751119e-18,1,True
Anambra Bauchi Kaduna,Bauchi Borno Kastina,23.531868949630066,9.411687374648357e-13,6,True
Anambra Bauchi Kaduna,Bayelsa Bauchi,5912.833834736044,5.314358864391854e-64,1,True
Anambra Bauchi Kaduna,Yobe Zamfara,25.12052459261264,4.644596355911797e-06,1,True
Anambra Bauchi Kaduna,Adamawa,4150.867976090863,3.2025380590313242e-59,1,True
Anambra Bauchi Kaduna,Plateau Zamfara,103017.71391533085,5.818536817761591e-103,1,True
Anambra Bauchi Kaduna,Kogi Kano Adawama,152.33231845988553,3.0741709359363603e-24,2,True
Anambra Bauchi Kaduna,Lagos Gombe Kogi,24.294975315345283,2.962940511419274e-10,3,True
Anambra Bauchi Kaduna,Kastina Kano Bauchi,3499.441500436516,1.4384116023101045e-64,3,True
Anambra Bauchi Kaduna,Abia Kano Ekiti,558746000.0687125,4.815466193448295e-196,5,True
Anambra Bauchi Kaduna,Jigawa Yobe,558746000.0687125,4.815466193448295e-196,5,True
Anambra Bauchi Kaduna,Zamfara Borno Kano,558746000.0687127,4.815466193448295e-196,5,True
Anambra Bauchi Kaduna,Kano Zamfara Bauchi,558746000.0687122,4.815466193448295e-196,5,True
Anambra Bauchi Kaduna,Oyo Kebbi Kastina,2823.6513204309867,2.161371757682227e-59,6,True
Anambra Bauchi Kaduna,Gombe Osun Yobe,438463004.13031965,6.020768390959921e-184,6,True
Anambra Bauchi Kaduna,Borno Gombe Kaduna,438463004.1303201,6.020768390959778e-184,6,True
Kano Kaduna,Borno,8.332443377708662,0.0006497554696105569,2,True
Kano Kaduna,Anambra Bauchi Kaduna,14.279884229209388,8.752830371318608e-06,2,True
Kano Kaduna,Ebonyi Lagos,15.444070865947568,4.035649827954541e-06,2,True
Kano Kaduna,Abia Kano,12.48312845718322,3.0133039223416992e-05,2,True
Kano Kaduna,Ekiti Kaduna,14.346158686820564,8.370833576330824e-06,2,True
Kano Kaduna,Bayelsa Bauchi,9.990430401392697,2.2579152776166672e-05,3,True
Kano Kaduna,Adamawa,9.917988434891363,2.4185174648511934e-05,3,True
Kano Kaduna,Plateau Zamfara,10.145283320688247,1.9505128988408114e-05,3,True
Kano Kaduna,Kawara Plateau,9.554192469325931,3.423439608400019e-05,3,True
Kano Kaduna,Kogi Kano Adawama,7.591348184579281,0.0002400095107930347,3,True
Kano Kaduna,Abuja Koji Gombe,9.554192469325931,3.423439608400019e-05,3,True
Kano Kaduna,Lagos Gombe Kogi,3.48140964898303,0.013457297776415366,4,True
Kano Kaduna,Kastina Kano Bauchi,7.466967367983726,7.575028028211385e-05,4,True
Kano Kaduna,Cross River Borno ,7.496301966896835,7.312820812318166e-05,4,True
Kano Kaduna,Ebonyi Lagos Edo,7.496301966896876,7.312820812317829e-05,4,True
Kano Kaduna,Abia Kano Ekiti,5.233407006056873,0.00033927947702171136,6,True
Kano Kaduna,Jigawa Yobe,5.23340700605688,0.0003392794770217083,6,True
Kano Kaduna,Zamfara Borno Kano,5.233407006056883,0.00033927947702170615,6,True
Kano Kaduna,Kano Zamfara Bauchi,5.233407006056878,0.0003392794770217083,6,True
Kano Kaduna,Kano Kastina Yobe,24.2424226803408,2.067239916890042e-08,2,True
Kano Kaduna,Borno Yobe Kano,24.242422680340795,2.067239916890042e-08,2,True
Kano Kaduna,Crossriver Lagos Oyo,24.24242268034081,2.0672399168900265e-08,2,True
Kano Kaduna,Bayelsa Edo Kano,7.39684302911379,1.3151674089104009e-05,6,True
Kano Kaduna,Ebonyi ,21.73072617604584,8.483974820850463e-08,2,True
Kano Kaduna,Cross River Bayelsa,21.730726176045856,8.483974820850422e-08,2,True
Kano Kaduna,Ondo,12.476259363877585,2.34291786829931e-06,3,True
Kano Kaduna,Bayelsa,12.600804716295437,2.774487412485496e-05,2,True
Kano Kaduna,Kano Crossriver,15.3271984881191,2.129712156875418e-07,3,True
Kano Kaduna,Ondo Ebonyi,11.712836700706426,6.896674827342994e-07,4,True
Kano Kaduna,Kano Adamawa,11.712836700706381,6.896674827343288e-07,4,True
Kano Kaduna,Ebonyi Katsina,11.712836700706372,6.89667482734337e-07,4,True
Kano Kaduna,Ogbia Yenogog,10.959895313171641,1.5022405147114998e-06,4,True
Kano Kaduna,Katsina,10.959895313171646,1.5022405147114924e-06,4,True
Kano Kaduna,Adamawa Borno,8.934424005531765,4.09391267715826e-06,5,True
Kano Kaduna,Borno Adamawa Kastina,8.94161306171541,4.057622916163137e-06,5,True
Kano Zamfara,Lagos,13.312288977505297,1.073053655246565e-06,3,True
Kano Zamfara,Borno Kaduna Oyo,6.679095804845662,0.0006083773092536601,3,True
Kano Zamfara,Delta Kaduna Borno,4.536375806898804,0.037094513630080865,1,True
Kano Zamfara,Borno,11.312859629518046,6.331285501178658e-06,3,True
Kano Zamfara,Anambra Bauchi Kaduna,37.79872236006289,2.3822774863088297e-11,2,True
Kano Zamfara,Ebonyi Lagos,79.53392664964092,8.971946919243819e-13,1,True
Kano Zamfara,Abia Kano,31.008801288309154,5.647586379365986e-10,2,True
Kano Zamfara,Ekiti Kaduna,36.08103083628359,5.144383851636264e-11,2,True
Kano Zamfara,Bayelsa Bauchi,23.152252814714068,6.286648783525558e-10,3,True
Kano Zamfara,Yobe Zamfara,10.720953153105208,1.0934867598884898e-05,3,True
Kano Zamfara,Adamawa,22.893926530351283,7.472573743607034e-10,3,True
Kano Zamfara,Plateau Zamfara,23.880785570885898,3.8828737558207133e-10,3,True
Kano Zamfara,Kawara Plateau,16.99540816740705,4.4677179029910885e-09,4,True
Kano Zamfara,Kogi Kano Adawama,11.344576425594983,9.387487179250476e-07,4,True
Kano Zamfara,Abuja Koji Gombe,16.995408167407025,4.467717902991177e-09,4,True
Kano Zamfara,Lagos Gombe Kogi,4.510005016850994,0.001764376913616019,5,True
Kano Zamfara,Kastina Kano Bauchi,12.790260347674375,4.515266748751931e-08,5,True
Kano Zamfara,Cross River Borno ,12.82735854173165,4.341183241450891e-08,5,True
Kano Zamfara,Ebonyi Lagos Edo,12.827358541731611,4.341183241451073e-08,5,True
Kano Zamfara,Lga,7.432241041906566,2.6683151048822408e-05,5,True
Kano Zamfara,Lagos Ibadan,9.980558871226249,4.0362457276342625e-06,4,True
Kano Zamfara,Oyo Osun,9.969189310305007,4.086908960413086e-06,4,True
Kano Zamfara,Kano Kebbi,10.00344110414578,3.936241766957259e-06,4,True
Kano Zamfara,7 Lga,10.003441104145756,3.936241766957347e-06,4,True
Kano Zamfara,Lagos Oyo Uyo,10.003441104145725,3.936241766957482e-06,4,True
Bauchi Borno Kastina,Ekiti,4.617656579049647,0.005834477451268684,3,True
Bauchi Borno Kastina,Kano Kaduna,8.292587423581713,0.00011797949586571855,3,True
Bauchi Borno Kastina,Kaduna Kano,100.007356050964,1.250891607543923e-14,1,True
Bauchi Borno Kastina,Lagos Gombe Kogi,4.9909012215130115,0.0016965729007243596,4,True
Bauchi Borno Kastina,Kastina Kano Bauchi,7.038338860809052,0.0001231931673130353,4,True
Bauchi Borno Kastina,Cross River Borno ,7.277647148473411,9.190126342457762e-05,4,True
Bauchi Borno Kastina,Adamawa Bauchi Borno,118.80336678277018,3.901430901744265e-16,1,True
Bauchi Borno Kastina,Ebonyi Lagos Edo,7.277647148473402,9.190126342457886e-05,4,True
Bauchi Borno Kastina,Abia Kano Ekiti,7.356893534308564,8.345319767058933e-05,4,True
Bauchi Borno Kastina,Jigawa Yobe,7.3568935343085835,8.345319767058746e-05,4,True
Bauchi Borno Kastina,Zamfara Borno Kano,7.356893534308584,8.345319767058746e-05,4,True
Bauchi Borno Kastina,Kano Zamfara Bauchi,7.356893534308582,8.345319767058746e-05,4,True
Bauchi Borno Kastina,Oyo Kebbi Kastina,7.184290979110422,0.00010299716969651001,4,True
Bauchi Borno Kastina,Gombe Osun Yobe,7.090747552632556,0.00011550805166132162,4,True
Bauchi Borno Kastina,Borno Gombe Kaduna,7.090747552632484,0.00011550805166133144,4,True
Bauchi Borno Kastina,Nil,94.22290261556236,3.947697467029333e-14,1,True
Bauchi Borno Kastina,Adamawa Kano Osun,46.011247493614505,7.714394340489154e-13,2,True
Bauchi Borno Kastina,Crossriver Boron,34.00410587121207,1.3409191526334652e-10,2,True
Bauchi Borno Kastina,Kano Kastina Yobe,30.38811582441388,7.258334236639127e-12,3,True
Bauchi Borno Kastina,Borno Yobe Kano,30.388115824413884,7.258334236639127e-12,3,True
Bauchi Borno Kastina,Crossriver Lagos Oyo,30.38811582441386,7.258334236639235e-12,3,True
Bauchi Borno Kastina,Ebonyi ,21.59530045437074,1.1044537764950636e-10,4,True
Bauchi Borno Kastina,Cross River Bayelsa,21.595300454370687,1.1044537764951075e-10,4,True
Bauchi Borno Kastina,Ondo,13.917991525026814,1.401652251682813e-08,5,True
Bauchi Borno Kastina,Bayelsa,12.031239593059542,1.0226126376376919e-07,5,True
Bauchi Borno Kastina,Kano Crossriver,21.10539863617385,2.2557920169445818e-11,5,True
Bauchi Borno Kastina,Ondo Ebonyi,16.969733064255053,2.1330229959510997e-10,6,True
Bauchi Borno Kastina,Kano Adamawa,16.96973306425509,2.133022995951023e-10,6,True
Bauchi Borno Kastina,Ebonyi Katsina,16.969733064255067,2.1330229959510733e-10,6,True
Bauchi Borno Kastina,Uyo Delta,15.336074598093605,0.00022384763948016576,1,True
Bauchi Borno Kastina,Lagos Abuja Rivers,15.336074598093619,0.00022384763948016378,1,True
Bauchi Borno Kastina,Jos Abuja Lagos,15.33607459809362,0.00022384763948016378,1,True
Bauchi Borno Kastina,Adamawa Yola,7.312169231779358,0.001439205089142196,2,True
Bauchi Borno Kastina,Gombe Lagos,7.31216923177936,0.001439205089142196,2,True
Bauchi Borno Kastina,Osun Ikere,4.6446696973570045,0.005658792954808919,3,True
Bauchi Borno Kastina,Ilorin Osun,4.644669697357008,0.0056587929548088806,3,True
Bauchi Borno Kastina,Kano Katsina Kogi,4.644669697357003,0.005658792954808919,3,True
Bauchi Borno Kastina,Lagos Oyo Ibadan,4.6446696973570045,0.005658792954808919,3,True
Bauchi Borno Kastina,Kano Lagos,4.644669697357001,0.005658792954808919,3,True
Bauchi Borno Kastina,Ekiti ,4.6446696973570045,0.005658792954808919,3,True
Bauchi Borno Kastina,Ebonyi Osun,3.3023629547819375,0.017132029970656628,4,True
Kaduna Kano,Kano Kaduna,28.582206093151214,2.0915965578163293e-09,2,True
Kaduna Kano,Bauchi Borno Kastina,2.5764661317691235,0.04768230301704735,4,True
Kaduna Kano,Adamawa Bauchi Borno,12.668002299577267,2.4407561236687307e-07,4,True
Kaduna Kano,Oyo Kebbi Kastina,2.828163309049666,0.04647873114215386,3,True
Kaduna Kano,Adamawa Kano Osun,5335.419883189449,1.3057022135031301e-62,1,True
Kaduna Kano,Crossriver Boron,476.4583189723933,4.458486078024462e-31,1,True
Kaduna Kano,Ondo,118.42508177220569,4.701231160508311e-26,4,True
Kaduna Kano,Bayelsa,251.65881454006453,1.6379171559183937e-34,6,True
Kaduna Kano,Kano Crossriver,91777434.47501132,9.382062754354288e-184,4,True
Kaduna Kano,Ondo Ebonyi,69372515.00700964,6.1139940963426514e-173,5,True
Kaduna Kano,Kano Adamawa,69372515.0070096,6.1139940963426514e-173,5,True
Kaduna Kano,Ebonyi Katsina,69372515.00700958,6.1139940963426514e-173,5,True
Kaduna Kano,Ogbia Yenogog,54437553.96966395,3.3456070032650907e-162,6,True
Kaduna Kano,Katsina,54437553.96966399,3.3456070032650177e-162,6,True
Ebonyi Lagos,Kano,4.173284733136021,0.0018732561330107836,6,True
Ebonyi Lagos,Borno,69.6555353213709,2.283467578483534e-16,2,True
Ebonyi Lagos,Anambra Bauchi Kaduna,465892.46732887666,1.3395325103592262e-123,1,True
Ebonyi Lagos,Kano Kaduna,6.660019804008617,0.012240810650132647,1,True
Ebonyi Lagos,Bauchi Borno Kastina,3.027591693509897,0.03672775496565998,3,True
Ebonyi Lagos,Abia Kano,741.336236258378,1.498419673809037e-36,1,True
Ebonyi Lagos,Ekiti Kaduna,4386.835486625514,5.7535990103409e-60,1,True
Ebonyi Lagos,Bayelsa Bauchi,2869.7278292992096,2.772812758780378e-60,2,True
Ebonyi Lagos,Yobe Zamfara,11.960801414787593,4.249368695340255e-05,2,True
Ebonyi Lagos,Adamawa,2005.1095413039784,1.1376375779519967e-55,2,True
Ebonyi Lagos,Plateau Zamfara,64084.02154297389,1.2736411365785694e-100,2,True
Ebonyi Lagos,Kogi Kano Adawama,96.73011642922073,2.422579009476852e-22,3,True
Ebonyi Lagos,Lagos Gombe Kogi,17.289382189794416,3.4726993892611596e-09,4,True
Ebonyi Lagos,Kastina Kano Bauchi,2565.5638410401107,7.153121837453601e-61,4,True
Abia Kano,Kano,3.2868597400392736,0.0119657337655741,5,True
Abia Kano,Borno,130.26071652728743,5.607128388921144e-17,1,True
Abia Kano,Bauchi Borno Kastina,21.035184381986525,6.443182169398417e-12,6,True
Abia Kano,Bayelsa Bauchi,680.2339114095203,1.811077017610963e-35,1,True
Abia Kano,Yobe Zamfara,21.621163917455682,1.7489578433521616e-05,1,True
Abia Kano,Adamawa,608.8411277441677,4.380955870040655e-34,1,True
Abia Kano,Plateau Zamfara,734.4871609309624,1.96234648086141e-36,1,True
Abia Kano,Kawara Plateau,353.17387370493003,6.4827751106019875e-34,2,True
Abia Kano,Kogi Kano Adawama,97.4488961591509,1.4241485442980018e-19,2,True
Abia Kano,Abuja Koji Gombe,353.1738737049299,6.482775110602048e-34,2,True
Abia Kano,Lagos Gombe Kogi,19.767903278579006,6.594771013790283e-09,3,True
Abia Kano,Kastina Kano Bauchi,207.27876807325873,1.2714046554293693e-30,3,True
Abia Kano,Cross River Borno ,223.79460740215248,1.7124579730778047e-31,3,True
Abia Kano,Ebonyi Lagos Edo,223.79460740215248,1.7124579730778047e-31,3,True
Abia Kano,Abia Kano Ekiti,2808.1494364977866,5.7473204359595096e-61,5,True
Abia Kano,Jigawa Yobe,2808.14943649779,5.747320435959282e-61,5,True
Abia Kano,Zamfara Borno Kano,2808.1494364977902,5.747320435959282e-61,5,True
Abia Kano,Kano Zamfara Bauchi,2808.149436497786,5.7473204359595096e-61,5,True
Abia Kano,Oyo Kebbi Kastina,1200.5568181246244,1.6072968996262733e-50,6,True
Abia Kano,Gombe Osun Yobe,2206.9903183173374,7.836140336060564e-57,6,True
Abia Kano,Borno Gombe Kaduna,2206.9903183173387,7.836140336060451e-57,6,True
Ekiti Kaduna,Kano,3.5191565833087988,0.008269336074635432,5,True
Ekiti Kaduna,Borno,141.86140765034492,8.823829377242157e-18,1,True
Ekiti Kaduna,Bauchi Borno Kastina,21.538268158335715,4.318666907085454e-12,6,True
Ekiti Kaduna,Bayelsa Bauchi,4067.9106970635435,5.99190136511085e-59,1,True
Ekiti Kaduna,Yobe Zamfara,24.047635190211345,6.9297002269510135e-06,1,True
Ekiti Kaduna,Adamawa,2041.3374795072075,1.0186695015662721e-49,1,True
Ekiti Kaduna,Plateau Zamfara,4200.102602919671,2.220978326661203e-59,1,True
Ekiti Kaduna,Kawara Plateau,2093.6989703031645,3.1684652420650897e-56,2,True
Ekiti Kaduna,Kogi Kano Adawama,152.95857819541078,2.7736671482290155e-24,2,True
Ekiti Kaduna,Abuja Koji Gombe,2093.6989703031654,3.1684652420650463e-56,2,True
Ekiti Kaduna,Lagos Gombe Kogi,23.05665165200304,6.701030280427819e-10,3,True
Ekiti Kaduna,Kastina Kano Bauchi,938.874798190185,1.8134375977049946e-48,3,True
Ekiti Kaduna,Cross River Borno ,1329.8704507267014,1.0540867758322002e-52,3,True
Ekiti Kaduna,Ebonyi Lagos Edo,1329.8704507267016,1.0540867758322002e-52,3,True
Ekiti Kaduna,Abia Kano Ekiti,726.5323629546446,4.087622433531418e-46,5,True
Ekiti Kaduna,Jigawa Yobe,726.5323629546454,4.087622433531338e-46,5,True
Ekiti Kaduna,Zamfara Borno Kano,726.5323629546455,4.087622433531338e-46,5,True
Ekiti Kaduna,Kano Zamfara Bauchi,726.5323629546446,4.087622433531418e-46,5,True
Ekiti Kaduna,Oyo Kebbi Kastina,460.6239627099536,1.1800562485318022e-40,6,True
Ekiti Kaduna,Gombe Osun Yobe,571.5621353846267,7.245296004061217e-43,6,True
Ekiti Kaduna,Borno Gombe Kaduna,571.5621353846268,7.245296004061163e-43,6,True
Bayelsa Bauchi,Kano,3.981315500567199,0.003995441895783387,5,True
Bayelsa Bauchi,Borno,9.71461906627932,1.4643024151428753e-06,5,True
Bayelsa Bauchi,Bauchi Borno Kastina,25.20579973674179,1.0562210465416068e-12,5,True
Bayelsa Bauchi,Kaduna Kano,769.827077225515,6.2550526153140186e-46,6,True
Bayelsa Bauchi,Kawara Plateau,6020.1962755264,3.0325770924632134e-64,1,True
Bayelsa Bauchi,Kogi Kano Adawama,296.69632418326484,1.6150797823608822e-25,1,True
Bayelsa Bauchi,Abuja Koji Gombe,6020.1962755264,3.0325770924632134e-64,1,True
Bayelsa Bauchi,Lagos Gombe Kogi,37.008089165124936,3.387042411032056e-11,2,True
Bayelsa Bauchi,Kastina Kano Bauchi,1859.8795680950345,1.0486094030717817e-54,2,True
Bayelsa Bauchi,Cross River Borno ,2869.5382691013647,2.7782561788855013e-60,2,True
Bayelsa Bauchi,Adamawa Bauchi Borno,385.46648337029774,7.782802339820442e-39,6,True
Bayelsa Bauchi,Ebonyi Lagos Edo,2869.538269101364,2.778256178885517e-60,2,True
Bayelsa Bauchi,Abia Kano Ekiti,1294.372613869353,6.524666972947484e-53,4,True
Bayelsa Bauchi,Jigawa Yobe,1294.3726138693544,6.524666972947307e-53,4,True
Bayelsa Bauchi,Zamfara Borno Kano,1294.3726138693557,6.524666972947107e-53,4,True
Bayelsa Bauchi,Kano Zamfara Bauchi,1294.372613869355,6.524666972947197e-53,4,True
Bayelsa Bauchi,Oyo Kebbi Kastina,750.6405014997825,1.799536262013804e-46,5,True
Bayelsa Bauchi,Gombe Osun Yobe,979.0089103822097,2.2400926081952393e-49,5,True
Bayelsa Bauchi,Borno Gombe Kaduna,979.0089103822085,2.240092608195328e-49,5,True
Bayelsa Bauchi,Nil,282.5844646689592,1.1072379634078252e-35,6,True
Yobe Zamfara,Lagos,18.44940872146331,5.688309305887899e-07,2,True
Yobe Zamfara,Rivers,4.681626347732079,0.005481152174862722,3,True
Yobe Zamfara,Ogun,4.157219234518383,0.009861503324046856,3,True
Yobe Zamfara,Borno Kaduna Oyo,9.348338700657061,0.0002923113042163726,2,True
Yobe Zamfara,Oyo,6.214616361254552,0.0035246903981254723,2,True
Yobe Zamfara,Kaduna Kano,3.167212904851816,0.010660999795907391,6,True
Yobe Zamfara,Kawara Plateau,25.20453711236416,4.50236971164328e-06,1,True
Yobe Zamfara,Kogi Kano Adawama,20.07661073127464,3.203617704953839e-05,1,True
Yobe Zamfara,Abuja Koji Gombe,25.20453711236414,4.502369711643328e-06,1,True
Yobe Zamfara,Lagos Gombe Kogi,5.090646748786552,0.009076041249599393,2,True
Yobe Zamfara,Kastina Kano Bauchi,11.841133464410149,4.629503466338912e-05,2,True
Yobe Zamfara,Cross River Borno ,11.981404772254024,4.187247567986193e-05,2,True
Yobe Zamfara,Adamawa Bauchi Borno,3.0632327087705846,0.012803986943590175,6,True
Yobe Zamfara,Ebonyi Lagos Edo,11.981404772253995,4.187247567986278e-05,2,True
Yobe Zamfara,Abia Kano Ekiti,5.371563502026901,0.0010256046838355835,4,True
Yobe Zamfara,Jigawa Yobe,5.3715635020269215,0.0010256046838355557,4,True
Yobe Zamfara,Zamfara Borno Kano,5.3715635020269135,0.0010256046838355726,4,True
Yobe Zamfara,Kano Zamfara Bauchi,5.371563502026913,0.0010256046838355726,4,True
Yobe Zamfara,Oyo Kebbi Kastina,4.022260820111585,0.003748152267804085,5,True
Yobe Zamfara,Gombe Osun Yobe,4.049956479038764,0.0035898152977098495,5,True
Yobe Zamfara,Borno Gombe Kaduna,4.04995647903875,0.003589815297709924,5,True
Yobe Zamfara,Nil,3.036860372830793,0.013413840030163297,6,True
Yobe Zamfara,Lga,8.702358595405748,1.6984400044169058e-05,4,True
Yobe Zamfara,Lagos Ibadan,12.416712092436129,2.3453530704743264e-06,3,True
Yobe Zamfara,Oyo Osun,12.399764001776497,2.380795340075356e-06,3,True
Yobe Zamfara,Kano Kebbi,12.4539234905686,2.269436110810201e-06,3,True
Yobe Zamfara,7 Lga,12.45392349056861,2.269436110810179e-06,3,True
Yobe Zamfara,Lagos Oyo Uyo,12.453923490568622,2.269436110810152e-06,3,True
Yobe Zamfara,Lagos Gombe Bauchi,25.204537112364182,4.502369711643257e-06,1,True
Yobe Zamfara,Kano Kastina ,25.204537112364136,4.502369711643328e-06,1,True
Yobe Zamfara,Jos Abia,25.20453711236418,4.502369711643257e-06,1,True
Yobe Zamfara,Ekiti Ondo,11.98140477225401,4.187247567986237e-05,2,True
Yobe Zamfara,Borno Kaduna Kano,11.981404772254011,4.187247567986237e-05,2,True
Yobe Zamfara,Gombe Bauchi,11.981404772254011,4.187247567986237e-05,2,True
Yobe Zamfara,Owo,7.574889581157566,0.00023847647870742708,3,True
Yobe Zamfara,Borno Kaduna,7.288843420039186,0.0003206506790232191,3,True
Adamawa,Kano,5.369413023554102,0.00048518818230604423,5,True
Adamawa,Borno,8.632527316726476,5.584320825835409e-06,5,True
Adamawa,Bauchi Borno Kastina,40.492480900690374,1.319376465512588e-16,5,True
Adamawa,Kaduna Kano,528.0223210568446,4.711066623856384e-42,6,True
Adamawa,Kawara Plateau,4206.530466022304,2.118010566452477e-59,1,True
Adamawa,Kogi Kano Adawama,330.6599088651817,9.33387670993468e-27,1,True
Adamawa,Abuja Koji Gombe,4206.530466022306,2.118010566452435e-59,1,True
Adamawa,Lagos Gombe Kogi,36.574622267208994,4.115061321993759e-11,2,True
Adamawa,Kastina Kano Bauchi,1447.1085041337078,1.7032001490961857e-51,2,True
Adamawa,Cross River Borno ,2004.9663573741461,1.1400414169704133e-55,2,True
Adamawa,Adamawa Bauchi Borno,327.40936215885455,3.565491760465615e-37,6,True
Adamawa,Ebonyi Lagos Edo,2004.9663573741452,1.1400414169704286e-55,2,True
Adamawa,Abia Kano Ekiti,904.4726742805179,9.195250766759332e-49,4,True
Adamawa,Jigawa Yobe,904.472674280517,9.195250766759595e-49,4,True
Adamawa,Zamfara Borno Kano,904.4726742805171,9.195250766759561e-49,4,True
Adamawa,Kano Zamfara Bauchi,904.4726742805178,9.19525076675936e-49,4,True
Adamawa,Oyo Kebbi Kastina,562.0787091051504,2.5488440629359472e-43,5,True
Adamawa,Gombe Osun Yobe,684.2112317347496,1.8454669298685986e-45,5,True
Adamawa,Borno Gombe Kaduna,684.2112317347485,1.8454669298686708e-45,5,True
Adamawa,Nil,540.7011388705074,2.6899193296527028e-42,6,True
Plateau Zamfara,Kano,4.256980650508666,0.0026035632726824735,5,True
Plateau Zamfara,Borno,9.661308312563706,1.5617710430201726e-06,5,True
Plateau Zamfara,Anambra Bauchi Kaduna,5.853714471123427,0.0014776591131350346,3,True
Plateau Zamfara,Bauchi Borno Kastina,27.250099081270882,2.6037226534361407e-13,5,True
Plateau Zamfara,Kaduna Kano,17123.67795791753,3.753668656055083e-78,6,True
Plateau Zamfara,Kawara Plateau,134540.97340930678,1.3018144288246087e-106,1,True
Plateau Zamfara,Kogi Kano Adawama,318.8299411701721,2.4474517096764835e-26,1,True
Plateau Zamfara,Abuja Koji Gombe,134540.97340930675,1.30181442882466e-106,1,True
Plateau Zamfara,Lagos Gombe Kogi,38.30572539975148,1.9051290784910048e-11,2,True
Plateau Zamfara,Kastina Kano Bauchi,5182.7178980937015,6.334479999809325e-68,2,True
Plateau Zamfara,Cross River Borno ,64083.98062871393,1.2736655199811744e-100,2,True
Plateau Zamfara,Adamawa Bauchi Borno,866.07395371196,3.8126002755333084e-47,6,True
Plateau Zamfara,Ebonyi Lagos Edo,64083.98062871394,1.273665519981165e-100,2,True
Plateau Zamfara,Abia Kano Ekiti,28857.386487110754,3.4162582639178954e-89,4,True
Plateau Zamfara,Jigawa Yobe,28857.38648711076,3.416258263917874e-89,4,True
Plateau Zamfara,Zamfara Borno Kano,28857.386487110773,3.4162582639178396e-89,4,True
Plateau Zamfara,Kano Zamfara Bauchi,28857.386487110747,3.4162582639179226e-89,4,True
Plateau Zamfara,Oyo Kebbi Kastina,3043.8762952766515,7.414339986766676e-62,5,True
Plateau Zamfara,Gombe Osun Yobe,21812.940098600193,1.2414343260679864e-83,5,True
Plateau Zamfara,Borno Gombe Kaduna,21812.94009860015,1.2414343260680354e-83,5,True
Plateau Zamfara,Nil,458.5200899179415,1.3144281123118049e-40,6,True
Kawara Plateau,Kano,3.206944702143265,0.013594507810711424,5,True
Kawara Plateau,Borno,9.664336936595614,1.556057555699015e-06,5,True
Kawara Plateau,Anambra Bauchi Kaduna,140626.1719450478,3.2241675443381616e-110,3,True
Kawara Plateau,Kano Kaduna,8.508093170651875,2.8560063734914815e-06,6,True
Kawara Plateau,Bauchi Borno Kastina,19.47728735356292,5.705581585569188e-10,4,True
Kawara Plateau,Lagos Gombe Kogi,80.73538039239104,6.865893319987105e-13,1,True
Kawara Plateau,Kastina Kano Bauchi,11963.224804030246,1.4348470681517032e-73,1,True
Kawara Plateau,Adamawa Bauchi Borno,1175.976301234506,2.189716755508353e-51,5,True
Kawara Plateau,Oyo Kebbi Kastina,4759.343562599056,4.345094568323979e-68,4,True
Kawara Plateau,Nil,605.39148374946,3.973513893159962e-44,5,True
Kawara Plateau,Adamawa Kano Osun,705.729141270732,4.918626333559663e-45,6,True
Kawara Plateau,Crossriver Boron,60.80203095646317,9.567905431908937e-21,6,True
Kogi Kano Adawama,Borno,3.5715142053351627,0.007611081917193871,5,True
Kogi Kano Adawama,Kano Kaduna,6.086465236403194,8.994502848174445e-05,6,True
Kogi Kano Adawama,Bauchi Borno Kastina,11.86835857007415,5.465980495974009e-07,4,True
Kogi Kano Adawama,Kaduna Kano,52.008067472515215,7.614878433459472e-19,5,True
Kogi Kano Adawama,Lagos Gombe Kogi,53.297883932225986,5.971934132638754e-10,1,True
Kogi Kano Adawama,Kastina Kano Bauchi,308.14746548180517,5.999253374791753e-26,1,True
Kogi Kano Adawama,Cross River Borno ,320.5613674390671,2.121455420936603e-26,1,True
Kogi Kano Adawama,Adamawa Bauchi Borno,48.5203584029677,3.261026688173827e-18,5,True
Kogi Kano Adawama,Ebonyi Lagos Edo,320.5613674390669,2.121455420936645e-26,1,True
Kogi Kano Adawama,Abia Kano Ekiti,96.72977034119126,2.422784808465762e-22,3,True
Kogi Kano Adawama,Jigawa Yobe,96.7297703411913,2.4227848084657146e-22,3,True
Kogi Kano Adawama,Zamfara Borno Kano,96.72977034119127,2.4227848084657386e-22,3,True
Kogi Kano Adawama,Kano Zamfara Bauchi,96.72977034119126,2.422784808465762e-22,3,True
Kogi Kano Adawama,Oyo Kebbi Kastina,67.10011141275675,2.6218296777654237e-20,4,True
Kogi Kano Adawama,Gombe Osun Yobe,68.75815526520466,1.518859736601862e-20,4,True
Kogi Kano Adawama,Borno Gombe Kaduna,68.75815526520441,1.518859736601993e-20,4,True
Kogi Kano Adawama,Nil,60.38178857465923,3.1434684446307775e-20,5,True
Kogi Kano Adawama,Adamawa Kano Osun,37.708278135526285,1.5360960094392354e-16,6,True
Kogi Kano Adawama,Crossriver Boron,21.831246181358605,3.4313635265854823e-12,6,True
Kogi Kano Adawama,Lagos Gombe Bauchi,9.446584190357038,0.0031245613831318094,1,True
Kogi Kano Adawama,Kano Kastina ,9.44658419035702,0.0031245613831318493,1,True
Kogi Kano Adawama,Jos Abia,9.446584190357019,0.0031245613831318493,1,True
Kogi Kano Adawama,Ekiti Ondo,4.490648014352412,0.015226392511181377,2,True
Kogi Kano Adawama,Borno Kaduna Kano,4.490648014352416,0.01522639251118131,2,True
Kogi Kano Adawama,Gombe Bauchi,4.4906480143524155,0.01522639251118131,2,True
Kogi Kano Adawama,Owo,2.8393556883984874,0.04586764854697688,3,True
Abuja Koji Gombe,Kano,3.206944702143267,0.013594507810711424,5,True
Abuja Koji Gombe,Borno,9.66433693659561,1.556057555699015e-06,5,True
Abuja Koji Gombe,Anambra Bauchi Kaduna,140626.17194504783,3.2241675443381616e-110,3,True
Abuja Koji Gombe,Kano Kaduna,8.508093170651875,2.8560063734914815e-06,6,True
Abuja Koji Gombe,Bauchi Borno Kastina,19.477287353562936,5.705581585569125e-10,4,True
Abuja Koji Gombe,Lagos Gombe Kogi,80.73538039239102,6.865893319987105e-13,1,True
Abuja Koji Gombe,Kastina Kano Bauchi,11963.224804030244,1.4348470681517032e-73,1,True
Abuja Koji Gombe,Adamawa Bauchi Borno,1175.976301234506,2.189716755508353e-51,5,True
Abuja Koji Gombe,Oyo Kebbi Kastina,4759.343562599054,4.345094568324014e-68,4,True
Abuja Koji Gombe,Nil,605.39148374946,3.973513893159962e-44,5,True
Abuja Koji Gombe,Adamawa Kano Osun,705.7291412707319,4.918626333559698e-45,6,True
Abuja Koji Gombe,Crossriver Boron,60.80203095646316,9.56790543190897e-21,6,True
Lagos Gombe Kogi,Kosofe Lga,18.423429799325493,5.780577552230645e-07,2,True
Lagos Gombe Kogi,Borno,2.4146520349337157,0.04856910093318645,5,True
Lagos Gombe Kogi,Kano Kaduna,3.7846675185371867,0.0055252300743101725,5,True
Lagos Gombe Kogi,Bauchi Borno Kastina,8.932059683822617,6.072879301046647e-05,3,True
Lagos Gombe Kogi,Kaduna Kano,17.28528247129195,3.4848675819829725e-09,4,True
Lagos Gombe Kogi,Adamawa Bauchi Borno,23.918565656651662,2.0283010314684436e-11,4,True
Lagos Gombe Kogi,Abia Kano Ekiti,38.45221557512905,1.7865384179185102e-11,2,True
Lagos Gombe Kogi,Jigawa Yobe,38.45221557512906,1.7865384179185102e-11,2,True
Lagos Gombe Kogi,Zamfara Borno Kano,38.45221557512905,1.7865384179185102e-11,2,True
Lagos Gombe Kogi,Kano Zamfara Bauchi,38.452215575129046,1.786538417918518e-11,2,True
Lagos Gombe Kogi,Oyo Kebbi Kastina,24.246817549986744,3.057172965306731e-10,3,True
Lagos Gombe Kogi,Gombe Osun Yobe,24.340354201904788,2.876894747422544e-10,3,True
Lagos Gombe Kogi,Borno Gombe Kaduna,24.340354201904788,2.876894747422544e-10,3,True
Lagos Gombe Kogi,Nil,16.626595420077045,6.148741249316243e-09,4,True
Lagos Gombe Kogi,Adamawa Kano Osun,14.500552267093866,7.812140926307233e-09,5,True
Lagos Gombe Kogi,Crossriver Boron,10.29694929571244,7.314109403142282e-07,5,True
Lagos Gombe Kogi,Kano Kastina Yobe,11.314622233377667,7.67024259618261e-08,6,True
Lagos Gombe Kogi,Borno Yobe Kano,11.314622233377648,7.670242596182778e-08,6,True
Lagos Gombe Kogi,Crossriver Lagos Oyo,11.31462223337767,7.670242596182578e-08,6,True
Lagos Gombe Kogi,Ekiti Oyo,11.652447265222298,4.648058124492906e-06,3,True
Lagos Gombe Kogi,Akure Jos,11.652447265222284,4.648058124492972e-06,3,True
Lagos Gombe Kogi,Kebbi Bayelsa,11.65244726522229,4.648058124492928e-06,3,True
Lagos Gombe Kogi,Abuja Lagos Ondo,11.652447265222298,4.648058124492906e-06,3,True
Lagos Gombe Kogi,Gombe Damaturu,11.65244726522229,4.648058124492928e-06,3,True
Lagos Gombe Kogi,Abia Eboniyi Ekiti,18.423882587893935,5.778956229576547e-07,2,True
Lagos Gombe Kogi,Bayelsa Borno,8.26724195726596,2.816125242946128e-05,4,True
Lagos Gombe Kogi,Lagos Kano,8.18310132002994,3.108503846710525e-05,4,True
Lagos Gombe Kogi,Osun Oyo Yobe,6.213970590575452,0.0001430699529813821,5,True
Lagos Gombe Kogi,Lagos Ondo,6.236574273690662,0.00013855938218394046,5,True
Lagos Gombe Kogi,Bayelsa Kano Kabbi,5.043099730591637,0.00044299465168428764,6,True
Kastina Kano Bauchi,Borno,9.304508653173746,2.41347624374681e-06,5,True
Kastina Kano Bauchi,Kano Kaduna,9.865845619442101,1.3228077382370894e-06,5,True
Kastina Kano Bauchi,Bauchi Borno Kastina,29.640536280929062,1.1159370070516039e-11,3,True
Kastina Kano Bauchi,Kaduna Kano,2566.233635430187,7.103155266576538e-61,4,True
Kastina Kano Bauchi,Adamawa Bauchi Borno,585.1670607449494,9.388952891674036e-44,4,True
Kastina Kano Bauchi,Abia Kano Ekiti,5697.985526652567,3.746107910552334e-69,2,True
Kastina Kano Bauchi,Jigawa Yobe,5697.985526652568,3.746107910552311e-69,2,True
Kastina Kano Bauchi,Zamfara Borno Kano,5697.9855266525665,3.7461079105523457e-69,2,True
Kastina Kano Bauchi,Kano Zamfara Bauchi,5697.985526652567,3.746107910552334e-69,2,True
Kastina Kano Bauchi,Oyo Kebbi Kastina,2300.9626675508,2.0514938216122607e-59,3,True
Kastina Kano Bauchi,Gombe Osun Yobe,3609.639313368731,5.973157316529587e-65,3,True
Kastina Kano Bauchi,Borno Gombe Kaduna,3609.639313368733,5.973157316529587e-65,3,True
Kastina Kano Bauchi,Nil,596.824845513115,5.58030556207924e-44,4,True
Kastina Kano Bauchi,Adamawa Kano Osun,600.9238319143665,4.783698866098197e-44,5,True
Kastina Kano Bauchi,Crossriver Boron,73.51007092272454,4.2124498363876747e-22,5,True
Kastina Kano Bauchi,Kano Kastina Yobe,1521.5933578122244,5.64738257346431e-53,6,True
Kastina Kano Bauchi,Borno Yobe Kano,1521.5933578122238,5.647382573464388e-53,6,True
Kastina Kano Bauchi,Crossriver Lagos Oyo,1521.5933578122233,5.647382573464403e-53,6,True
Cross River Borno ,Borno,9.667108752916327,1.5508475237658696e-06,5,True
Cross River Borno ,Anambra Bauchi Kaduna,59293.09072006892,4.2896928663840635e-91,6,True
Cross River Borno ,Kano Kaduna,9.938829223160617,1.2131424513882566e-06,5,True
Cross River Borno ,Bauchi Borno Kastina,30.439199761785087,7.0497535775531406e-12,3,True
Cross River Borno ,Adamawa Bauchi Borno,786.1940581973885,3.8027472025716136e-47,4,True
Cross River Borno ,Oyo Kebbi Kastina,6695.7272198629225,1.4424489538515546e-72,3,True
Cross River Borno ,Nil,800.7434578513128,2.33778634828816e-47,4,True
Cross River Borno ,Adamawa Kano Osun,899.4067484752183,1.9000727112002256e-48,5,True
Cross River Borno ,Crossriver Boron,77.51681934279236,1.2903071307919432e-22,5,True
Adamawa Bauchi Borno,Kano Kaduna,27.64661649029123,3.37698454152736e-09,2,True
Adamawa Bauchi Borno,Kaduna Kano,13.345425437736463,1.2547218104088815e-07,4,True
Adamawa Bauchi Borno,Abia Kano Ekiti,13.042372881355908,1.6864699767323968e-07,4,True
Adamawa Bauchi Borno,Jigawa Yobe,13.042372881355943,1.686469976732335e-07,4,True
Adamawa Bauchi Borno,Zamfara Borno Kano,13.042372881355947,1.686469976732335e-07,4,True
Adamawa Bauchi Borno,Kano Zamfara Bauchi,13.042372881355924,1.686469976732379e-07,4,True
Adamawa Bauchi Borno,Oyo Kebbi Kastina,10.490369666526966,5.830575026016984e-07,5,True
Adamawa Bauchi Borno,Gombe Osun Yobe,13.042372881355975,1.6864699767322888e-07,4,True
Adamawa Bauchi Borno,Borno Gombe Kaduna,13.042372881355902,1.6864699767324053e-07,4,True
Adamawa Bauchi Borno,Nil,4.587517744158695,0.0029143217755378224,4,True
Adamawa Bauchi Borno,Adamawa Kano Osun,2146.7540026574907,2.182855382212617e-50,1,True
Adamawa Bauchi Borno,Crossriver Boron,410.58919166204544,2.7201656407441067e-29,1,True
Adamawa Bauchi Borno,Kano Kastina Yobe,1751.186142631261,6.199524917087988e-54,2,True
Adamawa Bauchi Borno,Borno Yobe Kano,1751.1861426312607,6.199524917087988e-54,2,True
Adamawa Bauchi Borno,Crossriver Lagos Oyo,1751.1861426312607,6.199524917087988e-54,2,True
Adamawa Bauchi Borno,Ebonyi ,1110.3418523969412,1.6631083540132916e-50,3,True
Adamawa Bauchi Borno,Cross River Bayelsa,1110.3418523969412,1.6631083540132916e-50,3,True
Adamawa Bauchi Borno,Ondo,98.26337597150246,4.05789538742055e-24,4,True
Adamawa Bauchi Borno,Bayelsa,153.02637179768695,1.506848554646668e-29,6,True
Adamawa Bauchi Borno,Kano Crossriver,789.9620071769054,3.3497415494161743e-47,4,True
Adamawa Bauchi Borno,Ondo Ebonyi,1149.3778930944857,3.903200026504448e-51,5,True
Adamawa Bauchi Borno,Kano Adamawa,1149.3778930944857,3.903200026504448e-51,5,True
Adamawa Bauchi Borno,Ebonyi Katsina,1149.3778930944836,3.9032000265046016e-51,5,True
Adamawa Bauchi Borno,Ogbia Yenogog,901.5326600507144,1.469056560906036e-47,6,True
Adamawa Bauchi Borno,Katsina,901.5326600507149,1.4690565609060233e-47,6,True
Ebonyi Lagos Edo,Borno,9.667108752916333,1.5508475237658626e-06,5,True
Ebonyi Lagos Edo,Anambra Bauchi Kaduna,59293.090720068954,4.2896928663840047e-91,6,True
Ebonyi Lagos Edo,Kano Kaduna,9.938829223160624,1.2131424513882505e-06,5,True
Ebonyi Lagos Edo,Bauchi Borno Kastina,30.439199761785094,7.049753577553037e-12,3,True
Ebonyi Lagos Edo,Adamawa Bauchi Borno,786.1940581973884,3.8027472025716354e-47,4,True
Ebonyi Lagos Edo,Oyo Kebbi Kastina,6695.727219862924,1.4424489538515546e-72,3,True
Ebonyi Lagos Edo,Nil,800.743457851313,2.3377863482881476e-47,4,True
Ebonyi Lagos Edo,Adamawa Kano Osun,899.4067484752183,1.9000727112002256e-48,5,True
Ebonyi Lagos Edo,Crossriver Boron,77.51681934279237,1.2903071307919432e-22,5,True
Abia Kano Ekiti,Borno,9.665710441862174,1.5534735887817967e-06,5,True
Abia Kano Ekiti,Anambra Bauchi Kaduna,59294.25089692039,4.2876791974699594e-91,6,True
Abia Kano Ekiti,Kano Kaduna,13.257715603621358,1.490346137060033e-07,4,True
Abia Kano Ekiti,Bauchi Borno Kastina,100.31267020622745,1.1786287698844706e-14,1,True
Abia Kano Ekiti,Kaduna Kano,78174.23287362426,3.286471219960947e-103,2,True
Abia Kano Ekiti,Adamawa Bauchi Borno,1751.3330999178897,6.184199714457722e-54,2,True
Abia Kano Ekiti,Oyo Kebbi Kastina,22188.33799630617,5.478382729490027e-82,1,True
Abia Kano Ekiti,Nil,1770.0402969701404,4.520336989951951e-54,2,True
Abia Kano Ekiti,Adamawa Kano Osun,1674.3148797910153,1.6166336392258915e-55,3,True
Abia Kano Ekiti,Crossriver Boron,144.40884409621987,1.3359020028484934e-26,3,True
Abia Kano Ekiti,Ondo,70.41057860161666,4.280796202335079e-22,6,True
Abia Kano Ekiti,Bayelsa,48.00301479499127,1.261455956582768e-18,6,True
Jigawa Yobe,Borno,9.665710441862174,1.5534735887817967e-06,5,True
Jigawa Yobe,Anambra Bauchi Kaduna,59294.25089692045,4.2876791974698564e-91,6,True
Jigawa Yobe,Kano Kaduna,13.257715603621362,1.490346137060022e-07,4,True
Jigawa Yobe,Bauchi Borno Kastina,100.31267020622745,1.1786287698844706e-14,1,True
Jigawa Yobe,Kaduna Kano,78174.23287362426,3.286471219960947e-103,2,True
Jigawa Yobe,Adamawa Bauchi Borno,1751.3330999178897,6.184199714457722e-54,2,True
Jigawa Yobe,Oyo Kebbi Kastina,22188.33799630617,5.478382729490027e-82,1,True
Jigawa Yobe,Nil,1770.0402969701404,4.520336989951951e-54,2,True
Jigawa Yobe,Adamawa Kano Osun,1674.3148797910153,1.6166336392258915e-55,3,True
Jigawa Yobe,Crossriver Boron,144.40884409621987,1.3359020028484934e-26,3,True
Jigawa Yobe,Ondo,70.41057860161662,4.280796202335146e-22,6,True
Jigawa Yobe,Bayelsa,48.00301479499126,1.2614559565827807e-18,6,True
Zamfara Borno Kano,Borno,9.665710441862174,1.5534735887817967e-06,5,True
Zamfara Borno Kano,Anambra Bauchi Kaduna,59294.250896920435,4.287679197469896e-91,6,True
Zamfara Borno Kano,Kano Kaduna,13.257715603621353,1.4903461370600364e-07,4,True
Zamfara Borno Kano,Bauchi Borno Kastina,100.31267020622744,1.1786287698844706e-14,1,True
Zamfara Borno Kano,Kaduna Kano,78174.23287362425,3.2864712199609565e-103,2,True
Zamfara Borno Kano,Adamawa Bauchi Borno,1751.3330999178904,6.184199714457631e-54,2,True
Zamfara Borno Kano,Oyo Kebbi Kastina,22188.33799630617,5.478382729490027e-82,1,True
Zamfara Borno Kano,Nil,1770.0402969701406,4.5203369899519285e-54,2,True
Zamfara Borno Kano,Adamawa Kano Osun,1674.3148797910158,1.6166336392258915e-55,3,True
Zamfara Borno Kano,Crossriver Boron,144.40884409621987,1.3359020028484934e-26,3,True
Zamfara Borno Kano,Ondo,70.41057860161665,4.280796202335084e-22,6,True
Zamfara Borno Kano,Bayelsa,48.00301479499117,1.2614559565828265e-18,6,True
Kano Zamfara Bauchi,Borno,9.665710441862174,1.5534735887817967e-06,5,True
Kano Zamfara Bauchi,Anambra Bauchi Kaduna,59294.250896920465,4.2876791974698357e-91,6,True
Kano Zamfara Bauchi,Kano Kaduna,13.25771560362135,1.4903461370600433e-07,4,True
Kano Zamfara Bauchi,Bauchi Borno Kastina,100.31267020622745,1.1786287698844706e-14,1,True
Kano Zamfara Bauchi,Kaduna Kano,78174.23287362426,3.286471219960947e-103,2,True
Kano Zamfara Bauchi,Adamawa Bauchi Borno,1751.3330999178904,6.184199714457631e-54,2,True
Kano Zamfara Bauchi,Oyo Kebbi Kastina,22188.337996306174,5.478382729490027e-82,1,True
Kano Zamfara Bauchi,Nil,1770.0402969701406,4.5203369899519285e-54,2,True
Kano Zamfara Bauchi,Adamawa Kano Osun,1674.3148797910158,1.6166336392258915e-55,3,True
Kano Zamfara Bauchi,Crossriver Boron,144.40884409621987,1.3359020028484934e-26,3,True
Kano Zamfara Bauchi,Ondo,70.41057860161666,4.280796202335079e-22,6,True
Kano Zamfara Bauchi,Bayelsa,48.00301479499127,1.261455956582768e-18,6,True
Oyo Kebbi Kastina,Kano Kaduna,18.21262770518577,2.2699616108391608e-08,3,True
Oyo Kebbi Kastina,Bauchi Borno Kastina,2.633155447310012,0.044007683147587434,4,True
Oyo Kebbi Kastina,Kaduna Kano,19334.574685468124,4.134417050551477e-80,1,True
Oyo Kebbi Kastina,Adamawa Bauchi Borno,3093.140846762924,2.8879541370184366e-55,1,True
Oyo Kebbi Kastina,Nil,3129.739650898669,2.0082445430932398e-55,1,True
Oyo Kebbi Kastina,Adamawa Kano Osun,2080.5413087626853,3.817877032074758e-56,2,True
Oyo Kebbi Kastina,Crossriver Boron,221.35556754804034,2.0182843917493295e-28,2,True
Oyo Kebbi Kastina,Kano Kastina Yobe,6695.692924838425,1.4426589251269234e-72,3,True
Oyo Kebbi Kastina,Borno Yobe Kano,6695.692924838425,1.4426589251269234e-72,3,True
Oyo Kebbi Kastina,Crossriver Lagos Oyo,6695.692924838425,1.4426589251269234e-72,3,True
Oyo Kebbi Kastina,Ebonyi ,4759.2903353083275,4.3464029786592805e-68,4,True
Oyo Kebbi Kastina,Cross River Bayelsa,4759.290335308328,4.3464029786592665e-68,4,True
Oyo Kebbi Kastina,Ondo,86.50617774684528,1.0909587379695918e-23,5,True
Oyo Kebbi Kastina,Bayelsa,188.13937586393237,1.348326864722338e-31,6,True
Oyo Kebbi Kastina,Kano Crossriver,3596.4838847776955,1.0680096983554174e-63,5,True
Oyo Kebbi Kastina,Ondo Ebonyi,2822.1487236333,2.189074878581589e-59,6,True
Oyo Kebbi Kastina,Kano Adamawa,2822.1487236333064,2.189074878581473e-59,6,True
Oyo Kebbi Kastina,Ebonyi Katsina,2822.148723633303,2.189074878581542e-59,6,True
Gombe Osun Yobe,Kano Kaduna,18.30054729791686,2.125968308868868e-08,3,True
Gombe Osun Yobe,Kaduna Kano,164124.02509949237,2.492764659084357e-109,1,True
Gombe Osun Yobe,Adamawa Bauchi Borno,3674.109706489959,1.4075763445475206e-57,1,True
Gombe Osun Yobe,Nil,3715.0288728337123,9.987481656144276e-58,1,True
Gombe Osun Yobe,Adamawa Kano Osun,2643.0741891656107,3.186451175420458e-59,2,True
Gombe Osun Yobe,Crossriver Boron,228.04310667139166,9.180572936635936e-29,2,True
Gombe Osun Yobe,Ondo,89.62672090872655,4.8797026917171844e-24,5,True
Gombe Osun Yobe,Bayelsa,205.64052298385573,1.7451692218670384e-32,6,True
Borno Gombe Kaduna,Kano Kaduna,18.30054729791686,2.125968308868868e-08,3,True
Borno Gombe Kaduna,Kaduna Kano,164124.0250994923,2.492764659084455e-109,1,True
Borno Gombe Kaduna,Adamawa Bauchi Borno,3674.1097064899604,1.4075763445474928e-57,1,True
Borno Gombe Kaduna,Nil,3715.0288728337127,9.987481656144276e-58,1,True
Borno Gombe Kaduna,Adamawa Kano Osun,2643.0741891656107,3.186451175420458e-59,2,True
Borno Gombe Kaduna,Crossriver Boron,228.04310667139166,9.180572936635936e-29,2,True
Borno Gombe Kaduna,Ondo,89.62672090872661,4.8797026917171366e-24,5,True
Borno Gombe Kaduna,Bayelsa,205.64052298385582,1.745169221867022e-32,6,True
Nil,Kano Kaduna,27.539413038051013,3.569320628722907e-09,2,True
Nil,Adamawa Bauchi Borno,3.186903941006082,0.02014659176237429,4,True
Nil,Adamawa Kano Osun,2167.5559990635497,1.6247538271572292e-50,1,True
Nil,Crossriver Boron,412.0425043911301,2.469336975352728e-29,1,True
Nil,Kano Kastina Yobe,1769.9925170886181,4.523938076864101e-54,2,True
Nil,Borno Yobe Kano,1769.9925170886177,4.523938076864153e-54,2,True
Nil,Crossriver Lagos Oyo,1769.9925170886174,4.523938076864153e-54,2,True
Nil,Ebonyi ,1126.9979668070507,1.095866363461237e-50,3,True
Nil,Cross River Bayelsa,1126.9979668070503,1.0958663634612587e-50,3,True
Nil,Ondo,106.82244819497627,5.585751452087114e-25,4,True
Nil,Bayelsa,127.80117187562448,8.826649789426479e-28,6,True
Nil,Kano Crossriver,801.2395803071611,2.299675785484357e-47,4,True
Nil,Ondo Ebonyi,605.7750352251279,3.910959820071784e-44,5,True
Nil,Kano Adamawa,605.7750352251278,3.910959820071784e-44,5,True
Nil,Ebonyi Katsina,605.775035225127,3.910959820071938e-44,5,True
Nil,Ogbia Yenogog,475.48426770533325,5.584173139982525e-41,6,True
Nil,Katsina,475.4842677053332,5.584173139982557e-41,6,True
Adamawa Kano Osun,Kano Kaduna,9.242810936281325,0.0034607355244557583,1,True
Adamawa Kano Osun,Adamawa Bauchi Borno,5.57952231423107,0.0007813971105353885,4,True
Adamawa Kano Osun,Kano Kastina Yobe,5549.544,3.8336882045200715e-63,1,True
Adamawa Kano Osun,Borno Yobe Kano,5549.5440000000035,3.8336882045199954e-63,1,True
Adamawa Kano Osun,Crossriver Lagos Oyo,5549.544,3.8336882045200715e-63,1,True
Adamawa Kano Osun,Ebonyi ,2643.0897901938333,3.185893307426208e-59,2,True
Adamawa Kano Osun,Cross River Bayelsa,2643.0897901938347,3.1858933074261683e-59,2,True
Adamawa Kano Osun,Ondo,147.10047235821986,8.3946608301936e-27,3,True
Adamawa Kano Osun,Bayelsa,101.35946396419698,1.549700673777296e-25,6,True
Adamawa Kano Osun,Kano Crossriver,1674.3130303213452,1.6166839532957107e-55,3,True
Adamawa Kano Osun,Ondo Ebonyi,1189.9593170014402,6.163086257528213e-52,4,True
Adamawa Kano Osun,Kano Adamawa,1189.9593170014398,6.1630862575282465e-52,4,True
Adamawa Kano Osun,Ebonyi Katsina,1189.959317001437,6.16308625752864e-52,4,True
Adamawa Kano Osun,Ogbia Yenogog,899.3782962688107,1.9015879246503837e-48,5,True
Adamawa Kano Osun,Katsina,899.3782962688106,1.9015879246503837e-48,5,True
Adamawa Kano Osun,Adamawa Borno,705.6344045451085,4.934307065360312e-45,6,True
Adamawa Kano Osun,Borno Adamawa Kastina,704.4322846727273,5.1378654878268006e-45,6,True
Crossriver Boron,Kano Kaduna,7.86298814079489,0.0067285584200503365,1,True
Crossriver Boron,Kano Kastina Yobe,479.01856325492696,3.8395836360354576e-31,1,True
Crossriver Boron,Borno Yobe Kano,479.0185632549271,3.8395836360354195e-31,1,True
Crossriver Boron,Crossriver Lagos Oyo,479.0185632549269,3.8395836360354576e-31,1,True
Crossriver Boron,Ebonyi ,228.06631220895707,9.155839457651395e-29,2,True
Crossriver Boron,Cross River Bayelsa,228.06631220895716,9.155839457651342e-29,2,True
Crossriver Boron,Ondo,70.11897608242067,4.0342906145456533e-19,3,True
Crossriver Boron,Bayelsa,37.263734097103395,1.9344705088085834e-16,6,True
Crossriver Boron,Kano Crossriver,144.42016311863264,1.3332732797366575e-26,3,True
Crossriver Boron,Ondo Ebonyi,102.60100552872645,1.4586462653064143e-24,4,True
Crossriver Boron,Kano Adamawa,102.60100552872649,1.4586462653063996e-24,4,True
Crossriver Boron,Ebonyi Katsina,102.60100552872633,1.4586462653064517e-24,4,True
Crossriver Boron,Ogbia Yenogog,77.51309829518283,1.291693336135203e-22,5,True
Crossriver Boron,Katsina,77.51309829518281,1.291693336135203e-22,5,True
Crossriver Boron,Adamawa Borno,60.79128412626771,9.603466616524718e-21,6,True
Crossriver Boron,Borno Adamawa Kastina,60.79880623962697,9.578561570579531e-21,6,True
Crossriver Boron,Brono Crossriver Lagos,7.501742707708855,0.008005823668412628,1,True
Crossriver Boron,Enugu,3.567346172839348,0.03436587612290683,2,True
Kano Kastina Yobe,Kano Kaduna,9.36130567243867,0.003271824621074262,1,True
Kano Kastina Yobe,Kaduna Kano,49539.88201837723,2.623978897240811e-97,3,True
Kano Kastina Yobe,Adamawa Bauchi Borno,12.331379828135525,3.4174752021778673e-07,4,True
Kano Kastina Yobe,Ondo,262.7018583702813,2.0935013629431555e-30,2,True
Kano Kastina Yobe,Bayelsa,257.1991304906203,9.880710418229998e-35,6,True
Kano Kastina Yobe,Borno Adamawa Kastina,213677.37650375237,1.8681707746855587e-104,6,True
Bayelsa Edo Kano,Cross River,16.021633250723642,2.6593581266470627e-06,2,True
Bayelsa Edo Kano,Bauchi Borno Kastina,4.6346233198044375,0.005723488373675196,3,True
Bayelsa Edo Kano,Bayelsa,5.5986269262136075,0.005897123561459831,2,True
Bayelsa Edo Kano,Borno Adamawa Kastina,4.478845006684766,0.03827414527275424,1,True
Cross River Bayelsa,Kaduna Kano,20887.385532202865,3.195320453733068e-80,6,True
Cross River Bayelsa,Adamawa Bauchi Borno,12.330992591676987,3.418806663299131e-07,4,True
Cross River Bayelsa,Ondo,485.2688227657744,2.6737403782813397e-31,1,True
Cross River Bayelsa,Bayelsa,296.40578247905313,3.638972169412317e-36,6,True
Ondo,Cross River,3.8713771249440647,0.003133706723227322,6,True
Ondo,Ogun,3.3933291135939294,0.04016484626161545,2,True
Ondo,Bayelsa Edo Kano,229.52168297539836,3.387225930824572e-33,4,True
Ondo,Bayelsa,10.482595666471813,0.0019237433250393354,1,True
Ondo,Kano Crossriver,7.702367405141956,0.0072506350651185296,1,True
Ondo,Ondo Ebonyi,488.00666463111133,2.284757079174685e-31,1,True
Ondo,Kano Adamawa,488.0066646311113,2.284757079174685e-31,1,True
Ondo,Ebonyi Katsina,488.00666463111116,2.284757079174708e-31,1,True
Ondo,Ogbia Yenogog,500.5457585948027,3.7320910719225453e-38,2,True
Ondo,Katsina,500.5457585948026,3.732091071922573e-38,2,True
Ondo,Adamawa Borno,323.1299242555229,9.853341964410354e-36,3,True
Ondo,Borno Adamawa Kastina,294.0217745255369,1.2388145071674203e-34,3,True
Ondo,Adamawa State,173.4198857911705,9.351204450820522e-31,5,True
Ondo,Kano Oyo Osogbo,136.0149676082666,2.17100772201532e-28,6,True
Bayelsa,Ekiti,3.2469734877089116,0.018516478527632527,4,True
Bayelsa,Cross River,3.0226657936999706,0.013754184619051245,6,True
Bayelsa,Bayelsa Kano,4.253373319830713,0.001636165820300021,6,True
Bayelsa,Uyo Delta,5.5240711129377145,0.0062799432397275205,2,True
Bayelsa,Lagos Abuja Rivers,5.52407111293772,0.0062799432397275,2,True
Bayelsa,Jos Abuja Lagos,5.524071112937718,0.0062799432397275,2,True
Bayelsa,Adamawa Yola,3.2527215284576347,0.01836767860186029,4,True
Bayelsa,Gombe Lagos,3.2527215284576,0.01836767860186115,4,True
Bayelsa,Osun Ikere,2.485618789517345,0.04332647814598019,5,True
Bayelsa,Ilorin Osun,2.4856187895173227,0.043326478145981534,5,True
Bayelsa,Kano Katsina Kogi,2.4856187895173303,0.04332647814598107,5,True
Bayelsa,Lagos Oyo Ibadan,2.485618789517345,0.04332647814598019,5,True
Bayelsa,Kano Lagos,2.485618789517309,0.04332647814598251,5,True
Bayelsa,Ekiti ,2.4856187895173405,0.043326478145980445,5,True
Kano Crossriver,Cross River,4.2832571366458305,0.0015558021194940408,6,True
Kano Crossriver,Ogun,3.703191717809163,0.030444350729516827,2,True
Kano Crossriver,Kaduna Kano,20887.72704468889,3.1940673707496338e-80,6,True
Kano Crossriver,Ondo,5.764562622607818,0.01931678583308266,1,True
Kano Crossriver,Bayelsa,5.034207119076171,0.028374902632551654,1,True
Ondo Ebonyi,Cross River,5.466837442784632,0.0004204166212285441,5,True
Ondo Ebonyi,Ogun,7.790239481355267,0.006943798389012304,1,True
Ondo Ebonyi,Kaduna Kano,20888.0691046153,3.192812792199215e-80,6,True
Kano Adamawa,Cross River,5.46683744278463,0.00042041662122854577,5,True
Kano Adamawa,Ogun,7.790239481355267,0.006943798389012304,1,True
Kano Adamawa,Kaduna Kano,20888.069104615315,3.192812792199172e-80,6,True
Ebonyi Katsina,Cross River,5.466837442784634,0.00042041662122854247,5,True
Ebonyi Katsina,Ogun,7.790239481355267,0.006943798389012304,1,True
Ebonyi Katsina,Kaduna Kano,20888.069104615326,3.192812792199118e-80,6,True
Ogbia Yenogog,Cross River,7.244374907697768,9.570700192283029e-05,4,True
Ogbia Yenogog,Bauchi Borno Kastina,2.721531179677321,0.029632314702890444,5,True
Ogbia Yenogog,Bayelsa,2.5507405735045823,0.04944966907246282,4,True
Katsina,Cross River,7.244374907697775,9.570700192282947e-05,4,True
Katsina,Bauchi Borno Kastina,2.7215311796773247,0.02963231470289026,5,True
Katsina,Bayelsa,2.5507405735045823,0.04944966907246282,4,True
Adamawa Borno,Cross River,10.178471523210343,1.820467656741882e-05,3,True
Adamawa Borno,Bauchi Borno Kastina,3.5550308846388305,0.01203308362833071,4,True
Adamawa Borno,Bayelsa,3.265587339303216,0.01803900050892878,4,True
Borno Adamawa Kastina,Cross River,9.398210296102995,3.848423742419792e-05,3,True
Borno Adamawa Kastina,Bauchi Borno Kastina,3.1732793710419,0.020536128360539897,4,True
Borno Adamawa Kastina,Bayelsa,3.4732411609831146,0.01348790639213482,4,True
Adamawa State,Cross River,33.69112466664944,2.2767013617543515e-07,1,True
Adamawa State,Bauchi Borno Kastina,7.314703001823802,0.0014362761954579244,2,True
Adamawa State,Lagos Gombe Kogi,5.033090660807095,0.00045024575318106965,6,True
Adamawa State,Bayelsa,11.585691632378676,0.0011603751002210458,1,True
Kano Oyo Osogbo,Bauchi Borno Kastina,15.319454389979342,0.0002254350124127857,1,True
Kano Oyo Osogbo,Lagos Gombe Kogi,6.425653299642161,0.00010612801109020749,5,True
Bayelsa Kano,Lagos Gombe Kogi,8.265455780178861,2.8220271163626788e-05,4,True
Uyo Delta,Lagos Gombe Kogi,11.642557551990917,4.6898697911964735e-06,3,True
Lagos Abuja Rivers,Lagos Gombe Kogi,11.642557551990917,4.6898697911964735e-06,3,True
Jos Abuja Lagos,Lagos Gombe Kogi,11.642557551990917,4.6898697911964735e-06,3,True
Adamawa Yola,Lagos Gombe Kogi,18.403181156147504,5.853565501053623e-07,2,True
Adamawa Yola,Lagos Kano,2816.4425068540304,2.297694615657308e-59,6,True
Ekiti Oyo,Delta Kaduna Borno,282.59387178275654,6.562419529561215e-36,5,True
Ekiti Oyo,Kano Zamfara,10.000137567011308,3.950519648057568e-06,4,True
Ekiti Oyo,Yobe Zamfara,6.67290944519882,7.514929995244763e-05,5,True
Ekiti Oyo,Lagos Kano,22140.512431641546,5.862580082305253e-82,1,True
Ekiti Oyo,Osun Oyo Yobe,52021.57124123964,6.616408771520157e-98,2,True
Akure Jos,Delta Kaduna Borno,282.59387178275654,6.562419529561215e-36,5,True
Akure Jos,Kano Zamfara,10.000137567011308,3.950519648057568e-06,4,True
Akure Jos,Yobe Zamfara,6.672909445198824,7.514929995244698e-05,5,True
Akure Jos,Lagos Kano,22140.512431641546,5.862580082305253e-82,1,True
Akure Jos,Osun Oyo Yobe,52021.571241239646,6.616408771520157e-98,2,True
Kebbi Bayelsa,Delta Kaduna Borno,282.59387178275654,6.562419529561215e-36,5,True
Kebbi Bayelsa,Kano Zamfara,10.000137567011304,3.9505196480575845e-06,4,True
Kebbi Bayelsa,Yobe Zamfara,6.672909445198824,7.514929995244698e-05,5,True
Kebbi Bayelsa,Lagos Kano,22140.51243164154,5.862580082305253e-82,1,True
Kebbi Bayelsa,Osun Oyo Yobe,52021.571241239646,6.616408771520157e-98,2,True
Abuja Lagos Ondo,Delta Kaduna Borno,282.59387178275654,6.562419529561215e-36,5,True
Abuja Lagos Ondo,Kano Zamfara,10.000137567011308,3.950519648057568e-06,4,True
Abuja Lagos Ondo,Yobe Zamfara,6.67290944519882,7.514929995244763e-05,5,True
Abuja Lagos Ondo,Lagos Kano,22140.512431641546,5.862580082305253e-82,1,True
Abuja Lagos Ondo,Osun Oyo Yobe,52021.57124123964,6.616408771520157e-98,2,True
Gombe Damaturu,Delta Kaduna Borno,282.59387178275654,6.562419529561215e-36,5,True
Gombe Damaturu,Kano Zamfara,10.000137567011304,3.9505196480575845e-06,4,True
Gombe Damaturu,Yobe Zamfara,6.672909445198824,7.514929995244698e-05,5,True
Gombe Damaturu,Lagos Kano,22140.51243164154,5.862580082305253e-82,1,True
Gombe Damaturu,Osun Oyo Yobe,52021.571241239646,6.616408771520157e-98,2,True
Kano Lagos,Delta Kaduna Borno,4.07077991491298,0.002229111913208618,6,True
Kano Lagos,Lagos Gombe Kogi,38.69424148661986,4.461451595333559e-08,1,True
Kano Lagos,Lagos Kano,3589.1679262982443,1.1247562789204299e-63,5,True
Kano Lagos,Osun Oyo Yobe,13895.297193774339,5.632948353664398e-76,6,True
Ekiti ,Delta Kaduna Borno,4.070779914912978,0.0022291119132086265,6,True
Ekiti ,Lagos Gombe Kogi,38.69424148661986,4.461451595333559e-08,1,True
Ekiti ,Lagos Kano,3589.1679262982457,1.1247562789204078e-63,5,True
Ekiti ,Osun Oyo Yobe,13895.297193774342,5.632948353664355e-76,6,True
Ebonyi Osun,Delta Kaduna Borno,7.606768358693753,9.093909372791503e-06,6,True
Ebonyi Osun,Lagos Kano,4748.422027423638,4.6223129863620934e-68,4,True
Ebonyi Osun,Osun Oyo Yobe,17707.127674785166,2.524009087198396e-81,5,True
Abia Eboniyi Ekiti,Delta Kaduna Borno,219.2341870745422,3.988521182974091e-33,6,True
Abia Eboniyi Ekiti,Kano Zamfara,7.54743399781563,2.2876987288585147e-05,5,True
Abia Eboniyi Ekiti,Yobe Zamfara,5.234723177565836,0.0003251695678300657,6,True
Abia Eboniyi Ekiti,Lagos Kano,10545.542127757595,3.842009670173588e-77,2,True
Abia Eboniyi Ekiti,Osun Oyo Yobe,32957.1998042542,2.8917808537915107e-92,3,True
Bayelsa Borno,Lagos,1667.9819911472532,6.303610339792294e-54,6,True
Bayelsa Borno,Borno Kaduna Oyo,13.662944166632654,5.60784123388075e-09,6,True
Bayelsa Borno,Delta Kaduna Borno,43.96344020023278,2.244052201153613e-16,4,True
Bayelsa Borno,Kano Zamfara,14.09031724756191,5.530303448869112e-07,3,True
Bayelsa Borno,Yobe Zamfara,8.83361937940744,1.4606060158013996e-05,4,True
Bayelsa Borno,Osun Oyo Yobe,109216.74855016958,9.244746402551913e-104,1,True
Lagos Kano,Lagos,997.7753200856102,1.3163209354694055e-48,6,True
Lagos Kano,Borno Kaduna Oyo,13.491074705496612,6.72979255273072e-09,6,True
Lagos Kano,Delta Kaduna Borno,42.56084832506766,4.341118050528795e-16,4,True
Lagos Kano,Kano Zamfara,13.967518063725969,6.134169065701045e-07,3,True
Lagos Kano,Yobe Zamfara,8.780018482637873,1.5532694938024724e-05,4,True
Lagos Kano,Osun Oyo Yobe,18182.979362521433,2.842729574744001e-79,1,True
Lagos Kano,Lagos Ondo,22140.555840000005,5.862219041545029e-82,1,True
Lagos Kano,Bayelsa Kano Kabbi,10545.543442417125,3.841995342043174e-77,2,True
Lagos Kano,Kano Kogi,6680.6858173924575,1.5376459163419915e-72,3,True
Lagos Kano,Nasarawa Kaduna,4125.44096851999,2.0360685969865015e-66,4,True
Lagos Kano,Kano Kabbi,6680.685817392458,1.5376459163419915e-72,3,True
Osun Oyo Yobe,Lagos,1854.323218660801,5.024956506789471e-55,6,True
Osun Oyo Yobe,Borno Kaduna Oyo,17.36321502938205,5.266220292581123e-10,5,True
Osun Oyo Yobe,Delta Kaduna Borno,64.38154131548052,2.663870971070847e-18,3,True
Osun Oyo Yobe,Kano Zamfara,22.214663712939107,6.023696511905422e-08,2,True
Osun Oyo Yobe,Yobe Zamfara,12.390148924257517,2.4011483477889073e-06,3,True
Osun Oyo Yobe,Lagos Ibadan,13900.137922107835,5.586085203557923e-76,6,True
Osun Oyo Yobe,Oyo Osun,13899.233877386276,5.594806331080526e-76,6,True
Osun Oyo Yobe,Bayelsa Kano Kabbi,109216.7700292787,9.244689164532114e-104,1,True
Osun Oyo Yobe,Kano Kogi,52021.53736234898,6.616537965805041e-98,2,True
Osun Oyo Yobe,Nasarawa Kaduna,26736.58980804047,1.1182539588563523e-89,3,True
Osun Oyo Yobe,Kano Kabbi,52021.53736234896,6.616537965805102e-98,2,True
Osun Oyo Yobe,Kano Kebbi,13895.102694223508,5.634839842350321e-76,6,True
Osun Oyo Yobe,7 Lga,13895.102694223511,5.634839842350299e-76,6,True
Osun Oyo Yobe,Lagos Oyo Uyo,13895.10269422351,5.634839842350321e-76,6,True
Lagos Ondo,Lagos,1668.3275753003836,6.272507500242422e-54,6,True
Lagos Ondo,Borno Kaduna Oyo,17.427236938055007,4.973241686504777e-10,5,True
Lagos Ondo,Delta Kaduna Borno,64.98769640672035,2.169208637945095e-18,3,True
Lagos Ondo,Kano Zamfara,22.27347543100114,5.8236649446331456e-08,2,True
Lagos Ondo,Yobe Zamfara,12.437455556261172,2.302714905331798e-06,3,True
Lga,Lagos Ibadan,324.57812920404615,4.63079476198664e-37,4,True
Lga,Oyo Osun,190.30711434921227,3.8777711816784806e-31,4,True
Lga,Kano Kogi,76.0661721796444,8.164441513614812e-23,6,True
Lga,Nasarawa Kaduna,75.71754032017836,9.013185491177744e-23,6,True
Lga,Kano Kabbi,76.06617217964431,8.164441513614979e-23,6,True
Lga,Kano Kebbi,2157.0296743411145,7.521121236277826e-59,4,True
Lga,7 Lga,2157.02967434111,7.521121236278254e-59,4,True
Lga,Lagos Oyo Uyo,2157.029674341111,7.521121236278163e-59,4,True
Lga,Kwara Plateau,167051.4821037588,3.574443999054781e-106,5,True
Lga,Brono Crossriver Lagos,97674.09029679686,3.133361356055208e-100,5,True
Lga,Enugu,78470.30908134975,5.151892052222943e-94,6,True
Lagos Ibadan,Lga,12557.439761544207,6.386271603705955e-75,6,True
Lagos Ibadan,Oyo Osun,13262.045102743332,3.990639355347196e-78,5,True
Lagos Ibadan,Kwara Plateau,31832.298606308428,2.418712887869246e-90,4,True
Lagos Ibadan,Brono Crossriver Lagos,44517007.99216169,4.1823252643788615e-160,6,True
Oyo Osun,Lga,6809.66756909562,1.5059284528774398e-68,6,True
Oyo Osun,Lagos Ibadan,24067.892704938567,1.0115276109879261e-84,5,True
Oyo Osun,Kwara Plateau,17542.345990942173,2.3251985532454132e-83,4,True
Oyo Osun,Brono Crossriver Lagos,13527525.32724261,1.0884183478489571e-147,6,True
Bayelsa Kano Kabbi,Lagos,1671.5639534634552,5.988873564753015e-54,6,True
Bayelsa Kano Kabbi,Borno Kaduna Oyo,23.077583109866474,3.701006551575398e-11,4,True
Bayelsa Kano Kabbi,Delta Kaduna Borno,129.2609756593292,1.77973967797952e-22,2,True
Bayelsa Kano Kabbi,Kano Zamfara,46.827486136602175,3.748889175734168e-09,1,True
Bayelsa Kano Kabbi,Yobe Zamfara,19.654430913925005,2.722058011705582e-07,2,True
Bayelsa Kano Kabbi,Lga,103929.64997417436,6.073365648957146e-97,6,True
Bayelsa Kano Kabbi,Lagos Ibadan,24067.892704938535,1.011527610987966e-84,5,True
Bayelsa Kano Kabbi,Oyo Osun,13262.045102743343,3.990639355347196e-78,5,True
Kano Kogi,Lagos,1670.6717883613424,6.065702540392731e-54,6,True
Kano Kogi,Borno Kaduna Oyo,32.49880082496523,2.228760368054309e-12,3,True
Kano Kogi,Delta Kaduna Borno,24.795106255028337,1.0987218993981837e-11,4,True
Kano Kogi,Yobe Zamfara,41.321704041415806,1.9606709762761426e-08,1,True
Kano Kogi,Lga,112495.08780802238,8.54357756190372e-102,5,True
Kano Kogi,Lagos Ibadan,31831.099050037254,2.4211740432309803e-90,4,True
Kano Kogi,Oyo Osun,17541.451256211618,2.328400354073424e-83,4,True
Nasarawa Kaduna,Lagos,1638.824474106595,9.603895027925899e-54,6,True
Nasarawa Kaduna,Borno Kaduna Oyo,21.69370157412337,1.0257261510163386e-10,4,True
Nasarawa Kaduna,Delta Kaduna Borno,22.417597582207044,5.989581668062301e-11,4,True
Nasarawa Kaduna,Yobe Zamfara,32.802446669944054,3.0698872655811637e-07,1,True
Nasarawa Kaduna,Lga,115144.9250127244,4.718755801084148e-102,5,True
Nasarawa Kaduna,Lagos Ibadan,25472.956425693854,9.899028474311278e-88,4,True
Nasarawa Kaduna,Oyo Osun,14036.149544811493,9.523551363401895e-81,4,True
Kano Kabbi,Lagos,1670.671788361342,6.06570254039279e-54,6,True
Kano Kabbi,Borno Kaduna Oyo,32.49880082496523,2.228760368054309e-12,3,True
Kano Kabbi,Delta Kaduna Borno,24.795106255028323,1.0987218993981921e-11,4,True
Kano Kabbi,Yobe Zamfara,41.321704041415806,1.9606709762761426e-08,1,True
Kano Kabbi,Lga,112495.08780802238,8.54357756190372e-102,5,True
Kano Kabbi,Lagos Ibadan,31831.099050037235,2.421174043231022e-90,4,True
Kano Kabbi,Oyo Osun,17541.451256211614,2.328400354073442e-83,4,True
Kano Kebbi,Lga,2031.8357767837404,7.691579014468044e-56,2,True
Kano Kebbi,Lagos Ibadan,24067.892704938553,1.0115276109879261e-84,5,True
Kano Kebbi,Oyo Osun,13262.045102743357,3.990639355347039e-78,5,True
7 Lga,Lga,2031.83577678374,7.691579014468151e-56,2,True
7 Lga,Lagos Ibadan,24067.89270493853,1.011527610987966e-84,5,True
7 Lga,Oyo Osun,13262.045102743361,3.990639355347039e-78,5,True
Lagos Oyo Uyo,Lga,2031.8357767837404,7.691579014468044e-56,2,True
Lagos Oyo Uyo,Lagos Ibadan,24067.892704938535,1.011527610987966e-84,5,True
Lagos Oyo Uyo,Oyo Osun,13262.045102743361,3.990639355347039e-78,5,True
Kwara Plateau,Kaduna,5.028789649022783,0.009569377780998804,2,True
Kwara Plateau,Rivers,3.488466778517814,0.036988490159972465,2,True
Kwara Plateau,Crossriver Boron,7.494936793901191,0.008032848562261977,1,True
Kwara Plateau,Lga,38247.73787906933,1.5890979394247704e-86,6,True
Kwara Plateau,Lagos Ibadan,24069.39311761303,1.0099216402448811e-84,5,True
Kwara Plateau,Oyo Osun,13263.15992987741,3.9821016008091893e-78,5,True
Brono Crossriver Lagos,Oyo,3.3482327713826887,0.00776001928037635,6,True
Brono Crossriver Lagos,Yobe Zamfara,4.054364667598999,0.003565252497290281,5,True
Brono Crossriver Lagos,Lga,156.43274474054914,9.13648334952401e-30,6,True
Enugu,Oyo,34.90964846956756,6.814968757908143e-16,6,True
Enugu,Yobe Zamfara,5.368454140708088,0.0010298002354704918,4,True
Anambra Nasarawa,Rivers,27.80095531233445,6.728041054962641e-14,6,True
Anambra Nasarawa,Ogun,17.60624487023835,1.1916704557291225e-10,6,True
Anambra Nasarawa,Oyo,46.50717296463732,7.853077927505483e-18,5,True
Anambra Nasarawa,Yobe Zamfara,7.5651374775384115,0.000240884962804347,3,True
Anambra Nasarawa,Kogi Kano Adawama,2.8363973123928146,0.046028374714174064,3,True
Bauchi Borno Kano,Rivers,38.95162110231146,3.4483266452388836e-15,4,True
Bauchi Borno Kano,Ogun,41.70222868549492,2.140253544536985e-14,3,True
Bauchi Borno Kano,Oyo,66.7151198441374,5.607979435599036e-16,2,True
Plateau Jos,Rivers,38.95162110231144,3.4483266452388998e-15,4,True
Plateau Jos,Ogun,41.70222868549492,2.140253544536985e-14,3,True
Plateau Jos,Oyo,66.7151198441374,5.607979435599036e-16,2,True
Lagos Gombe Bauchi,Rivers,54.45032184441669,1.3112203880376689e-16,3,True
Lagos Gombe Bauchi,Ogun,65.8031056790679,7.451608039826987e-16,2,True
Lagos Gombe Bauchi,Oyo,152.3064586952306,1.823573636341603e-18,1,True
Kano Kastina ,Rivers,54.450321844416685,1.3112203880376785e-16,3,True
Kano Kastina ,Ogun,65.8031056790679,7.451608039826987e-16,2,True
Kano Kastina ,Oyo,152.3064586952306,1.823573636341603e-18,1,True
Jos Abia,Rivers,54.45032184441669,1.3112203880376689e-16,3,True
Jos Abia,Ogun,65.8031056790679,7.451608039826987e-16,2,True
Jos Abia,Oyo,152.3064586952306,1.823573636341603e-18,1,True
Ekiti Ondo,Rivers,87.05031751538132,2.4980571621097647e-18,2,True
Ekiti Ondo,Ogun,138.13516670176216,1.579414210330611e-17,1,True
Ekiti Ondo,Oyo,8.274885814593553,3.5942800514020486e-06,6,True
Borno Kaduna Kano,Rivers,87.05031751538132,2.4980571621097647e-18,2,True
Borno Kaduna Kano,Ogun,138.13516670176216,1.579414210330611e-17,1,True
Borno Kaduna Kano,Oyo,8.274885814593553,3.5942800514020486e-06,6,True
Gombe Bauchi,Rivers,87.05031751538132,2.4980571621097647e-18,2,True
Gombe Bauchi,Ogun,138.13516670176216,1.579414210330611e-17,1,True
Gombe Bauchi,Oyo,8.274885814593551,3.594280051402063e-06,6,True
Owo,Rivers,18.46158428393299,6.224622266128013e-05,1,True
Owo,Oyo,7.595590148152571,9.238834283890519e-06,6,True
Borno Kaduna,Rivers,18.46158428393299,6.224622266128013e-05,1,True
Borno Kaduna,Oyo,7.595590148152571,9.238834283890519e-06,6,True
