year,month,epi_week,disease,weekly_suspected,weekly_confirmed,weekly_deaths,states_affected,lgas_affected,ytd_year_prev,ytd_susp_prev,ytd_conf_prev,ytd_death_prev,ytd_cfr_prev,ytd_year_curr,ytd_susp_curr,ytd_conf_curr,ytd_death_curr,ytd_cfr_curr
2019,10,40,Lassa Fever,88,7,1,10,15,,,,,,,,,,
2019,10,40,CSM,15,0,0,6,8,,,,,,,,,,
2019,10,40,Yellow Fever,126,0,1,19,75,,,,,,,,,,
2019,10,40,Cholera,24,0,0,2,2,2018,2,838,1063,2.3,2019,2532,289,38,1.5
2019,10,40,Measles,270,0,0,29,121,2018,1,21,116,0.8,2019,55746,1881,275,0.5
2019,10,40,Mpox,2,1,0,1,2,2018,89,47,1,1.1,2019,83,40,0,0.0
2019,10,40,AFP,110,0,0,29,91,2018,0,0,0,0.0,2019,5048,0,0,0.0
2019,10,41,Lassa Fever,87,5,0,10,12,,,,,,,,,,
2019,10,41,CSM,26,0,0,6,10,,,,,,,,,,
2019,10,41,Yellow Fever,98,10,2,19,71,,,,,,,,,,
2019,10,41,Cholera,15,7,0,2,3,2018,3,854,1074,2.3,2019,2548,298,38,1.5
2019,10,41,Measles,272,0,0,27,118,2018,6,0,3,0.02,2019,56038,2236,275,0.5
2019,10,41,Mpox,13,3,0,3,4,2018,94,41,1,1.1,2019,96,43,2,2.1
2019,10,41,AFP,110,0,0,26,96,,,,,,,,,,
2019,10,42,Lassa Fever,113,13,2,9,12,,,,,,,,,,
2019,10,42,CSM,43,0,0,11,18,,,,,,,,,,
2019,10,42,Yellow Fever,118,5,0,24,64,,,,,,,,,,
2019,10,42,Cholera,23,10,0,3,5,2018,1,879,1085,2.2,2019,2571,308,38,1.5
2019,10,42,Measles,378,0,0,31,137,2018,3,21,120,0.8,2019,56431,2236,275,0.5
2019,10,42,Mpox,3,1,0,2,2,2018,95,41,1,1.1,2019,99,42,2,2.0
2019,10,42,AFP,113,0,0,32,98,,,,,,,,,,
2019,10,43,Lassa Fever,92,4,1,12,27,,,,,,,,,,
2019,10,43,CSM,19,0,0,6,8,,,,,,,,,,
2019,10,43,Yellow Fever,106,0,0,20,51,,,,,,,,,,
2019,10,43,Cholera,25,7,0,4,7,2018,2,889,1119,2.3,2019,2597,316,38,1.5
2019,10,43,Measles,384,0,0,30,137,2018,1,21,123,0.8,2019,56821,1881,275,0.5
2019,10,43,Mpox,3,1,0,3,3,2018,95,41,1,1.1,2019,102,43,2,2.0
2019,10,43,AFP,127,0,0,27,112,,,,,,,,,,
2019,11,44,Lassa Fever,101,11,1,11,40,,,,,,,,,,
2019,11,44,CSM,17,0,1,5,9,,,,,,,,,,
2019,11,44,Yellow Fever,110,0,1,22,56,,,,,,,,,,
2019,11,44,Cholera,5,3,0,1,3,2018,6,907,1123,2.2,2019,2602,319,38,1.5
2019,11,44,Measles,403,0,2,29,126,2018,8,21,123,0.8,2019,57255,1881,277,0.5
2019,11,44,Mpox,1,0,0,1,1,2018,98,52,0,0.0,2019,102,43,0,0.0
2019,11,44,AFP,104,0,0,28,93,,,,,,,,,,
2019,11,45,Lassa Fever,107,10,2,13,17,,,,,,,,,,
2019,11,45,CSM,15,0,0,3,9,,,,,,,,,,
2019,11,45,Yellow Fever,97,0,3,20,55,,,,,,,,,,
2019,11,45,Cholera,33,11,0,3,6,2018,7,926,1125,2.2,2019,2761,568,38,1.4
2019,11,45,Measles,452,0,10,28,127,2018,3,21,123,0.8,2019,57707,12236,287,21.0
2019,11,45,Mpox,0,0,0,0,0,2018,103,42,1,1.0,2019,101,43,2,2.0
2019,11,45,AFP,141,0,0,29,116,,,,,,,,,,
2019,11,46,Lassa Fever,101,13,0,12,19,,,,,,,,,,
2019,11,46,CSM,18,0,0,5,8,,,,,,,,,,
2019,11,46,Yellow Fever,71,0,1,17,40,,,,,,,,,,
2019,11,46,Cholera,34,8,0,4,7,2018,8,941,1127,2.2,2019,2795,576,38,1.4
2019,11,46,Measles,427,0,0,27,133,2018,3,21,123,0.8,2019,58134,2236,287,0.5
2019,11,46,Mpox,0,0,0,0,0,2018,104,42,1,1.0,2019,101,43,2,2.0
2019,11,46,AFP,119,0,0,26,99,,,,,,,,,,
2019,11,47,Lassa Fever,89,8,0,11,16,,,,,,,,,,
2019,11,47,CSM,18,0,0,4,8,,,,,,,,,,
2019,11,47,Yellow Fever,83,0,0,20,53,,,,,,,,,,
2019,11,47,Cholera,4,2,0,2,3,2018,6,956,1127,2.2,2019,2799,578,38,1.4
2019,11,47,Measles,446,0,1,27,165,2018,9,21,123,0.8,2019,58580,1881,288,0.5
2019,11,47,Mpox,1,0,0,1,1,2018,100,40,1,1.0,2019,90,32,2,2.2
2019,11,47,AFP,100,0,0,26,81,,,,,,,,,,
2019,12,48,Lassa Fever,90,8,2,9,14,,,,,,,,,,
2019,12,48,CSM,15,0,0,3,6,,,,,,,,,,
2019,12,48,Yellow Fever,61,0,3,18,40,,,,,,,,,,
2019,12,48,Cholera,14,5,1,3,5,2018,0,956,1132,2.2,2019,3439,593,60,1.7
2019,12,48,Measles,346,0,1,30,152,2018,9,21,124,0.8,2019,58931,1881,289,0.5
2019,12,48,Mpox,3,1,0,2,2,2018,87,39,1,1.1,2019,106,44,2,1.9
2019,12,48,AFP,116,0,0,30,86,,,,,,,,,,
2019,12,49,Lassa Fever,51,13,4,11,13,,,,,,,,,,
2019,12,49,CSM,9,0,0,3,5,,,,,,,,,,
2019,12,49,Yellow Fever,44,0,0,15,38,,,,,,,,,,
2019,12,49,Cholera,60,2,11,3,4,2018,2,956,1135,2.2,2019,3499,595,71,2.1
2019,12,49,Measles,,,,26,,2018,2,21,124,0.7,2019,58931,122361,289,0.5
2019,12,49,Mpox,2,0,0,2,2,2018,113,47,1,0.9,2019,116,44,2,1.7
2019,12,49,AFP,,,,28,,,,,,,,,,,
2019,12,50,Lassa Fever,79,4,1,7,13,,,,,,,,,,
2019,12,50,CSM,10,0,0,3,5,,,,,,,,,,
2019,12,50,Yellow Fever,46,1,0,14,32,,,,,,,,,,
2019,12,50,Cholera,5,0,0,1,1,2018,5,956,1135,2.2,2019,3504,595,71,2.0
2019,12,50,Measles,265,0,0,26,117,2018,2,22,127,0.8,2019,61438,22361,286,0.5
2019,12,50,Mpox,0,0,0,0,0,2018,114,48,1,0.9,2019,116,44,2,1.7
2019,12,50,AFP,79,0,0,27,73,,,,,,,,,,
2019,12,51,Lassa Fever,75,7,3,4,12,,,,,,,,,,
2019,12,51,CSM,8,0,0,3,4,,,,,,,,,,
2019,12,51,Yellow Fever,42,0,0,11,28,,,,,,,,,,
2019,12,51,Cholera,0,0,0,0,0,2018,1,956,1135,2.2,2019,3504,595,71,2.0
2019,12,51,Measles,222,0,0,25,92,2018,4,22,128,0.7,2019,61670,2363,288,0.5
2019,12,51,Mpox,0,0,0,0,0,2018,114,48,1,0.9,2019,116,44,2,1.7
2019,12,51,AFP,97,0,0,28,79,,,,,,,,,,
2019,12,52,Lassa Fever,93,16,4,9,16,,,,,,,,,,
2019,12,52,CSM,7,0,0,4,5,,,,,,,,,,
2019,12,52,Yellow Fever,33,0,0,16,28,,,,,,,,,,
2019,12,52,Cholera,9,0,0,2,3,2018,9,956,1136,2.2,2019,3513,595,71,2.0
2019,12,52,Measles,209,0,3,19,72,2018,4,22,128,0.7,2019,61879,2363,291,0.5
2019,12,52,Mpox,0,0,0,0,0,2018,110,37,3,2.7,2019,120,68,5,4.2
2019,12,52,AFP,55,0,0,21,48,,,,,,,,,,
2019,4,14,Lassa Fever,63,11,1,5,12,2018,719,408,102,25.0,2019,787,537,122,22.7
2019,4,14,CSM,66,0,1,17,44,,,,,,,,,,
2019,4,14,Yellow Fever,53,0,0,24,50,2018,664,8,0,0.0,2019,726,9,1,0.1
2019,4,14,Cholera,12,0,0,3,7,,,,,,,,,,
2019,4,14,Measles,2051,0,8,31,248,,,,,,,,,,
2019,4,14,AFP,137,0,0,32,124,,,,,,,,,,
2019,4,15,Lassa Fever,48,3,0,7,12,,,,,,,,,,
2019,4,15,CSM,44,0,1,15,25,,,,,,,,,,
2019,4,15,Yellow Fever,54,0,1,20,42,2018,713,8,0,0.0,2019,718,12,1,0.1
2019,4,15,Cholera,91,0,4,5,8,,,,,,,,,,
2019,4,15,Measles,1925,8,5,33,246,,,,,,,,,,
2019,4,15,AFP,138,0,0,30,122,,,,,,,,,,
2019,4,16,Lassa Fever,71,6,0,10,19,,,,,,,,,,
2019,4,16,CSM,59,0,2,19,42,,,,,,,,,,
2019,4,16,Yellow Fever,45,1,0,22,39,2018,758,8,0,1.4,2019,768,12,1,1.3
2019,4,16,Cholera,96,0,0,2,4,,,,,,,,,,
2019,4,16,Measles,1977,0,9,33,237,,,,,,,,,,
2019,4,16,AFP,182,0,0,34,145,,,,,,,,,,
2019,4,17,Lassa Fever,36,8,1,9,16,,,,,,,,,,
2019,4,17,CSM,34,1,0,10,20,,,,,,,,,,
2019,4,17,Yellow Fever,62,2,1,18,46,2018,808,8,0,0.0,2019,830,12,2,0.2
2019,4,17,Cholera,85,0,0,3,5,,,,,,,,,,
2019,4,17,Measles,1901,2,16,32,228,,,,,,,,,,
2019,4,17,Mpox,1,1,0,1,1,2018,42,21,1,2.4,2019,36,20,0,0.0
2019,4,17,AFP,146,0,0,32,116,,,,,,,,,,
2019,5,18,Lassa Fever,52,11,4,13,20,,,,,,,,,,
2019,5,18,CSM,47,0,0,15,32,,,,,,,,,,
2019,5,18,Yellow Fever,59,0,0,21,49,2018,844,8,0,0.0,2019,930,12,2,0.2
2019,5,18,Cholera,47,0,0,2,5,,,,,,,,,,
2019,5,18,Measles,2157,0,9,35,236,,,,,,,,,,
2019,5,18,AFP,155,0,0,32,134,,,,,,,,,,
2019,5,19,Lassa Fever,56,4,0,10,19,,,,,,,,,,
2019,5,19,CSM,30,0,1,10,18,,,,,,,,,,
2019,5,19,Yellow Fever,62,0,0,21,51,2018,889,8,0,0.0,2019,954,12,2,0.2
2019,5,19,Cholera,12,0,0,3,5,,,,,,,,,,
2019,5,19,Measles,2092,0,2,36,241,,,,,,,,,,
2019,5,19,AFP,154,0,0,34,135,,,,,,,,,,
2019,5,20,Lassa Fever,86,6,1,9,21,,,,,,,,,,
2019,5,20,CSM,27,0,0,10,12,,,,,,,,,,
2019,5,20,Yellow Fever,71,0,0,27,63,2018,940,8,0,0.0,2019,1025,15,2,0.2
2019,5,20,Cholera,17,0,0,3,5,,,,,,,,,,
2019,5,20,Measles,1862,0,2,35,234,,,,,,,,,,
2019,5,20,AFP,153,0,0,34,136,,,,,,,,,,
2019,5,21,Lassa Fever,81,3,0,10,21,,,,,,,,,,
2019,5,21,CSM,28,0,0,9,20,,,,,,,,,,
2019,5,21,Yellow Fever,81,0,0,21,58,2018,983,12,0,0.0,2019,1109,15,2,0.2
2019,5,21,Cholera,26,0,0,2,4,2018,3,146,142,1.3,2019,765,8,28,3.7
2019,5,21,Measles,1582,4,6,28,217,2018,8,131,94,0.9,2019,32264,1492,97,0.3
2019,5,21,AFP,145,0,0,32,129,,,,,,,,,,
2019,6,22,Lassa Fever,62,3,1,13,25,,,,,,,,,,
2019,6,22,CSM,9,0,0,6,8,,,,,,,,,,
2019,6,22,Yellow Fever,79,0,0,20,48,,,,,,,,,,
2019,6,22,Cholera,16,0,0,1,2,2018,2,166,157,1.2,2019,781,8,28,3.6
2019,6,22,Measles,1088,2,1,31,159,2018,4,131,94,0.9,2019,33371,1492,98,0.29
2019,6,22,AFP,105,0,0,29,91,,,,,,,,,,
2019,6,23,Lassa Fever,63,6,1,11,19,,,,,,,,,,
2019,6,23,CSM,10,0,0,7,7,,,,,,,,,,
2019,6,23,Yellow Fever,47,0,0,15,42,,,,,,,,,,
2019,6,23,Cholera,15,0,0,3,4,2018,7,184,186,1.3,2019,796,8,28,3.5
2019,6,23,Measles,740,9,1,27,124,2018,8,135,94,0.8,2019,34111,1492,99,0.29
2019,6,23,AFP,78,0,0,26,72,,,,,,,,,,
2019,6,24,Lassa Fever,65,4,1,11,20,,,,,,,,,,
2019,6,24,CSM,10,0,0,5,9,,,,,,,,,,
2019,6,24,Yellow Fever,72,0,0,22,54,,,,,,,,,,
2019,6,24,Cholera,86,0,1,4,10,2018,0,202,211,1.4,2019,1102,11,33,3.0
2019,6,24,Measles,587,0,0,32,162,2018,6,141,94,0.8,2019,34868,1492,99,0.28
2019,6,24,AFP,128,0,0,33,106,,,,,,,,,,
2019,6,25,Lassa Fever,72,10,3,9,20,,,,,,,,,,
2019,6,25,CSM,21,0,0,6,21,,,,,,,,,,
2019,6,25,Yellow Fever,77,0,0,22,59,,,,,,,,,,
2019,6,25,Cholera,75,0,0,4,8,2018,0,242,249,1.4,2019,1177,11,33,2.8
2019,6,25,Measles,1007,0,4,33,188,2018,8,141,94,0.8,2019,35825,1518,103,0.3
2019,6,25,AFP,153,0,0,31,129,,,,,,,,,,
2019,6,26,Lassa Fever,65,2,1,10,18,,,,,,,,,,
2019,6,26,CSM,12,0,0,7,8,,,,,,,,,,
2019,6,26,Yellow Fever,58,0,0,20,43,,,,,,,,,,
2019,6,26,Cholera,64,8,1,2,7,2018,2,282,289,1.6,2019,1298,24,34,2.6
2019,6,26,Measles,805,0,4,32,181,2018,1,141,94,0.8,2019,36633,1518,113,0.3
2019,6,26,AFP,145,0,0,32,126,,,,,,,,,,
2019,7,27,Lassa Fever,78,12,3,8,17,,,,,,,,,,
2019,7,27,CSM,26,0,0,11,14,,,,,,,,,,
2019,7,27,Yellow Fever,57,0,0,17,45,,,,,,,,,,
2019,7,27,Cholera,82,36,1,3,9,2018,0,313,314,1.6,2019,1473,76,36,2.4
2019,7,27,Measles,9,27,2019,30,155,2018,2,14,94,0.8,2019,37266,48,119,0.3
2019,7,27,Mpox,9,27,2019,1,1,2018,58,29,1,1.8,2019,52,26,1,2.0
2019,7,27,AFP,9,27,2019,29,107,,,,,,,,,,
2019,7,29,Lassa Fever,72,9,4,7,16,,,,,,,,,,
2019,7,29,CSM,21,0,0,5,9,,,,,,,,,,
2019,7,29,Yellow Fever,75,0,10,21,49,,,,,,,,,,
2019,7,29,Cholera,225,13,2,5,10,2018,3,353,373,1.7,2019,1881,145,38,2.0
2019,7,29,Measles,533,0,0,32,160,2018,5,14,96,0.8,2019,49174,1969,252,0.5
2019,7,29,Mpox,4,2,0,2,3,2018,60,29,1,1.7,2019,57,31,1,1.8
2019,7,29,AFP,126,0,0,31,111,,,,,,,,,,
2019,7,30,Lassa Fever,107,9,0,13,20,,,,,,,,,,
2019,7,30,CSM,15,0,0,4,9,,,,,,,,,,
2019,7,30,Yellow Fever,76,0,0,24,58,,,,,,,,,,
2019,7,30,Cholera,192,18,0,4,10,,,,,,,,,,
2019,7,30,Measles,591,0,5,29,173,2018,1,15,99,0.8,2019,49765,1969,257,0.5
2019,7,30,Mpox,3,2,1,2,2,2018,61,29,1,1.7,2019,60,33,2,3.3
2019,7,30,AFP,127,0,0,26,116,,,,,,,,,,
2019,8,31,Lassa Fever,93,11,1,11,19,,,,,,,,,,
2019,8,31,CSM,11,0,0,6,8,,,,,,,,,,
2019,8,31,Yellow Fever,62,0,4,16,42,,,,,,,,,,
2019,8,31,Cholera,83,14,0,1,3,2018,3,455,492,2.0,2019,2175,190,38,1.8
2019,8,31,Measles,470,0,0,28,136,2018,1,15,99,0.8,2019,50241,1969,257,0.5
2019,8,31,Mpox,1,1,0,1,1,2018,62,29,1,1.6,2019,62,35,2,3.2
2019,8,31,AFP,122,0,0,28,103,,,,,,,,,,
2019,8,32,Lassa Fever,99,5,0,8,15,,,,,,,,,,
2019,8,32,CSM,15,0,0,2,6,,,,,,,,,,
2019,8,32,Yellow Fever,58,3,0,14,36,,,,,,,,,,
2019,8,32,Cholera,72,24,0,1,3,2018,0,501,549,2.1,2019,2247,214,38,1.7
2019,8,32,Measles,275,0,0,25,101,2018,6,15,100,0.8,2019,50516,2054,257,0.5
2019,8,32,Mpox,0,0,0,0,,2018,65,32,1,1.5,2019,62,35,2,3.2
2019,8,32,AFP,111,0,0,23,97,,,,,,,,,,
2019,8,33,Lassa Fever,72,2,0,6,8,,,,,,,,,,
2019,8,33,CSM,16,0,0,5,9,,,,,,,,,,
2019,8,33,Yellow Fever,63,0,0,18,40,,,,,,,,,,
2019,8,33,Cholera,57,19,0,2,4,2018,0,529,596,2.2,2019,2304,233,38,1.7
2019,8,33,Measles,266,0,2,27,106,2018,2,15,100,0.7,2019,50887,2089,259,0.5
2019,8,33,Mpox,1,0,0,1,1,2018,70,36,1,1.4,2019,62,32,2,3.2
2019,8,33,AFP,83,0,0,28,74,,,,,,,,,,
2019,8,34,Lassa Fever,78,6,0,13,16,,,,,,,,,,
2019,8,34,CSM,17,0,0,5,9,,,,,,,,,,
2019,8,34,Yellow Fever,50,1,0,16,40,,,,,,,,,,
2019,8,34,Cholera,49,12,0,1,3,2018,1,568,681,2.4,2019,2354,246,38,1.6
2019,8,34,Measles,294,0,0,26,120,2018,8,15,100,0.7,2019,51175,2089,259,0.5
2019,8,34,Mpox,0,0,0,0,0,2018,72,38,1,1.4,2019,62,32,2,3.2
2019,8,34,AFP,70,0,0,27,63,,,,,,,,,,
2019,9,35,Lassa Fever,73,14,2,10,15,,,,,,,,,,
2019,9,35,CSM,16,0,0,4,6,,,,,,,,,,
2019,9,35,Yellow Fever,44,0,0,13,34,,,,,,,,,,
2019,9,35,Cholera,33,11,0,2,5,2018,9,653,767,2.4,2019,2416,257,38,1.6
2019,9,35,Measles,307,0,0,26,123,2018,0,15,100,0.7,2019,54238,2089,274,0.5
2019,9,35,Mpox,2,1,0,2,2,2018,79,38,1,1.2,2019,64,33,2,3.1
2019,9,35,AFP,74,0,0,25,66,,,,,,,,,,
2019,9,36,Lassa Fever,83,9,0,13,15,,,,,,,,,,
2019,9,36,CSM,21,0,0,7,10,,,,,,,,,,
2019,9,36,Yellow Fever,92,3,1,20,52,,,,,,,,,,
2019,9,36,Cholera,36,13,0,3,5,2018,1,691,847,2.4,2019,2452,270,38,1.6
2019,9,36,Measles,337,0,0,29,139,2018,6,15,133,0.8,2019,54575,2089,274,0.5
2019,9,36,Mpox,3,0,0,2,2,2018,82,38,1,1.2,2019,65,31,2,3.1
2019,9,36,AFP,82,0,0,25,75,,,,,,,,,,
2019,9,37,Lassa Fever,63,7,2,11,15,,,,,,,,,,
2019,9,37,CSM,23,0,0,7,12,,,,,,,,,,
2019,9,37,Yellow Fever,117,0,3,26,73,,,,,,,,,,
2019,9,37,Cholera,21,0,0,2,4,2018,3,736,944,2.4,2019,2473,270,38,1.5
2019,9,37,Measles,327,0,1,29,140,2018,2,15,133,0.8,2019,54902,2089,275,0.5
2019,9,37,Mpox,4,2,0,2,2,2018,86,38,1,1.2,2019,69,33,2,2.9
2019,9,37,AFP,109,0,0,31,93,,,,,,,,,,
2019,9,38,Lassa Fever,100,7,2,10,14,,,,,,,,,,
2019,9,38,CSM,24,0,0,5,12,,,,,,,,,,
2019,9,38,Yellow Fever,89,0,5,23,52,,,,,,,,,,
2019,9,38,Cholera,32,11,0,2,4,2018,3,758,1006,2.4,2019,2477,287,38,1.5
2019,9,38,Measles,314,0,0,28,138,2018,9,21,115,0.8,2019,55216,2089,275,0.5
2019,9,38,Mpox,6,1,0,4,5,2018,89,47,1,1.1,2019,75,33,2,2.7
2019,9,38,AFP,107,0,0,30,98,,,,,,,,,,
2019,9,39,Lassa Fever,108,13,2,10,12,,,,,,,,,,
2019,9,39,CSM,23,0,1,5,11,,,,,,,,,,
2019,9,39,Yellow Fever,116,0,2,23,70,,,,,,,,,,
2019,9,39,Cholera,31,2,0,2,3,2018,9,797,1042,2.4,2019,2508,289,38,1.5
2019,9,39,Measles,260,0,0,27,115,2018,9,21,166,0.8,2019,55476,2150,275,0.5
2019,9,39,Mpox,3,3,0,2,2,2018,89,47,1,1.1,2019,82,39,0,0.0
2019,9,39,AFP,101,0,0,31,86,,,,,,,,,,
2020,10,42,Lassa Fever,94,13,2,3,6,,,,,,,,,,
2020,10,42,CSM,5,0,0,3,4,,,,,,,,,,
2020,10,42,Yellow Fever,28,0,0,11,23,,,,,,,,,,
2020,10,42,Cholera,103,0,11,4,7,,,,,,,,,,
2020,10,42,Measles,119,0,0,17,61,2019,8,2236,275,0.5,2020,22237,2183,116,0.5
2020,10,42,Mpox,0,0,0,0,0,2019,96,43,2,2.1,2020,30,6,0,0.0
2020,10,42,AFP,74,0,0,24,63,,,,,,,,,,
2020,10,42,COVID-19,,,,36,,,,,,,,,,,
2020,10,43,Lassa Fever,51,3,2,4,14,,,,,,,,,,
2020,10,43,CSM,8,0,1,2,3,,,,,,,,,,
2020,10,43,Yellow Fever,27,0,0,11,24,,,,,,,,,,
2020,10,43,Cholera,48,0,0,5,5,,,,,,,,,,
2020,10,43,Measles,76,0,0,12,39,2019,1,1881,275,0.5,2020,22313,2183,116,0.52
2020,10,43,Mpox,0,0,0,0,0,2019,102,43,2,2.0,2020,30,6,0,0.0
2020,10,43,AFP,63,0,0,23,61,,,,,,,,,,
2020,10,43,COVID-19,,,,36,,,,,,,,,,,
2020,11,44,Lassa Fever,79,11,1,6,28,,,,,,,,,,
2020,11,44,CSM,11,0,0,4,5,,,,,,,,,,
2020,11,44,Yellow Fever,44,8,0,12,28,,,,,,,,,,
2020,11,44,Cholera,53,0,0,2,2,,,,,,,,,,
2020,11,44,Measles,89,0,0,18,55,2019,5,1881,277,0.5,2020,24597,2428,131,0.53
2020,11,44,Mpox,0,0,0,0,0,2019,102,43,2,2.0,2020,30,6,0,0.0
2020,11,44,AFP,84,0,0,24,74,,,,,,,,,,
2020,11,44,COVID-19,,,,715,,,,,,,,,,,
2020,11,45,Lassa Fever,98,5,1,2,2,,,,,,,,,,
2020,11,45,CSM,10,0,0,4,5,,,,,,,,,,
2020,11,45,Yellow Fever,48,10,0,11,25,,,,,,,,,,
2020,11,45,Cholera,0,0,0,0,0,,,,,,,,,,
2020,11,45,Measles,139,2,0,14,52,2019,7,12236,287,21.0,2020,24736,2428,131,0.5
2020,11,45,Mpox,0,0,0,0,0,2019,102,43,2,2.0,2020,30,6,0,0.0
2020,11,45,AFP,99,0,0,26,87,,,,,,,,,,
2020,11,45,COVID-19,,,,745,,,,,,,,,,,
2020,11,46,Lassa Fever,91,2,1,1,2,,,,,,,,,,
2020,11,46,CSM,5,0,0,2,4,,,,,,,,,,
2020,11,46,Yellow Fever,98,0,1,16,37,,,,,,,,,,
2020,11,46,Cholera,14,0,0,2,4,,,,,,,,,,
2020,11,46,Measles,167,0,1,19,64,2019,4,2236,287,0.5,2020,24903,2428,132,0.5
2020,11,46,Mpox,1,0,0,1,1,2019,102,43,2,2.0,2020,31,6,0,0.0
2020,11,46,AFP,99,0,0,27,82,,,,,,,,,,
2020,11,46,COVID-19,,,,776,,,,,,,,,,,
2020,11,47,Lassa Fever,81,10,2,5,5,,,,,,,,,,
2020,11,47,CSM,12,1,0,5,6,,,,,,,,,,
2020,11,47,Yellow Fever,129,1,6,21,56,,,,,,,,,,
2020,11,47,Cholera,19,0,0,2,3,,,,,,,,,,
2020,11,47,Measles,122,0,0,20,63,2019,0,1881,288,0.5,2020,25025,2428,132,0.5
2020,11,47,Mpox,0,0,0,0,0,2019,102,43,2,2.0,2020,31,6,0,0.0
2020,11,47,AFP,103,0,0,28,87,,,,,,,,,,
2020,11,47,COVID-19,,,,812,,,,,,,,,,,
2020,11,48,Lassa Fever,133,6,2,3,4,,,,,,,,,,
2020,11,48,CSM,4,0,0,3,3,,,,,,,,,,
2020,11,48,Yellow Fever,283,1,8,20,54,,,,,,,,,,
2020,11,48,Cholera,0,0,0,0,0,,,,,,,,,,
2020,11,48,Measles,157,0,2,19,62,2019,1,1881,289,0.5,2020,25182,2428,134,0.5
2020,11,48,Mpox,0,0,0,0,0,2019,106,44,2,1.9,2020,31,6,0,0.0
2020,11,48,AFP,104,0,0,24,83,,,,,,,,,,
2020,11,48,COVID-19,,,,852,,,,,,,,,,,
2020,12,49,Lassa Fever,69,4,1,2,4,,,,,,,,,,
2020,12,49,CSM,2,0,0,1,2,,,,,,,,,,
2020,12,49,Yellow Fever,163,2,1,14,30,,,,,,,,,,
2020,12,49,Cholera,21,0,0,1,1,,,,,,,,,,
2020,12,49,Measles,97,1,0,18,58,2019,1,122361,289,0.5,2020,25275,2429,134,0.5
2020,12,49,Mpox,0,0,0,0,0,2019,113,44,2,1.9,2020,31,6,0,0.0
2020,12,49,AFP,79,0,0,25,70,,,,,,,,,,
2020,12,49,COVID-19,,,,898,,,,,,,,,,,
2020,12,50,Lassa Fever,59,5,0,10,28,,,,,,,,,,
2020,12,50,CSM,5,0,0,2,4,,,,,,,,,,
2020,12,50,Yellow Fever,55,0,0,18,29,,,,,,,,,,
2020,12,50,Cholera,4,0,0,1,1,,,,,,,,,,
2020,12,50,Measles,95,1,0,18,63,2019,8,22361,286,0.5,2020,25370,2430,134,0.5
2020,12,50,Mpox,0,0,0,0,0,2019,113,44,2,1.9,2020,31,6,0,0.0
2020,12,50,AFP,80,0,0,24,68,,,,,,,,,,
2020,12,50,COVID-19,,,,935,,,,,,,,,,,
2020,12,51,Lassa Fever,78,12,1,9,28,,,,,,,,,,
2020,12,51,CSM,2,0,0,2,2,,,,,,,,,,
2020,12,51,Yellow Fever,98,0,0,14,31,,,,,,,,,,
2020,12,51,Cholera,2,0,0,1,1,,,,,,,,,,
2020,12,51,Measles,,,,19,,2019,0,2363,288,0.5,2020,25531,2430,134,0.52
2020,12,51,Mpox,0,0,0,0,0,2019,116,44,2,1.7,2020,31,6,0,0.0
2020,12,51,AFP,76,0,0,23,59,,,,,,,,,,
2020,12,51,COVID-19,,,,975,,,,,,,,,,,
2020,12,52,Lassa Fever,64,6,1,10,27,,,,,,,,,,
2020,12,52,CSM,1,0,0,1,1,,,,,,,,,,
2020,12,52,Yellow Fever,36,0,0,11,18,,,,,,,,,,
2020,12,52,Cholera,0,0,0,0,0,,,,,,,,,,
2020,12,52,Measles,71,0,3,15,31,2019,9,2363,291,0.5,2020,25602,2501,137,0.5
2020,12,52,Mpox,1,0,0,1,1,2019,120,68,5,4.2,2020,32,6,0,0.0
2020,12,52,AFP,49,0,0,21,43,,,,,,,,,,
2020,12,52,COVID-19,,,,1,,,,,,,,,,,
2020,1,1,Lassa Fever,98,18,1,9,16,2019,57,25,7,28.0,2020,98,18,2,11.1
2020,1,1,CSM,10,0,1,3,5,2019,6,1,2,33.3,2020,10,0,0,0.0
2020,1,1,Yellow Fever,19,0,0,11,17,2019,31,0,0,0.0,2020,19,0,0,0.0
2020,1,1,Cholera,33,0,2,2,2,2019,1,0,0,0.0,2020,33,0,2,6.1
2020,1,1,Measles,183,0,0,21,83,2019,181,0,0,0.0,2020,183,0,0,0.0
2020,1,1,Mpox,0,0,0,0,0,2019,0,0,0,0.0,2020,1,0,0,0.0
2020,1,1,AFP,31,0,0,14,29,2019,51,0,0,0.0,2020,31,0,0,0.0
2020,1,2,Lassa Fever,158,64,12,10,14,2019,172,60,16,26.7,2020,255,82,14,17.1
2020,1,2,CSM,7,0,0,6,7,2019,108,7,12,11.1,2020,17,0,1,5.9
2020,1,2,Yellow Fever,44,0,0,16,36,2019,66,0,0,0.0,2020,63,0,0,0.0
2020,1,2,Cholera,19,0,4,3,3,2019,39,0,3,7.7,2020,52,0,6,11.5
2020,1,2,Measles,370,1,0,30,132,2019,688,0,2,0.3,2020,557,1,0,0.0
2020,1,2,Mpox,4,0,0,3,4,2019,3,2,0,0.0,2020,5,0,0,0.0
2020,1,2,AFP,69,0,0,27,64,2019,143,0,0,0.0,2020,103,0,0,0.0
2020,1,3,Lassa Fever,159,81,10,6,17,2019,379,141,33,23.4,2020,398,163,24,14.7
2020,1,3,CSM,9,0,0,4,8,2019,156,11,13,8.3,2020,26,0,1,3.8
2020,1,3,Yellow Fever,34,0,0,14,30,2019,117,0,0,0.0,2020,97,0,0,0.0
2020,1,3,Cholera,20,0,0,3,3,2019,75,1,4,5.3,2020,72,0,6,8.3
2020,1,3,Measles,470,0,3,30,136,,,,,,,,,,
2020,1,3,Mpox,0,0,0,0,0,2019,4,2,0,0.0,2020,6,1,0,0.0
2020,1,3,AFP,93,0,0,30,85,2019,253,0,0,0.0,2020,196,0,0,0.0
2020,1,4,Lassa Fever,318,95,19,19,56,2019,359,213,42,19.7,2020,689,258,41,15.9
2020,1,4,CSM,14,0,0,6,9,2019,205,15,15,7.3,2020,40,0,1,2.5
2020,1,4,Yellow Fever,32,0,0,14,28,2019,170,0,0,0.0,2020,129,0,0,0.0
2020,1,4,Cholera,74,0,4,3,4,2019,108,1,7,6.5,2020,146,0,10,6.8
2020,1,4,Measles,591,0,2,29,171,,,,,,,,,,
2020,1,4,Mpox,0,0,0,0,0,2019,115,46,2,1.7,2020,6,0,0,0.0
2020,1,4,AFP,90,0,0,27,79,2019,385,0,0,0.0,2020,286,0,0,0.0
2020,2,5,Lassa Fever,531,104,6,15,39,2019,794,294,52,17.7,2020,1226,365,47,12.9
2020,2,5,CSM,18,0,0,4,10,2019,262,20,18,6.9,2020,58,0,1,1.7
2020,2,5,Yellow Fever,34,0,0,19,25,2019,218,0,0,0.0,2020,163,0,0,0.0
2020,2,5,Cholera,198,0,9,1,5,2019,135,1,8,5.9,2020,471,0,27,5.7
2020,2,5,Measles,391,0,1,30,147,,,,,,,,,,
2020,2,5,Mpox,0,0,0,0,0,2019,7,3,0,0.0,2020,6,0,0,0.0
2020,2,5,AFP,102,0,0,30,89,2019,549,0,0,0.0,2020,388,0,0,0.0
2020,2,6,Lassa Fever,482,109,8,19,43,2019,947,324,69,21.3,2020,1708,472,70,14.8
2020,2,6,CSM,10,0,0,5,8,2019,262,20,18,6.9,2020,68,0,1,1.5
2020,2,6,Yellow Fever,37,0,0,17,21,2019,261,0,0,0.0,2020,200,0,0,0.0
2020,2,6,Cholera,257,0,4,1,6,2019,163,1,8,4.9,2020,728,0,31,4.3
2020,2,6,Measles,521,17,1,30,180,,,,,,,,,,
2020,2,6,Mpox,0,0,0,0,0,2019,7,3,0,0.0,2020,7,0,0,0.0
2020,2,6,AFP,74,0,0,22,63,2019,671,0,0,0.0,2020,462,0,0,0.0
2020,2,7,Lassa Fever,471,115,18,16,41,,,,,,,,,,
2020,2,7,CSM,15,0,0,6,11,2019,385,26,29,7.5,2020,83,0,1,1.2
2020,2,7,Yellow Fever,42,0,0,20,37,2019,310,0,0,0.0,2020,369,6,0,0.0
2020,2,7,Cholera,0,0,0,0,0,2019,230,1,10,4.3,2020,728,0,31,4.3
2020,2,7,Measles,779,1,1,29,183,,,,,,,,,,
2020,2,7,Mpox,2,0,0,1,2,2019,6,3,0,0.0,2020,10,1,0,0.0
2020,2,7,AFP,104,0,0,31,88,2019,784,0,0,0.0,2020,566,0,0,0.0
2020,2,8,Lassa Fever,456,102,13,18,46,,,,,,,,,,
2020,2,8,CSM,15,0,0,6,10,,,,,,,,,,
2020,2,8,Yellow Fever,25,0,0,14,23,2019,369,5,0,0.0,2020,482,6,0,0.0
2020,2,8,Cholera,1,0,0,1,1,2019,282,4,17,6.0,2020,729,0,31,4.3
2020,2,8,Measles,871,6,5,29,186,,,,,,,,,,
2020,2,8,Mpox,0,0,0,0,0,,,,,,,,,,
2020,2,8,AFP,105,0,0,28,96,2019,900,0,0,0.0,2020,671,0,0,0.0
2020,3,10,Lassa Fever,378,81,10,28,34,,,,,,,,,,
2020,3,10,CSM,13,0,0,5,8,2019,435,27,38,8.7,2020,119,0,1,0.8
2020,3,10,Yellow Fever,27,0,0,10,22,2019,364,5,0,0.0,2020,557,6,0,0.0
2020,3,10,Cholera,0,0,0,0,0,2019,323,4,19,5.9,2020,729,0,31,4.2
2020,3,10,Measles,921,0,5,26,199,,,,,,,,,,
2020,3,10,Mpox,0,0,0,0,0,2019,9,9,0,0.0,2020,10,0,0,0.0
2020,3,10,AFP,85,0,0,29,78,,,,,,,,,,
2020,3,11,Lassa Fever,319,51,9,11,28,,,,,,,,,,
2020,3,11,CSM,11,0,0,6,8,2019,817,79,62,7.6,2020,130,0,1,0.8
2020,3,11,Yellow Fever,35,0,0,11,29,2019,364,5,0,0.0,2020,377,0,0,0.0
2020,3,11,Cholera,7,0,0,1,1,2019,396,4,21,5.3,2020,736,0,31,4.2
2020,3,11,Measles,1092,12,0,27,131,2019,3,535,27,0.2,2020,6921,18,20,0.3
2020,3,11,Mpox,1,1,0,1,1,2019,9,9,0,0.0,2020,11,1,0,0.0
2020,3,11,AFP,92,0,0,29,79,,,,,,,,,,
2020,3,12,Lassa Fever,279,28,3,11,17,,,,,,,,,,
2020,3,12,CSM,46,0,2,7,16,2019,703,44,47,6.7,2020,176,0,3,1.7
2020,3,12,Yellow Fever,33,0,0,12,28,2019,364,5,0,0.0,2020,410,0,0,0.0
2020,3,12,Cholera,0,0,0,0,0,2019,362,6,24,6.6,2020,736,0,31,4.2
2020,3,12,Measles,1069,0,0,26,206,2019,1,535,29,0.2,2020,7990,18,20,0.25
2020,3,12,Mpox,0,0,0,0,0,2019,9,9,0,0.0,2020,11,1,0,0.0
2020,3,12,AFP,104,0,0,30,97,,,,,,,,,,
2020,3,13,Lassa Fever,182,19,1,7,14,,,,,,,,,,
2020,3,13,CSM,18,0,0,4,11,,,,,,,,,,
2020,3,13,Yellow Fever,29,0,0,12,21,2019,364,5,0,0.0,2020,654,6,0,0.0
2020,3,13,Cholera,6,0,0,3,3,2019,474,5,24,5.1,2020,742,0,31,4.8
2020,3,13,Measles,894,0,4,23,149,2019,4,535,31,0.2,2020,10105,636,29,0.3
2020,3,13,Mpox,2,1,0,1,1,2019,15,9,0,0.0,2020,13,2,0,0.0
2020,3,13,AFP,61,0,0,24,57,,,,,,,,,,
2020,3,9,Lassa Fever,443,85,11,28,107,,,,,,,,,,
2020,3,9,CSM,8,0,0,3,5,2019,559,40,54,9.7,2020,106,0,1,0.9
2020,3,9,Yellow Fever,48,0,0,19,43,2019,400,0,0,0.0,2020,530,6,0,0.0
2020,3,9,Cholera,0,0,0,0,0,2019,353,3,18,5.1,2020,729,0,31,4.3
2020,3,9,Measles,764,0,2,29,180,,,,,,,,,,
2020,3,9,Mpox,0,0,0,0,0,2019,9,9,0,0.0,2020,9,0,0,0.0
2020,3,9,AFP,81,0,0,28,97,,,,,,,,,,
2020,4,14,Lassa Fever,136,12,3,14,24,,,,,,,,,,
2020,4,14,CSM,17,0,0,8,11,,,,,,,,,,
2020,4,14,Yellow Fever,17,0,0,4,13,2019,726,9,1,0.1,2020,671,6,0,0.0
2020,4,14,Cholera,7,0,0,1,1,2019,550,6,26,4.7,2020,749,0,31,4.1
2020,4,14,Measles,837,0,15,22,123,2019,5,535,39,0.2,2020,10942,636,44,0.4
2020,4,14,Mpox,,,,,1,2019,15,9,0,0.0,2020,14,0,0,0.0
2020,4,14,AFP,40,0,0,22,39,,,,,,,,,,
2020,4,15,Lassa Fever,99,10,0,5,6,,,,,,,,,,
2020,4,15,CSM,11,0,0,4,8,,,,,,,,,,
2020,4,15,Yellow Fever,24,0,0,7,21,2019,718,12,1,0.1,2020,695,6,0,0.0
2020,4,15,Cholera,0,0,0,0,0,2019,679,9,30,6.0,2020,749,0,31,4.1
2020,4,15,Measles,632,0,1,21,113,2019,5,757,44,0.22,2020,11574,636,45,0.4
2020,4,15,Mpox,0,0,0,0,0,2019,15,9,0,0.0,2020,14,3,0,0.0
2020,4,15,AFP,48,0,0,22,44,,,,,,,,,,
2020,4,16,Lassa Fever,89,6,0,3,3,,,,,,,,,,
2020,4,16,CSM,5,0,0,3,5,,,,,,,,,,
2020,4,16,Yellow Fever,24,0,0,9,17,2019,768,12,1,0.1,2020,719,6,0,0.0
2020,4,16,Cholera,0,0,0,0,0,2019,785,10,31,3.9,2020,749,0,31,4.1
2020,4,16,Measles,606,0,7,21,104,,,,,,,,,,
2020,4,16,Mpox,0,0,0,0,0,2019,15,9,0,0.0,2020,14,3,0,0.0
2020,4,16,AFP,71,0,0,25,63,,,,,,,,,,
2020,4,16,COVID-19,,,,34,,2019,0,0,0,0.0,2020,18536,2558,87,3.0
2020,4,17,Lassa Fever,85,8,0,12,38,,,,,,,,,,
2020,4,17,CSM,6,0,0,2,2,,,,,,,,,,
2020,4,17,Yellow Fever,18,0,0,7,15,2019,830,12,2,0.2,2020,737,6,0,0.0
2020,4,17,Cholera,97,0,14,2,2,2019,890,10,31,3.5,2020,846,0,45,5.3
2020,4,17,Measles,313,0,0,18,80,2019,1,819,78,0.3,2020,12493,636,52,0.4
2020,4,17,Mpox,0,0,0,0,0,2019,36,20,0,0.0,2020,14,3,0,0.0
2020,4,17,AFP,47,0,0,23,39,,,,,,,,,,
2020,5,18,Lassa Fever,64,5,2,15,37,,,,,,,,,,
2020,5,18,CSM,12,0,0,4,6,,,,,,,,,,
2020,5,18,Yellow Fever,10,0,0,8,9,2019,930,12,2,0.2,2020,747,6,0,0.0
2020,5,18,Cholera,0,0,0,0,0,2019,944,11,31,3.3,2020,846,0,45,5.3
2020,5,18,Measles,338,0,0,17,86,2019,4,819,93,0.3,2020,12831,636,52,0.41
2020,5,18,Mpox,0,0,0,0,0,2019,40,23,0,0.0,2020,14,3,0,0.0
2020,5,18,AFP,57,0,0,23,51,,,,,,,,,,
2020,5,19,Lassa Fever,72,9,1,4,5,,,,,,,,,,
2020,5,19,CSM,2,0,0,2,2,,,,,,,,,,
2020,5,19,Yellow Fever,14,0,0,6,12,2019,954,12,2,0.2,2020,761,6,0,0.0
2020,5,19,Cholera,1,0,0,1,1,2019,971,13,31,3.2,2020,847,0,45,5.3
2020,5,19,Measles,298,0,2,15,71,2019,7,819,95,0.3,2020,15668,1629,70,0.4
2020,5,19,Mpox,0,0,0,0,0,2019,42,23,0,0.0,2020,14,3,0,0.0
2020,5,19,AFP,58,0,0,23,53,,,,,,,,,,
2020,5,20,Lassa Fever,68,6,1,3,5,,,,,,,,,,
2020,5,20,CSM,8,0,0,4,6,,,,,,,,,,
2020,5,20,Yellow Fever,8,0,0,6,7,,,,,,,,,,
2020,5,20,Cholera,0,0,0,0,0,,,,,,,,,,
2020,5,20,Measles,155,0,1,7,41,2019,9,33,91,0.3,2020,15823,1629,71,0.4
2020,5,20,Mpox,0,0,0,0,0,2019,42,23,0,0.0,2020,14,3,0,0.0
2020,5,20,AFP,44,0,0,20,39,,,,,,,,,,
2020,5,20,COVID-19,,,,63882,,,,,,,,,,,
2020,5,21,Lassa Fever,80,9,2,10,37,,,,,,,,,,
2020,5,21,CSM,1,0,0,1,1,,,,,,,,,,
2020,5,21,Yellow Fever,10,0,0,6,7,,,,,,,,,,
2020,5,21,Cholera,1,0,0,1,1,2019,765,8,28,3.7,2020,956,46,55,5.8
2020,5,21,Measles,94,0,0,13,39,2019,4,1492,97,0.3,2020,15917,1629,71,0.6
2020,5,21,Mpox,0,0,0,0,0,2019,49,25,0,0.0,2020,14,3,0,0.0
2020,5,21,AFP,66,0,0,23,62,,,,,,,,,,
2020,5,21,COVID-19,,,,35,,,,,,,,,,,
2020,5,22,Lassa Fever,78,6,0,10,35,,,,,,,,,,
2020,5,22,CSM,3,0,0,2,3,,,,,,,,,,
2020,5,22,Yellow Fever,13,0,0,6,12,,,,,,,,,,
2020,5,22,Cholera,0,0,0,0,0,,,,,,,,,,
2020,5,22,Measles,388,0,0,20,74,2019,1,1492,98,0.3,2020,16305,1629,71,0.4
2020,5,22,Mpox,0,0,0,0,0,2019,49,26,0,0.0,2020,14,3,0,0.0
2020,5,22,AFP,77,0,0,25,70,,,,,,,,,,
2020,5,22,COVID-19,,,,35,,,,,,,,,,,
2020,6,23,Lassa Fever,91,5,0,2,4,,,,,,,,,,
2020,6,23,CSM,3,0,1,3,3,,,,,,,,,,
2020,6,23,Yellow Fever,17,0,0,11,17,,,,,,,,,,
2020,6,23,Cholera,0,0,0,0,0,,,,,,,,,,
2020,6,23,Measles,420,0,14,20,88,2019,1,1492,99,0.3,2020,16725,1629,85,0.5
2020,6,23,Mpox,0,0,0,0,0,2019,44,26,0,0.0,2020,14,3,0,0.0
2020,6,23,AFP,126,0,0,26,110,,,,,,,,,,
2020,6,23,COVID-19,,,,35,,,,,,,,,,,
2020,6,24,Lassa Fever,74,5,2,2,3,,,,,,,,,,
2020,6,24,CSM,1,0,0,1,1,,,,,,,,,,
2020,6,24,Yellow Fever,12,0,0,5,12,,,,,,,,,,
2020,6,24,Cholera,0,0,0,0,0,,,,,,,,,,
2020,6,24,Measles,162,0,0,15,44,2019,8,1492,99,0.3,2020,16887,1629,85,0.5
2020,6,24,Mpox,0,0,0,0,0,2019,47,25,0,0.0,2020,18,3,0,0.0
2020,6,24,AFP,104,0,0,29,86,,,,,,,,,,
2020,6,24,COVID-19,,,,132304,,,,,,,,,,,
2020,6,25,Lassa Fever,56,5,2,10,23,,,,,,,,,,
2020,6,25,CSM,5,0,0,2,3,,,,,,,,,,
2020,6,25,Yellow Fever,18,0,0,12,16,,,,,,,,,,
2020,6,25,Cholera,0,0,0,0,0,,,,,,,,,,
2020,6,25,Measles,155,0,0,15,64,2019,5,1518,103,0.3,2020,18767,1957,100,0.5
2020,6,25,Mpox,0,0,0,0,0,2019,47,25,0,0.0,2020,18,3,0,0.0
2020,6,25,AFP,125,0,0,28,108,,,,,,,,,,
2020,6,25,COVID-19,,,,35,,,,,,,,,,,
2020,6,26,Lassa Fever,67,4,2,5,9,,,,,,,,,,
2020,6,26,CSM,4,0,0,4,4,,,,,,,,,,
2020,6,26,Yellow Fever,15,0,0,5,13,,,,,,,,,,
2020,6,26,Cholera,9,0,0,2,3,,,,,,,,,,
2020,6,26,Measles,135,0,0,13,55,2019,3,1518,113,0.3,2020,18912,1957,100,0.5
2020,6,26,Mpox,0,0,0,0,0,2019,51,26,1,2.0,2020,18,3,0,0.0
2020,6,26,AFP,85,0,0,24,75,,,,,,,,,,
2020,6,26,COVID-19,,,,36,,,,,,,,,,,
2020,7,27,Lassa Fever,52,3,0,2,3,,,,,,,,,,
2020,7,27,CSM,4,0,0,4,4,,,,,,,,,,
2020,7,27,Yellow Fever,12,0,0,6,9,,,,,,,,,,
2020,7,27,Cholera,10,0,0,1,1,,,,,,,,,,
2020,7,27,Measles,92,0,0,13,51,2019,6,48,119,0.3,2020,19778,1957,111,0.6
2020,7,27,Mpox,0,0,0,0,0,2019,52,26,1,2.0,2020,18,26,0,0.0
2020,7,27,AFP,131,0,0,29,106,,,,,,,,,,
2020,7,27,COVID-19,,,,214,,,,,,,,,,,
2020,7,28,Lassa Fever,33,3,0,1,1,,,,,,,,,,
2020,7,28,CSM,6,0,0,1,3,,,,,,,,,,
2020,7,28,Yellow Fever,13,0,0,4,11,,,,,,,,,,
2020,7,28,Cholera,2,0,0,2,2,,,,,,,,,,
2020,7,28,Measles,77,0,0,18,46,2019,1,1969,252,0.5,2020,20046,2063,111,0.6
2020,7,28,Mpox,3,0,0,1,1,2019,57,31,1,1.8,2020,21,3,0,0.0
2020,7,28,AFP,73,0,0,23,66,,,,,,,,,,
2020,7,28,COVID-19,,,,36,,,,,,,,,,,
2020,7,29,Lassa Fever,80,5,1,10,25,,,,,,,,,,
2020,7,29,CSM,11,0,0,6,6,,,,,,,,,,
2020,7,29,Yellow Fever,16,0,0,8,12,,,,,,,,,,
2020,7,29,Cholera,22,0,0,2,3,,,,,,,,,,
2020,7,29,Measles,92,0,0,16,47,2019,4,1969,252,0.5,2020,20138,2063,111,0.6
2020,7,29,Mpox,0,0,0,0,0,2019,57,31,1,1.8,2020,21,3,0,0.0
2020,7,29,AFP,106,0,0,29,94,,,,,,,,,,
2020,7,29,COVID-19,,,,36,,,,,,,,,,,
2020,7,30,Lassa Fever,26,0,0,4,13,,,,,,,,,,
2020,7,30,CSM,2,0,0,2,2,,,,,,,,,,
2020,7,30,Yellow Fever,30,0,0,11,18,,,,,,,,,,
2020,7,30,Cholera,38,0,0,2,2,,,,,,,,,,
2020,7,30,Measles,76,0,0,11,39,2019,5,1969,257,0.5,2020,20214,2063,111,0.6
2020,7,30,Mpox,0,0,0,0,0,2019,57,31,1,1.8,2020,21,3,0,0.0
2020,7,30,AFP,94,0,0,26,86,,,,,,,,,,
2020,7,30,COVID-19,,,,36,,,,,,,,,,,
2020,8,31,Lassa Fever,46,3,1,1,2,,,,,,,,,,
2020,8,31,CSM,3,0,0,2,2,,,,,,,,,,
2020,8,31,Yellow Fever,22,0,0,11,20,,,,,,,,,,
2020,8,31,Cholera,12,0,1,3,3,,,,,,,,,,
2020,8,31,Measles,82,0,0,13,35,2019,1,1969,257,0.5,2020,20296,2063,111,0.5
2020,8,31,Mpox,0,0,0,0,0,2019,62,35,2,3.2,2020,21,3,0,0.0
2020,8,31,AFP,64,0,0,25,58,,,,,,,,,,
2020,8,31,COVID-19,,,,36,,,,,,,,,,,
2020,8,32,Lassa Fever,56,6,0,2,3,,,,,,,,,,
2020,8,32,CSM,9,0,1,5,6,,,,,,,,,,
2020,8,32,Yellow Fever,14,0,0,8,11,,,,,,,,,,
2020,8,32,Cholera,21,0,0,2,2,,,,,,,,,,
2020,8,32,Measles,110,0,0,18,59,2019,6,2054,257,0.5,2020,20406,2063,111,0.5
2020,8,32,Mpox,0,0,0,0,0,2019,62,35,2,3.2,2020,21,3,0,0.0
2020,8,32,AFP,99,0,0,28,86,,,,,,,,,,
2020,8,32,COVID-19,,,,36,,,,,,,,,,,
2020,8,33,Lassa Fever,33,1,0,3,17,,,,,,,,,,
2020,8,33,CSM,6,0,0,3,6,,,,,,,,,,
2020,8,33,Yellow Fever,34,0,0,10,25,,,,,,,,,,
2020,8,33,Cholera,10,0,0,2,2,,,,,,,,,,
2020,8,33,Measles,82,0,0,14,51,2019,7,2089,259,0.5,2020,20488,2063,111,0.5
2020,8,33,Mpox,0,0,0,0,0,2019,62,35,2,3.2,2020,21,3,0,0.0
2020,8,33,AFP,96,0,0,26,82,,,,,,,,,,
2020,8,33,COVID-19,,,,36,,,,,,,,,,,
2020,8,34,Lassa Fever,47,11,3,10,20,,,,,,,,,,
2020,8,34,CSM,2,0,0,2,2,,,,,,,,,,
2020,8,34,Yellow Fever,29,0,0,9,21,,,,,,,,,,
2020,8,34,Cholera,5,0,0,2,2,,,,,,,,,,
2020,8,34,Measles,78,0,0,18,47,2019,5,2089,259,0.5,2020,20902,2142,111,0.53
2020,8,34,Mpox,0,0,0,0,0,2019,62,35,2,3.2,2020,21,3,0,0.0
2020,8,34,AFP,91,0,0,25,78,,,,,,,,,,
2020,8,34,COVID-19,424186,55005,10057,36,424,,,,,,,,,,
2020,8,35,Lassa Fever,27,2,0,2,2,,,,,,,,,,
2020,8,35,CSM,4,0,0,3,4,,,,,,,,,,
2020,8,35,Yellow Fever,24,0,0,12,20,,,,,,,,,,
2020,8,35,Cholera,9,0,0,2,2,,,,,,,,,,
2020,8,35,Measles,75,0,0,17,45,2019,8,2089,274,0.5,2020,20977,2142,111,0.5
2020,8,35,Mpox,0,0,0,0,0,2019,64,35,2,3.1,2020,21,3,0,0.0
2020,8,35,AFP,103,0,0,27,90,,,,,,,,,,
2020,8,35,COVID-19,,,,442,,,,,,,,,,,
2020,9,36,Lassa Fever,46,4,0,3,3,,,,,,,,,,
2020,9,36,CSM,4,0,0,4,4,,,,,,,,,,
2020,9,36,Yellow Fever,35,0,0,14,29,,,,,,,,,,
2020,9,36,Cholera,20,0,2,3,3,,,,,,,,,,
2020,9,36,Measles,84,0,0,18,58,2019,5,2089,274,0.5,2020,21061,2142,111,0.5
2020,9,36,Mpox,0,0,0,0,0,2019,65,35,2,3.1,2020,21,3,0,0.0
2020,9,36,AFP,100,0,0,27,84,,,,,,,,,,
2020,9,36,COVID-19,480874,57242,1098,36,424,,,,,,,,,,
2020,9,37,Lassa Fever,47,6,0,7,19,,,,,,,,,,
2020,9,37,CSM,3,0,1,3,3,,,,,,,,,,
2020,9,37,Yellow Fever,26,0,0,13,23,,,,,,,,,,
2020,9,37,Cholera,3,0,1,1,1,,,,,,,,,,
2020,9,37,Measles,68,0,0,14,48,2019,2,2089,275,0.5,2020,21129,2142,111,0.53
2020,9,37,Mpox,0,0,0,0,0,2019,69,35,2,2.9,2020,21,3,0,0.0
2020,9,37,AFP,88,0,0,28,79,,,,,,,,,,
2020,9,37,COVID-19,507006,58324,1108,36,424,,,,,,,,,,
2020,9,38,Lassa Fever,11,4,1,3,8,,,,,,,,,,
2020,9,38,CSM,5,0,0,4,5,,,,,,,,,,
2020,9,38,Yellow Fever,33,0,0,13,27,,,,,,,,,,
2020,9,38,Cholera,21,0,1,1,2,,,,,,,,,,
2020,9,38,Measles,87,0,0,16,49,2019,6,2089,275,0.5,2020,21216,2142,111,0.52
2020,9,38,Mpox,2,2,0,2,2,2019,75,35,2,2.6,2020,28,4,0,0.0
2020,9,38,AFP,107,0,0,28,86,,,,,,,,,,
2020,9,38,COVID-19,,,,36,,,,,,,,,,,
2020,9,39,Lassa Fever,41,7,1,2,3,,,,,,,,,,
2020,9,39,CSM,2,0,0,2,2,,,,,,,,,,
2020,9,39,Yellow Fever,34,0,0,13,27,,,,,,,,,,
2020,9,39,Cholera,1,0,0,1,1,,,,,,,,,,
2020,9,39,Measles,80,0,0,18,47,2019,6,2150,275,0.5,2020,21936,2183,116,0.5
2020,9,39,Mpox,1,1,0,1,1,2019,82,39,2,2.4,2020,29,5,0,0.0
2020,9,39,AFP,92,0,0,30,86,,,,,,,,,,
2020,9,39,COVID-19,,,,36,,,,,,,,,,,
2021,11,45,Lassa Fever,113,8,0,4,7,,,,,,,,,,
2021,11,45,CSM,2,0,0,1,1,2020,588,14,11,1.9,2021,425,17,12,2.8
2021,11,45,Yellow Fever,21,0,0,10,21,,,,,,,,,,
2021,11,45,Cholera,477,5,14,9,23,,,,,,,,,,
2021,11,45,Measles,237,0,0,18,63,2020,6,2428,131,0.5,2021,22863,1257,139,0.6
2021,11,45,Mpox,0,0,0,0,0,2020,30,6,0,0.0,2021,89,28,0,0.0
2021,11,45,AFP,104,0,0,24,73,,,,,,,,,,
2021,11,45,COVID-19,,,,3,,,,,,,,,,,
2021,11,46,Lassa Fever,108,9,1,10,23,,,,,,,,,,
2021,11,46,CSM,2,0,0,2,2,2020,603,14,11,1.8,2021,427,17,12,2.8
2021,11,46,Yellow Fever,31,0,0,14,24,,,,,,,,,,
2021,11,46,Cholera,352,0,4,8,22,,,,,,,,,,
2021,11,46,Measles,235,0,0,23,93,,,,,,,,,,
2021,11,46,Mpox,3,3,0,3,3,2020,34,9,0,0.0,2021,92,31,0,0.0
2021,11,46,AFP,97,0,0,27,77,,,,,,,,,,
2021,11,46,COVID-19,,,,3,,,,,,,,,,,
2021,12,48,Lassa Fever,84,4,0,4,4,,,,,,,,,,
2021,12,48,CSM,2,0,0,2,2,2020,619,14,13,2.1,2021,436,17,12,2.8
2021,12,48,Yellow Fever,31,0,0,12,24,,,,,,,,,,
2021,12,48,Cholera,233,0,3,8,13,,,,,,,,,,
2021,12,48,Measles,319,5,0,22,91,2020,2,2474,134,0.5,2021,24766,1478,148,0.6
2021,12,48,Mpox,2,1,0,2,2,2020,31,6,0,0.0,2021,95,32,0,0.0
2021,12,48,AFP,103,0,0,20,88,,,,,,,,,,
2021,12,48,COVID-19,,,,3,,,,,,,,,,,
2021,1,0,Lassa Fever,59,8,0,7,23,,,,,,,,,,
2021,1,0,CSM,2,0,0,1,2,,,,,,,,,,
2021,1,0,Yellow Fever,13,0,0,3,10,,,,,,,,,,
2021,1,0,Cholera,7,0,1,2,2,,,,,,,,,,
2021,1,0,Measles,44,0,1,6,14,2019,9,2363,291,0.5,2020,25646,2501,138,0.5
2021,1,0,Mpox,0,0,0,0,0,2019,120,68,5,4.2,2020,32,6,0,0.0
2021,1,0,AFP,47,0,0,15,32,,,,,,,,,,
2021,1,0,COVID-19,,,,1,,,,,,,,,,,
2021,1,1,Lassa Fever,109,9,2,7,12,2020,98,18,2,11.1,2021,109,9,2,22.2
2021,1,1,CSM,0,0,0,0,0,2020,10,0,1,10.0,2021,0,0,0,0.0
2021,1,1,Yellow Fever,17,0,0,10,14,2020,19,0,0,0.0,2021,17,0,0,0.0
2021,1,1,Cholera,0,0,0,0,0,2020,33,0,2,6.1,2021,0,0,0,0.0
2021,1,1,Measles,131,0,0,13,42,2020,183,0,0,0.0,2021,131,0,0,0.0
2021,1,1,Mpox,3,1,0,2,2,2020,1,0,0,0.0,2021,3,1,0,0.0
2021,1,1,AFP,46,0,0,21,41,2020,31,0,0,0.0,2021,46,0,0,0.0
2021,1,1,COVID-19,,,,1,,,,,,,,,,,
2021,1,2,Lassa Fever,117,14,2,3,8,2020,255,82,14,17.1,2021,226,23,4,17.4
2021,1,2,CSM,2,0,0,1,2,2020,17,0,1,5.9,2021,2,0,0,0.0
2021,1,2,Yellow Fever,16,0,0,10,12,2020,63,0,0,0.0,2021,33,0,0,0.0
2021,1,2,Cholera,0,0,0,0,0,2020,52,0,6,11.5,2021,0,0,0,0.0
2021,1,2,Measles,207,3,1,15,57,2020,557,1,0,0.0,2021,338,3,1,0.3
2021,1,2,Mpox,2,1,0,1,1,2020,5,0,0,0.0,2021,5,2,0,0.0
2021,1,2,AFP,51,0,0,23,51,2020,103,0,0,0.0,2021,97,0,0,0.0
2021,1,2,COVID-19,,,,1,,,,,,,,,,,
2021,2,5,Lassa Fever,107,12,1,3,5,,,,,,,,,,
2021,2,5,CSM,4,0,0,3,3,2020,58,0,1,1.7,2021,21,0,0,0.0
2021,2,5,Yellow Fever,27,0,0,9,18,2020,163,0,0,0.0,2021,113,0,0,0.0
2021,2,5,Cholera,87,1,5,3,3,2020,471,0,27,5.7,2021,100,1,5,5.0
2021,2,5,Measles,204,5,0,22,71,,,,,,,,,,
2021,2,5,Mpox,5,0,0,2,4,2020,6,0,0,0.0,2021,14,2,0,0.0
2021,2,5,AFP,36,0,0,17,32,2020,388,0,0,0.0,2021,240,0,0,0.0
2021,2,5,COVID-19,,,,1,,,,,,,,,,,
2021,2,6,Lassa Fever,91,17,6,3,10,,,,,,,,,,
2021,2,6,CSM,8,0,0,3,6,2020,68,0,1,1.5,2021,29,0,0,0.0
2021,2,6,Yellow Fever,27,0,0,12,26,2020,200,0,0,0.0,2021,140,0,0,0.0
2021,2,6,Cholera,12,0,0,3,3,2020,728,0,31,4.3,2021,112,0,5,4.5
2021,2,6,Measles,289,0,1,20,81,,,,,,,,,,
2021,2,6,Mpox,3,1,0,2,3,2020,7,0,0,0.0,2021,17,3,0,0.0
2021,2,6,AFP,45,0,0,22,39,2020,462,0,0,0.0,2021,285,0,0,0.0
2021,2,6,COVID-19,,,,1,,,,,,,,,,,
2021,2,7,Lassa Fever,113,19,3,6,15,,,,,,,,,,
2021,2,7,CSM,4,0,0,2,3,2020,83,0,1,1.2,2021,33,0,0,0.0
2021,2,7,Yellow Fever,16,0,0,11,15,2020,369,6,0,0.0,2021,156,0,0,0.0
2021,2,7,Cholera,38,0,0,2,3,2020,728,0,31,4.3,2021,150,0,5,3.7
2021,2,7,Measles,184,0,0,23,72,,,,,,,,,,
2021,2,7,Mpox,2,0,0,1,1,2020,10,1,0,0.0,2021,19,3,0,0.0
2021,2,7,AFP,43,0,0,18,41,2020,566,0,0,0.0,2021,328,0,0,0.0
2021,2,7,COVID-19,,,,1,,,,,,,,,,,
2021,2,8,Lassa Fever,140,34,6,10,23,,,,,,,,,,
2021,2,8,CSM,10,2,0,5,8,2020,98,0,1,1.0,2021,43,2,0,0.0
2021,2,8,Yellow Fever,28,0,0,15,22,2020,482,6,0,0.0,2021,184,0,0,0.0
2021,2,8,Cholera,4,0,0,2,2,2020,729,0,31,4.3,2021,154,0,5,3.2
2021,2,8,Measles,272,0,1,24,100,,,,,,,,,,
2021,2,8,Mpox,2,0,0,1,1,2020,10,1,0,0.0,2021,21,3,0,0.0
2021,2,8,AFP,50,0,0,20,45,2020,671,0,0,0.0,2021,378,0,0,0.0
2021,2,8,COVID-19,,,,1,,,,,,,,,,,
2021,3,10,Lassa Fever,145,30,6,7,15,,,,,,,,,,
2021,3,10,CSM,7,0,0,2,5,2020,119,0,1,0.8,2021,53,3,0,0.0
2021,3,10,Yellow Fever,55,0,0,11,22,2020,557,6,0,0.0,2021,263,0,0,0.0
2021,3,10,Cholera,11,0,0,1,1,2020,729,0,31,4.2,2021,184,0,5,1.3
2021,3,10,Measles,540,4,2,17,74,,,,,,,,,,
2021,3,10,Mpox,1,1,0,1,1,2020,10,1,0,0.0,2021,25,4,0,0.0
2021,3,10,AFP,48,0,0,19,44,2020,837,0,0,0.0,2021,477,0,0,0.0
2021,3,10,COVID-19,,,,1,,,,,,,,,,,
2021,3,11,Lassa Fever,136,32,4,8,16,,,,,,,,,,
2021,3,11,CSM,10,0,0,5,8,2020,130,0,1,0.8,2021,63,3,0,0.0
2021,3,11,Yellow Fever,42,0,0,10,21,2020,377,0,0,0.0,2021,305,0,0,0.0
2021,3,11,Cholera,71,0,7,2,3,,,,,,,,,,
2021,3,11,Measles,192,0,0,18,74,,,,,,,,,,
2021,3,11,Mpox,0,0,0,0,0,2020,11,1,0,0.0,2021,25,4,0,0.0
2021,3,11,AFP,52,0,0,18,46,2020,929,0,0,0.0,2021,529,0,0,0.0
2021,3,11,COVID-19,,,,1,,,,,,,,,,,
2021,3,12,Lassa Fever,84,7,3,2,5,,,,,,,,,,
2021,3,12,CSM,10,0,0,5,6,2020,176,0,3,1.7,2021,73,3,0,0.0
2021,3,12,Yellow Fever,16,0,0,9,13,2020,410,0,0,0.0,2021,321,0,0,0.0
2021,3,12,Cholera,19,1,0,2,3,2020,736,0,31,4.2,2021,483,1,12,2.5
2021,3,12,Measles,271,0,0,20,73,,,,,,,,,,
2021,3,12,Mpox,0,0,0,0,0,2020,11,1,0,0.0,2021,25,4,0,0.0
2021,3,12,AFP,51,0,0,24,47,,,,,,,,,,
2021,3,12,COVID-19,,,,1,,,,,,,,,,,
2021,3,9,Lassa Fever,107,25,1,6,12,,,,,,,,,,
2021,3,9,CSM,3,1,0,2,3,2020,100,0,1,0.9,2021,46,3,0,0.0
2021,3,9,Yellow Fever,24,0,0,10,18,2020,530,6,0,0.0,2021,208,0,0,0.0
2021,3,9,Cholera,29,0,0,1,3,2020,729,0,31,4.3,2021,183,0,5,2.7
2021,3,9,Measles,434,0,2,20,73,,,,,,,,,,
2021,3,9,Mpox,3,0,0,2,3,2020,9,0,0,0.0,2021,24,3,0,0.0
2021,3,9,AFP,46,0,0,20,45,2020,752,0,0,0.0,2021,429,0,0,0.0
2021,3,9,COVID-19,,,,1,,,,,,,,,,,
2021,4,13,Lassa Fever,78,3,0,1,2,,,,,,,,,,
2021,4,13,CSM,3,2,0,2,3,2020,194,0,3,1.6,2021,76,5,0,0.0
2021,4,13,Yellow Fever,19,0,0,11,17,2020,654,6,0,0.0,2021,340,0,0,0.0
2021,4,13,Cholera,151,0,9,1,5,2020,742,0,31,4.8,2021,634,1,21,3.3
2021,4,13,Measles,163,5,0,21,69,2020,5,636,29,0.3,2021,3683,62,8,0.2
2021,4,13,Mpox,0,0,0,0,0,2020,13,2,0,0.0,2021,25,4,0,0.0
2021,4,13,AFP,41,0,0,18,41,,,,,,,,,,
2021,4,13,COVID-19,,,,1,,,,,,,,,,,
2021,4,14,Lassa Fever,43,8,1,4,5,,,,,,,,,,
2021,4,14,CSM,11,0,0,3,4,2020,211,0,3,1.4,2021,87,5,0,0.0
2021,4,14,Yellow Fever,19,0,0,7,15,2020,671,6,0,0.0,2021,359,0,0,0.0
2021,4,14,Cholera,431,4,13,4,11,2020,749,0,31,4.7,2021,1065,5,34,3.2
2021,4,14,Measles,367,0,1,18,68,2020,2,636,44,0.4,2021,4050,62,9,0.2
2021,4,14,Mpox,0,0,0,0,0,2020,14,2,0,0.0,2021,25,4,0,0.0
2021,4,14,AFP,37,0,0,16,32,,,,,,,,,,
2021,4,15,Lassa Fever,43,6,0,2,3,,,,,,,,,,
2021,4,15,CSM,6,1,0,2,3,2020,222,0,3,1.4,2021,93,6,0,0.0
2021,4,15,Yellow Fever,34,0,0,13,25,2020,695,6,0,0.0,2021,393,0,0,0.0
2021,4,15,Cholera,166,0,11,2,10,,,,,,,,,,
2021,4,15,Measles,629,2,8,21,92,2020,4,636,45,0.4,2021,4679,64,17,0.4
2021,4,15,Mpox,1,1,0,1,1,2020,14,3,0,0.0,2021,26,5,0,0.0
2021,4,15,AFP,56,0,0,20,47,,,,,,,,,,
2021,4,15,COVID-19,,,,1,,,,,,,,,,,
2021,4,16,Lassa Fever,63,7,0,11,24,,,,,,,,,,
2021,4,16,CSM,14,0,1,4,12,2020,227,0,3,1.3,2021,107,6,1,0.93
2021,4,16,Yellow Fever,40,0,0,10,34,2020,719,6,0,0.0,2021,433,0,1,0.0
2021,4,16,Cholera,235,0,13,5,11,,,,,,,,,,
2021,4,16,Measles,748,0,5,22,109,2020,0,636,52,0.4,2021,7578,64,23,0.4
2021,4,16,Mpox,0,0,0,0,0,2020,14,3,0,0.0,2021,26,5,0,0.0
2021,4,16,AFP,56,0,0,18,49,,,,,,,,,,
2021,4,16,COVID-19,,,,1,,,,,,,,,,,
2021,4,17,Lassa Fever,77,8,1,10,26,,,,,,,,,,
2021,4,17,CSM,5,0,0,3,4,2020,233,0,3,1.3,2021,112,6,1,0.9
2021,4,17,Yellow Fever,19,0,0,8,17,,,,,,,,,,
2021,4,17,Cholera,166,1,13,5,13,,,,,,,,,,
2021,4,17,Measles,217,0,0,20,81,,,,,,,,,,
2021,4,17,Mpox,0,0,0,0,0,2020,14,3,0,0.0,2021,26,5,0,0.0
2021,4,17,AFP,57,0,0,21,52,,,,,,,,,,
2021,4,17,COVID-19,,,,2,,,,,,,,,,,
2021,5,18,Lassa Fever,61,10,0,4,6,,,,,,,,,,
2021,5,18,CSM,5,0,0,1,3,2020,245,0,3,1.2,2021,117,0,1,0.8
2021,5,18,Yellow Fever,15,0,0,7,14,2020,747,6,0,0.0,2021,767,13,1,0.13
2021,5,18,Cholera,34,0,6,2,6,,,,,,,,,,
2021,5,18,Measles,691,1,3,13,79,2020,1,636,52,0.4,2021,8486,234,133,1.6
2021,5,18,Mpox,0,0,0,0,0,2020,14,3,0,0.0,2021,26,5,0,0.0
2021,5,18,AFP,52,0,0,17,44,,,,,,,,,,
2021,5,18,COVID-19,,,,2,,,,,,,,,,,
2021,5,19,Lassa Fever,61,1,1,1,1,,,,,,,,,,
2021,5,19,CSM,5,1,0,3,4,2020,247,0,3,1.2,2021,122,1,1,0.8
2021,5,19,Yellow Fever,19,0,0,8,14,2020,761,6,0,0.0,2021,786,13,1,0.1
2021,5,19,Cholera,86,5,6,3,9,,,,,,,,,,
2021,5,19,Measles,518,0,6,16,65,,,,,,,,,,
2021,5,19,Mpox,3,1,0,2,2,2020,14,3,0,0.0,2021,29,6,0,0.0
2021,5,19,AFP,38,0,0,16,35,,,,,,,,,,
2021,5,19,COVID-19,,,,2,,,,,,,,,,,
2021,5,21,Lassa Fever,56,5,0,1,3,,,,,,,,,,
2021,5,21,CSM,9,0,1,4,6,2020,450,11,8,1.8,2021,135,2,3,2.2
2021,5,21,Yellow Fever,31,0,0,11,27,2020,990,12,0,0.0,2021,836,13,1,0.1
2021,5,21,Cholera,616,30,18,4,29,2020,956,46,55,5.8,2021,5475,93,179,3.3
2021,5,21,Measles,593,1,5,19,84,2020,7,1629,71,0.6,2021,10928,281,158,1.4
2021,5,21,Mpox,3,1,0,3,3,2020,14,3,0,0.0,2021,32,7,0,0.0
2021,5,21,AFP,75,0,0,22,70,,,,,,,,,,
2021,5,21,COVID-19,,,,2,,,,,,,,,,,
2021,6,22,Lassa Fever,52,6,1,2,5,,,,,,,,,,
2021,6,22,CSM,6,3,0,5,6,2020,453,11,8,1.8,2021,141,5,3,2.1
2021,6,22,Yellow Fever,15,0,0,7,14,,,,,,,,,,
2021,6,22,Cholera,204,0,2,3,27,2020,956,40,55,5.8,2021,5679,93,181,3.1
2021,6,22,Measles,614,1,5,20,93,2020,5,1629,71,0.4,2021,11542,282,163,1.4
2021,6,22,Mpox,6,2,0,3,5,2020,14,3,0,0.0,2021,38,9,0,0.0
2021,6,22,AFP,74,0,0,21,67,,,,,,,,,,
2021,6,22,COVID-19,,,,2,,,,,,,,,,,
2021,7,27,Lassa Fever,69,7,4,2,4,,,,,,,,,,
2021,7,27,CSM,5,1,0,3,5,2020,466,11,9,1.9,2021,158,11,3,1.9
2021,7,27,Yellow Fever,22,0,0,11,16,,,,,,,,,,
2021,7,27,Cholera,2559,5,30,9,59,2020,976,40,55,5.6,2021,12095,251,263,2.2
2021,7,27,Measles,523,0,5,18,63,2020,8,1957,111,0.6,2021,14220,283,183,2.0
2021,7,27,Mpox,3,0,0,2,3,2020,18,3,0,0.0,2021,58,14,0,0.0
2021,7,27,AFP,106,0,0,23,91,,,,,,,,,,
2021,7,27,COVID-19,,,,2,,,,,,,,,,,
2021,8,31,Lassa Fever,65,4,1,7,15,,,,,,,,,,
2021,8,31,CSM,1,0,0,1,1,2020,499,11,9,1.8,2021,171,11,3,1.75
2021,8,31,Yellow Fever,24,0,0,9,20,,,,,,,,,,
2021,8,31,Cholera,2156,0,101,9,81,,,,,,,,,,
2021,8,31,Measles,117,0,0,19,58,,,,,,,,,,
2021,8,31,Mpox,1,1,0,1,1,2020,21,3,0,0.0,2021,58,19,0,0.0
2021,8,31,AFP,88,0,0,23,80,,,,,,,,,,
2021,8,31,COVID-19,,,,2,,,,,,,,,,,
2021,8,32,Lassa Fever,46,4,2,3,3,,,,,,,,,,
2021,8,32,CSM,1,0,0,1,1,2020,511,11,9,1.8,2021,172,11,3,1.7
2021,8,32,Yellow Fever,53,0,0,10,28,,,,,,,,,,
2021,8,32,Cholera,4545,1,74,12,108,,,,,,,,,,
2021,8,32,Measles,446,1,1,20,77,2020,6,2063,111,0.5,2021,17541,876,204,1.2
2021,8,32,Mpox,1,0,0,1,1,,,,,,,,,,
2021,8,32,AFP,121,0,0,26,102,,,,,,,,,,
2021,8,32,COVID-19,,,,2,,,,,,,,,,,
2021,8,33,Lassa Fever,58,2,0,2,2,,,,,,,,,,
2021,8,33,CSM,2,0,0,1,1,2020,517,11,10,1.9,2021,174,11,3,1.7
2021,8,33,Yellow Fever,32,0,0,11,23,,,,,,,,,,
2021,8,33,Cholera,2910,3,94,13,93,,,,,,,,,,
2021,8,33,Measles,185,0,0,15,60,2020,8,2063,111,0.5,2021,17726,876,204,1.2
2021,8,33,Mpox,0,0,0,0,0,2020,21,3,0,0.0,2021,79,23,0,0.0
2021,8,33,AFP,86,0,0,21,75,,,,,,,,,,
2021,8,33,COVID-19,,,,2,,,,,,,,,,,
2022,5,18,Lassa Fever,72,3,2,11,18,,,,,,,,,,
2022,5,18,CSM,5,0,0,1,3,2021,117,6,1,0.8,2022,277,0,17,6.1
2022,5,18,Yellow Fever,16,0,0,14,16,2021,767,13,1,0.13,2022,575,0,0,0.0
2022,5,18,Cholera,38,0,1,5,9,,,,,,,,,,
2022,5,18,Measles,655,4,6,25,143,,,,,,,,,,
2022,5,18,Mpox,0,0,0,0,0,2021,26,5,0,0.0,2022,42,14,0,0.0
2022,5,18,AFP,79,0,0,21,75,2021,879,0,0,0.0,2022,2515,0,7,0.3
2022,5,19,Lassa Fever,100,8,1,11,19,,,,,,,,,,
2022,5,19,CSM,48,0,0,6,8,2021,122,1,1,0.8,2022,614,0,100,0.0
2022,5,19,Yellow Fever,38,0,0,13,23,2021,786,13,1,0.1,2022,678,0,0,0.0
2022,5,19,Cholera,120,0,0,3,18,,,,,,,,,,
2022,5,19,Measles,1451,17,5,31,211,,,,,,,,,,
2022,5,19,Mpox,5,4,0,4,4,2021,29,6,0,0.0,2022,47,18,0,0.0
2022,5,19,AFP,172,0,0,26,120,,,,,,,,,,
2022,5,20,Lassa Fever,99,2,1,2,2,,,,,,,,,,
2022,5,20,CSM,12,0,0,5,8,2021,126,2,1,0.8,2022,626,0,11,16.0
2022,5,20,Yellow Fever,49,0,0,13,32,2021,805,13,1,0.1,2022,727,0,0,0.0
2022,5,20,Cholera,93,7,0,7,22,,,,,,,,,,
2022,5,20,Measles,1458,4,6,28,175,2021,5,280,153,1.5,2022,33251,2687,119,0.6
2022,5,20,Mpox,8,2,0,5,7,2021,30,6,0,0.0,2022,55,20,0,0.0
2022,5,20,AFP,230,0,0,27,150,2021,994,0,0,0.0,2022,3175,0,7,0.2
2022,5,21,Lassa Fever,94,3,2,15,31,,,,,,,,,,
2022,5,21,CSM,9,0,0,5,5,2021,136,2,3,2.2,2022,635,11,102,16.0
2022,5,21,Yellow Fever,39,9,0,17,22,2021,836,13,1,0.1,2022,766,0,9,1.2
2022,5,21,Cholera,55,2,0,8,16,,,,,,,,,,
2022,5,21,Measles,918,10,3,33,181,2021,10928,281,158,1.4,2022,34169,2931,122,0.6
2022,5,21,Mpox,11,1,1,4,7,2021,32,7,0,0.0,2022,66,21,1,1.5
2022,5,21,AFP,171,0,0,28,114,,,,,,,,,,
2022,6,22,Lassa Fever,119,7,0,14,37,,,,,,,,,,
2022,6,22,CSM,23,0,0,6,9,2021,141,5,3,2.1,2022,658,11,102,15.2
2022,6,22,Yellow Fever,36,0,0,17,29,2021,851,13,1,0.1,2022,802,9,0,0.0
2022,6,22,Cholera,60,185,0,6,11,,,,,,,,,,
2022,6,22,Measles,1000,0,3,28,151,2021,2,282,163,1.4,2022,35169,2931,125,0.65
2022,6,22,AFP,151,0,0,27,115,,,,,,,,,,
2022,6,23,Lassa Fever,70,7,0,10,23,,,,,,,,,,
2022,6,23,CSM,13,0,0,6,6,2021,142,5,3,2.1,2022,671,11,102,15.2
2022,6,23,Yellow Fever,32,1,1,13,23,2021,875,13,1,0.1,2022,834,10,1,0.12
2022,6,23,Cholera,76,0,1,5,13,,,,,,,,,,
2022,6,23,Measles,617,0,0,23,106,2021,4,282,168,1.4,2022,35786,2931,125,0.6
2022,6,23,Mpox,31,6,0,14,20,2021,41,11,0,0.0,2022,140,37,1,0.7
2022,6,23,AFP,114,0,0,27,88,,,,,,,,,,
2022,6,24,Lassa Fever,88,8,3,8,31,,,,,,,,,,
2022,6,24,CSM,12,0,0,4,6,2021,146,8,3,2.1,2022,683,11,102,14.6
2022,6,24,Yellow Fever,29,0,0,14,23,2021,897,13,1,0.1,2022,863,10,1,0.12
2022,6,24,Cholera,81,0,1,7,15,,,,,,,,,,
2022,6,24,Measles,849,0,0,27,137,2021,4,283,171,1.4,2022,36635,2931,125,0.6
2022,6,24,Mpox,23,5,0,15,18,2021,45,12,0,0.0,2022,163,42,1,0.6
2022,6,24,AFP,175,0,0,25,101,,,,,,,,,,
2022,6,25,Lassa Fever,115,10,1,7,16,,,,,,,,,,
2022,6,25,CSM,3,0,0,1,1,2021,146,8,3,2.1,2022,686,11,102,14.8
2022,6,25,Yellow Fever,33,0,0,15,24,2021,946,13,2,0.2,2022,896,10,1,0.1
2022,6,25,Cholera,39,1,0,5,9,,,,,,,,,,
2022,6,25,Measles,611,0,1,29,127,2021,5,283,175,1.3,2022,37246,3111,126,0.3
2022,6,25,Mpox,41,21,0,18,36,2021,49,13,0,0.0,2022,204,63,1,0.0
2022,6,25,AFP,112,0,0,26,89,,,,,,,,,,
2022,7,26,Lassa Fever,130,9,1,10,23,,,,,,,,,,
2022,7,26,CSM,3,0,0,3,3,2021,153,10,3,2.0,2022,689,0,100,14.5
2022,7,26,Yellow Fever,22,0,0,11,18,2021,971,13,2,0.2,2022,915,10,1,0.1
2022,7,26,Cholera,54,0,0,5,13,,,,,,,,,,
2022,7,26,Measles,257,0,0,25,94,,,,,,,,,,
2022,7,26,Mpox,41,21,3,19,23,2021,55,15,0,0.0,2022,245,84,3,1.2
2022,7,26,AFP,97,0,0,23,87,,,,,,,,,,
2022,7,27,Lassa Fever,139,13,0,9,17,,,,,,,,,,
2022,7,27,CSM,8,0,0,2,2,2021,158,11,3,1.9,2022,697,0,100,14.5
2022,7,27,Yellow Fever,15,0,0,12,14,2021,993,13,2,0.2,2022,947,10,1,0.1
2022,7,27,Cholera,53,0,1,7,14,2021,5,251,263,2.2,2022,2055,9,17,0.8
2022,7,27,Measles,178,0,0,24,90,2021,0,283,183,2.0,2022,49656,3111,307,0.6
2022,7,27,Mpox,56,17,0,22,31,2021,55,15,0,3.0,2022,301,101,3,1.2
2022,7,27,AFP,92,0,0,26,81,,,,,,,,,,
2022,7,28,Lassa Fever,107,5,2,8,25,,,,,,,,,,
2022,7,28,CSM,6,0,0,5,5,2021,163,11,3,1.8,2022,703,0,100,14.4
2022,7,28,Yellow Fever,19,0,0,12,18,,,,,,,,,,
2022,7,28,Cholera,201,0,2,8,32,2021,9,266,281,2.2,2022,2256,9,19,0.9
2022,7,28,Measles,347,0,0,26,97,2021,8,283,186,1.3,2022,50965,3486,309,0.6
2022,7,28,Mpox,37,16,0,21,33,2021,58,15,0,0.0,2022,338,117,3,1.2
2022,7,28,AFP,71,0,0,21,63,,,,,,,,,,
2022,7,29,Lassa Fever,134,10,2,12,39,,,,,,,,,,
2022,7,29,CSM,5,0,0,5,5,2021,163,11,3,0.8,2022,708,0,100,14.1
2022,7,29,Yellow Fever,25,0,0,17,26,,,,,,,,,,
2022,7,29,Cholera,1554,0,20,10,33,2021,3,266,301,2.1,2022,3810,9,39,1.02
2022,7,29,Measles,299,0,1,26,122,2021,7,283,186,1.2,2022,51397,3486,309,0.6
2022,7,29,Mpox,19,15,0,10,17,2021,53,15,0,0.0,2022,357,133,3,0.8
2022,7,29,AFP,75,0,0,26,89,,,,,,,,,,
2022,7,30,Lassa Fever,100,10,0,8,56,,,,,,,,,,
2022,7,30,CSM,5,0,0,3,4,2021,171,0,3,1.8,2022,717,11,102,14.0
2022,7,30,Yellow Fever,17,0,9,11,15,,,,,,,,,,
2022,7,30,Cholera,301,18,6,8,34,2021,36167,266,1048,2.8,2022,2827,27,46,1.1
2022,7,30,Measles,385,0,0,23,95,2021,16978,875,203,1.2,2022,39279,3486,126,0.6
2022,7,30,Mpox,56,24,0,19,33,2021,57,18,0,0.0,2022,413,157,4,1.0
2022,7,30,AFP,101,0,0,25,80,,,,,,,,,,
2022,8,31,Lassa Fever,136,13,1,14,43,,,,,,,,,,
2022,8,31,CSM,8,1,0,6,6,2021,171,11,3,1.8,2022,725,12,102,13.9
2022,8,31,Yellow Fever,15,0,0,9,14,,,,,,,,,,
2022,8,31,Cholera,220,4,7,9,34,2021,3,269,1149,2.9,2022,3047,31,53,1.2
2022,8,31,Measles,288,0,0,21,79,2021,5,875,203,1.2,2022,39567,3486,126,0.6
2022,8,31,Mpox,60,15,0,18,31,2021,58,19,0,0.0,2022,473,172,4,0.8
2022,8,31,AFP,84,0,0,19,75,,,,,,,,,,
2022,8,32,Lassa Fever,178,9,3,17,27,,,,,,,,,,
2022,8,32,CSM,3,0,0,2,2,2021,172,11,3,1.7,2022,730,0,101,13.8
2022,8,32,Yellow Fever,29,0,0,14,28,,,,,,,,,,
2022,8,32,Cholera,250,7,2,8,23,2021,8,270,1223,2.8,2022,3314,0,41,1.2
2022,8,32,Measles,367,0,0,23,94,2021,1,876,204,1.2,2022,52500,3486,311,0.6
2022,8,32,Mpox,57,48,0,17,33,2021,79,23,0,0.0,2022,530,220,4,0.8
2022,8,32,AFP,124,0,0,20,111,,,,,,,,,,
2023,10,40,Lassa Fever,67,5,3,12,17,,,,,,,,,,
2023,10,40,CSM,6,0,0,4,4,2022,795,0,101,12.7,2023,2500,315,158,6.3
2023,10,40,Yellow Fever,71,0,0,21,39,,,,,,,,,,
2023,10,40,Cholera,6,0,0,4,6,2022,1,0,357,2.7,2023,3286,233,102,3.1
2023,10,40,Measles,30,0,0,8,24,2022,8,3486,314,0.6,2023,17390,1452,81,0.5
2023,10,40,Mpox,0,0,0,0,0,,,,,,,,,,
2023,10,40,AFP,91,0,0,26,37,,,,,,,,,,
2023,10,41,Lassa Fever,103,9,3,11,19,,,,,,,,,,
2023,10,41,CSM,0,0,0,0,0,2022,795,0,101,12.7,2023,2500,315,158,6.3
2023,10,41,Yellow Fever,80,0,0,23,32,,,,,,,,,,
2023,10,41,Cholera,5,0,0,2,3,2022,1,0,347,2.7,2023,3291,233,102,3.1
2023,10,41,Measles,13,0,0,8,13,2022,8,3486,314,0.6,2023,17403,1452,81,0.5
2023,10,41,Mpox,5,0,0,4,4,,,,,,,,,,
2023,10,41,AFP,90,0,0,23,52,,,,,,,,,,
2023,10,42,Lassa Fever,118,9,0,17,26,,,,,,,,,,
2023,10,42,CSM,0,0,0,0,0,2022,796,0,101,12.7,2023,2503,315,158,6.3
2023,10,42,Yellow Fever,83,0,0,22,39,,,,,,,,,,
2023,10,42,Cholera,19,0,0,1,2,2022,4,0,347,2.6,2023,3438,232,108,3.1
2023,10,42,Measles,65,6,0,7,38,2022,2,3486,314,0.6,2023,17583,1472,81,0.5
2023,10,42,Mpox,21,2,0,8,15,,,,,,,,,,
2023,10,42,AFP,116,0,0,23,73,,,,,,,,,,
2023,10,43,Lassa Fever,124,3,0,16,21,,,,,,,,,,
2023,10,43,CSM,0,0,0,0,0,2022,799,0,101,12.6,2023,2503,315,158,6.3
2023,10,43,Yellow Fever,47,0,1,19,25,,,,,,,,,,
2023,10,43,Cholera,19,1,0,5,7,2022,8,0,398,2.7,2023,3528,235,111,3.1
2023,10,43,Measles,13,0,0,5,9,2022,9,3486,314,0.6,2023,17596,1472,81,0.5
2023,10,43,Mpox,17,0,0,10,16,,,,,,,,,,
2023,10,43,AFP,96,0,0,27,33,,,,,,,,,,
2023,10,44,Lassa Fever,117,8,0,12,21,,,,,,,,,,
2023,10,44,CSM,4,0,0,1,2,2022,801,0,101,12.6,2023,2507,315,158,6.3
2023,10,44,Yellow Fever,47,0,0,19,25,,,,,,,,,,
2023,10,44,Cholera,7,1,0,3,4,2022,6,424,398,2.6,2023,3535,237,111,3.1
2023,10,44,Measles,175,30,0,15,67,2022,7,3486,314,0.6,2023,18653,1699,79,0.4
2023,10,44,Mpox,22,0,0,8,13,,,,,,,,,,
2023,10,44,AFP,81,0,0,25,32,,,,,,,,,,
2023,11,45,Lassa Fever,95,12,4,12,19,,,,,,,,,,
2023,11,45,CSM,2,0,0,2,2,2022,812,0,101,12.4,2023,2506,315,158,6.3
2023,11,45,Yellow Fever,19,0,0,10,12,,,,,,,,,,
2023,11,45,Cholera,5,1,1,4,4,2022,3,441,408,2.6,2023,3540,237,112,3.2
2023,11,45,Measles,149,22,0,16,73,2022,7,3486,314,0.5,2023,18802,1721,80,0.4
2023,11,45,Mpox,30,1,0,9,15,,,,,,,,,,
2023,11,45,AFP,82,0,0,22,50,,,,,,,,,,
2023,11,46,Lassa Fever,125,17,2,16,21,,,,,,,,,,
2023,11,46,CSM,4,0,0,4,4,2022,818,0,101,12.3,2023,2510,315,158,6.3
2023,11,46,Yellow Fever,72,0,0,21,29,,,,,,,,,,
2023,11,46,Cholera,55,0,4,5,6,2022,4,441,408,2.6,2023,3595,237,116,3.2
2023,11,46,Measles,104,15,0,19,82,2022,6,3486,314,0.5,2023,18906,1736,80,0.4
2023,11,46,Mpox,17,0,0,9,12,,,,,,,,,,
2023,11,46,AFP,42,0,0,21,23,,,,,,,,,,
2023,11,47,Lassa Fever,122,11,3,11,17,,,,,,,,,,
2023,11,47,CSM,5,1,1,3,3,2022,837,0,103,12.3,2023,2515,316,159,6.3
2023,11,47,Yellow Fever,108,0,0,23,31,,,,,,,,,,
2023,11,47,Cholera,36,1,8,7,7,2022,5,441,451,2.7,2023,3631,238,124,3.4
2023,11,47,Measles,141,18,0,18,72,2022,1,3486,314,0.5,2023,19047,1754,81,0.4
2023,11,47,Mpox,26,8,0,9,20,,,,,,,,,,
2023,11,47,AFP,10,0,0,9,9,,,,,,,,,,
2023,11,48,Lassa Fever,119,16,4,17,19,,,,,,,,,,
2023,11,48,CSM,7,3,1,4,6,2022,859,0,103,12.0,2023,2522,319,160,6.3
2023,11,48,Yellow Fever,84,0,0,18,29,,,,,,,,,,
2023,11,48,Cholera,8,0,2,5,5,2022,7,0,451,2.6,2023,3639,238,126,3.5
2023,11,48,Measles,91,16,0,15,37,2022,2,3486,314,0.5,2023,19138,1770,81,0.4
2023,11,48,Mpox,20,4,0,7,14,,,,,,,,,,
2023,11,48,AFP,13,0,0,9,11,,,,,,,,,,
2023,12,49,Lassa Fever,165,21,5,16,29,,,,,,,,,,
2023,12,49,CSM,23,9,0,6,8,2022,859,0,103,12.0,2023,2545,328,160,6.3
2023,12,49,Yellow Fever,61,0,0,18,25,,,,,,,,,,
2023,12,49,Cholera,7,0,1,2,2,2022,7,0,451,2.7,2023,3646,233,127,3.5
2023,12,49,Measles,29,2,0,8,17,2022,2,3486,314,0.5,2023,19167,1772,81,0.4
2023,12,49,Mpox,23,0,0,8,14,,,,,,,,,,
2023,12,49,AFP,8,0,0,6,6,,,,,,,,,,
2023,7,27,Lassa Fever,108,6,0,7,25,,,,,,,,,,
2023,7,27,CSM,7,0,0,2,2,2022,697,0,100,14.5,2023,2714,287,183,6.7
2023,7,27,Yellow Fever,31,0,1,18,26,2022,947,10,1,0.1,2023,1583,24,4,0.1
2023,7,27,Cholera,35,1,1,7,13,,,,,,,,,,
2023,7,27,Measles,132,25,0,20,81,2022,6,3111,307,0.6,2023,6501,1255,10,0.2
2023,7,27,Mpox,0,0,0,0,0,2022,301,101,3,1.2,2023,800,80,2,0.25
2023,7,27,AFP,86,0,0,20,63,,,,,,,,,,
2023,7,28,Lassa Fever,119,10,1,11,36,,,,,,,,,,
2023,7,28,CSM,168,12,0,4,11,2022,703,0,100,14.4,2023,2423,288,153,6.3
2023,7,28,Yellow Fever,54,0,0,21,42,2022,971,10,1,0.1,2023,1637,21,4,0.02
2023,7,28,Cholera,38,6,3,7,12,,,,,,,,,,
2023,7,28,Measles,106,10,0,25,103,2022,5,3486,309,0.6,2023,15265,1276,10,0.2
2023,7,28,Mpox,10,0,0,6,9,2022,338,117,3,1.2,2023,828,80,2,0.2
2023,7,28,AFP,114,0,0,26,94,,,,,,,,,,
2023,7,29,Lassa Fever,114,9,0,13,51,,,,,,,,,,
2023,7,29,CSM,116,6,2,2,19,,,,,,,,,,
2023,7,29,Yellow Fever,5,0,0,3,4,,,,,,,,,,
2023,7,29,Cholera,10,1,3,1,1,,,,,,,,,,
2023,7,29,Measles,69,2,0,17,41,2022,7,3486,309,0.6,2023,15334,1278,79,0.5
2023,7,29,Mpox,17,0,0,6,9,2022,357,133,3,0.8,2023,850,80,2,0.2
2023,7,29,AFP,116,0,0,27,106,2022,2,0,7,0.2,2023,2952,0,0,0.0
2023,7,30,Lassa Fever,117,12,6,10,28,,,,,,,,,,
2023,7,30,CSM,150,1,1,3,5,2022,717,11,102,14.0,2023,24789,295,156,0.6
2023,7,30,Yellow Fever,21,0,0,12,17,,,,,,,,,,
2023,7,30,Cholera,4,0,0,4,4,,,,,,,,,,
2023,7,30,Measles,61,1,0,17,31,2022,9,3486,126,0.6,2023,15395,1279,79,0.5
2023,7,30,Mpox,23,0,0,9,13,2022,413,157,4,1.0,2023,873,80,2,0.2
2023,7,30,AFP,88,0,0,21,49,,,,,,,,,,
2023,7,31,Lassa Fever,64,7,0,12,23,,,,,,,,,,
2023,7,31,CSM,31,2,2,1,10,2022,725,12,102,13.9,2023,24820,297,158,0.6
2023,7,31,Yellow Fever,25,0,0,5,8,,,,,,,,,,
2023,7,31,Cholera,11,0,0,3,3,,,,,,,,,,
2023,7,31,Measles,45,0,0,12,22,2022,7,3486,126,0.6,2023,15630,1279,79,0.5
2023,7,31,Mpox,0,0,0,0,0,2022,473,172,4,0.8,2023,873,80,2,0.2
2023,7,31,AFP,106,0,0,17,81,,,,,,,,,,
2023,8,32,Lassa Fever,94,5,1,9,15,,,,,,,,,,
2023,8,32,CSM,3,0,0,3,3,2022,730,0,101,13.8,2023,24823,315,158,0.6
2023,8,32,Yellow Fever,48,0,0,16,31,,,,,,,,,,
2023,8,32,Cholera,3,0,1,2,2,,,,,,,,,,
2023,8,32,Measles,92,4,1,18,32,2022,0,3486,311,0.6,2023,15949,1364,80,0.5
2023,8,32,Mpox,14,0,0,5,8,2022,530,220,4,0.8,2023,887,80,2,0.2
2023,8,32,AFP,97,0,0,29,42,,,,,,,,,,
2023,8,33,Lassa Fever,82,9,2,7,11,,,,,,,,,,
2023,8,33,CSM,1,0,0,1,1,2022,741,12,102,13.6,2023,24824,315,158,0.6
2023,8,33,Yellow Fever,29,0,0,13,26,,,,,,,,,,
2023,8,33,Cholera,1,0,0,1,1,,,,,,,,,,
2023,8,33,Measles,23,2,0,9,13,2022,2,3487,311,0.6,2023,15972,1366,80,5.8
2023,8,33,Mpox,8,0,0,6,7,2022,604,241,6,0.9,2023,895,80,2,2.2
2023,8,33,AFP,65,0,0,24,51,,,,,,,,,,
2023,8,35,Lassa Fever,109,6,0,14,38,,,,,,,,,,
2023,8,35,CSM,1,0,0,1,1,2022,760,12,102,13.4,2023,2485,315,158,6.3
2023,8,35,Yellow Fever,47,0,1,17,33,,,,,,,,,,
2023,8,35,Cholera,76,3,4,5,5,,,,,,,,,,
2023,8,35,Measles,15,3,0,10,15,2022,9,3487,311,0.7,2023,16810,1412,81,5.7
2023,8,35,Mpox,4,0,0,3,3,2022,815,318,7,0.9,2023,914,80,2,0.2
2023,8,35,AFP,16,0,0,11,13,,,,,,,,,,
2023,9,36,Lassa Fever,85,5,0,8,19,,,,,,,,,,
2023,9,36,CSM,2,0,0,1,1,2022,768,12,102,13.9,2023,2487,315,158,6.3
2023,9,36,Yellow Fever,48,0,0,17,40,,,,,,,,,,
2023,9,36,Cholera,71,4,1,3,6,,,,,,,,,,
2023,9,36,Measles,86,0,0,19,71,2022,7,3487,311,0.5,2023,17115,1439,81,0.5
2023,9,36,Mpox,0,0,0,0,0,2022,880,349,7,0.9,2023,914,80,2,0.2
2023,9,36,AFP,1871,0,0,35,121,,,,,,,,,,
2023,9,37,Lassa Fever,79,4,0,10,36,,,,,,,,,,
2023,9,37,CSM,4,0,0,2,3,2022,774,12,102,13.2,2023,2491,315,158,6.3
2023,9,37,Yellow Fever,47,0,1,18,31,,,,,,,,,,
2023,9,37,Cholera,43,4,1,6,8,,,,,,,,,,
2023,9,37,Measles,68,0,0,18,67,2022,9,3487,311,0.7,2023,17181,1439,81,0.5
2023,9,37,Mpox,0,0,0,0,0,2022,969,400,7,0.7,2023,914,80,2,0.2
2023,9,37,AFP,1871,0,0,36,118,,,,,,,,,,
2023,9,38,Lassa Fever,107,4,0,14,36,,,,,,,,,,
2023,9,38,CSM,3,0,0,2,2,2022,780,12,102,13.1,2023,2494,315,158,6.3
2023,9,38,Yellow Fever,29,0,0,16,23,,,,,,,,,,
2023,9,38,Cholera,27,0,1,2,2,,,,,,,,,,
2023,9,38,Measles,26,0,0,8,21,2022,1,3112,311,0.7,2023,17207,1439,81,0.5
2023,9,38,Mpox,0,0,0,0,0,,,,,,,,,,
2023,9,38,AFP,177,0,0,30,52,,,,,,,,,,
2023,9,39,Lassa Fever,96,9,1,7,25,,,,,,,,,,
2023,9,39,CSM,0,0,0,0,0,2022,784,12,102,13.0,2023,2494,315,158,6.8
2023,9,39,Yellow Fever,14,0,0,10,10,,,,,,,,,,
2023,9,39,Cholera,0,0,0,0,0,,,,,,,,,,
2023,9,39,Measles,12,0,0,8,10,2022,2,3112,311,1.3,2023,17259,1444,81,0.5
2023,9,39,Mpox,0,0,0,0,0,,,,,,,,,,
2023,9,39,AFP,123,0,0,26,39,,,,,,,,,,
2024,10,40,Lassa Fever,73,7,2,10,23,,,,,,,,,,
2024,10,40,CSM,2,0,0,2,2,,,,,,,,,,
2024,10,40,Yellow Fever,39,3,0,21,45,,,,,,,,,,
2024,10,40,Cholera,877,12,29,15,43,,,,,,,,,,
2024,10,40,Measles,113,10,0,20,69,2023,7,1682,111,0.6,2024,18158,2002,118,0.6
2024,10,40,Mpox,15,4,0,5,11,2023,928,80,2,0.2,2024,1076,69,0,0.0
2024,10,40,AFP,64,0,0,18,53,,,,,,,,,,
2024,10,41,Lassa Fever,85,10,0,16,26,,,,,,,,,,
2024,10,41,CSM,6,0,0,1,1,,,,,,,,,,
2024,10,41,Yellow Fever,35,0,0,19,33,,,,,,,,,,
2024,10,41,Cholera,1108,21,20,15,29,,,,,,,,,,
2024,10,41,Measles,111,13,0,22,68,2023,3,1712,113,0.6,2024,18269,2015,118,0.6
2024,10,41,Mpox,16,8,0,4,11,2023,928,80,2,0.2,2024,1092,77,0,0.0
2024,10,41,AFP,48,0,0,22,45,,,,,,,,,,
2024,10,42,Lassa Fever,112,12,0,9,19,,,,,,,,,,
2024,10,42,CSM,9,0,0,4,4,,,,,,,,,,
2024,10,42,Yellow Fever,28,0,0,17,22,,,,,,,,,,
2024,10,42,Cholera,852,18,35,11,19,,,,,,,,,,
2024,10,42,Measles,125,15,0,21,83,2023,8,1774,113,0.6,2024,18394,2030,118,0.6
2024,10,42,Mpox,32,3,0,5,14,2023,928,80,2,0.2,2024,1124,80,0,0.0
2024,10,42,AFP,79,0,0,37,59,,,,,,,,,,
2024,10,43,Lassa Fever,99,8,1,11,15,,,,,,,,,,
2024,10,43,CSM,5,0,0,2,2,,,,,,,,,,
2024,10,43,Yellow Fever,12,0,0,9,12,,,,,,,,,,
2024,10,43,Cholera,764,5,24,17,49,,,,,,,,,,
2024,10,43,Measles,65,3,0,16,51,2023,7,1829,114,0.6,2024,18459,2033,118,0.6
2024,10,43,Mpox,16,4,0,6,13,2023,928,80,2,0.2,2024,1140,84,0,0.0
2024,10,43,AFP,31,0,0,15,29,,,,,,,,,,
2024,11,44,Lassa Fever,70,4,0,6,13,,,,,,,,,,
2024,11,44,CSM,3,0,0,1,1,,,,,,,,,,
2024,11,44,Yellow Fever,49,0,0,23,40,,,,,,,,,,
2024,11,44,Cholera,448,14,26,17,39,,,,,,,,,,
2024,11,44,Measles,147,29,1,29,82,2023,3,1861,120,0.6,2024,16355,2502,97,0.6
2024,11,44,Mpox,19,5,0,6,15,2023,931,80,2,0.2,2024,1159,89,0,0.0
2024,11,44,AFP,17,0,0,11,15,,,,,,,,,,
2024,11,45,Lassa Fever,109,10,0,13,18,,,,,,,,,,
2024,11,45,CSM,3,0,0,2,2,,,,,,,,,,
2024,11,45,Yellow Fever,54,0,0,19,42,,,,,,,,,,
2024,11,45,Cholera,351,14,9,9,21,,,,,,,,,,
2024,11,45,Measles,185,15,0,26,109,2023,0,1888,121,0.6,2024,16540,2517,97,0.6
2024,11,45,Mpox,37,7,0,5,21,2023,931,80,2,0.2,2024,1196,96,0,0.0
2024,11,45,AFP,99,0,0,25,76,,,,,,,,,,
2024,11,46,Lassa Fever,123,8,0,17,24,,,,,,,,,,
2024,11,46,CSM,2,0,0,2,2,,,,,,,,,,
2024,11,46,Yellow Fever,62,0,0,25,42,,,,,,,,,,
2024,11,46,Cholera,777,1,13,11,42,,,,,,,,,,
2024,11,46,Measles,148,6,0,26,60,2023,8,1916,121,0.6,2024,16688,2523,97,0.6
2024,11,46,Mpox,40,7,0,5,16,2023,931,80,2,0.2,2024,1236,103,0,0.0
2024,11,46,AFP,70,0,0,23,56,,,,,,,,,,
2024,11,47,Lassa Fever,133,12,4,10,19,,,,,,,,,,
2024,11,47,CSM,1,0,0,1,1,,,,,,,,,,
2024,11,47,Yellow Fever,54,0,0,21,51,,,,,,,,,,
2024,11,47,Cholera,532,0,8,9,27,,,,,,,,,,
2024,11,47,Measles,180,29,0,25,82,2023,5,1940,122,0.6,2024,16868,2552,97,0.6
2024,11,47,Mpox,28,2,0,6,18,2023,931,80,2,0.2,2024,1264,105,0,0.0
2024,11,47,AFP,142,0,0,28,99,,,,,,,,,,
2024,12,48,Lassa Fever,140,26,5,13,22,,,,,,,,,,
2024,12,48,CSM,19,0,1,2,6,,,,,,,,,,
2024,12,48,Yellow Fever,45,0,0,19,38,,,,,,,,,,
2024,12,48,Cholera,397,1,3,13,28,,,,,,,,,,
2024,12,48,Measles,127,17,0,24,37,2023,4,1972,122,0.6,2024,16995,2569,97,0.6
2024,12,48,Mpox,36,5,0,8,24,2023,931,80,2,0.2,2024,1300,110,0,0.0
2024,12,48,AFP,91,0,0,27,68,,,,,,,,,,
2024,12,49,Lassa Fever,157,39,6,16,25,,,,,,,,,,
2024,12,49,CSM,11,0,3,3,6,,,,,,,,,,
2024,12,49,Yellow Fever,31,0,0,18,36,,,,,,,,,,
2024,12,49,Cholera,78,0,1,7,16,,,,,,,,,,
2024,12,49,Measles,117,8,0,26,48,2023,5,1998,123,0.6,2024,17112,2577,97,0.6
2024,12,49,Mpox,32,7,0,6,21,2023,931,80,2,0.2,2024,1332,117,0,0.0
2024,12,49,AFP,43,0,0,17,35,,,,,,,,,,
2024,12,50,Lassa Fever,193,33,1,16,24,,,,,,,,,,
2024,12,50,CSM,9,0,2,5,5,,,,,,,,,,
2024,12,50,Yellow Fever,20,0,0,12,18,,,,,,,,,,
2024,12,50,Cholera,19,0,1,9,9,,,,,,,,,,
2024,12,50,Measles,74,6,0,19,43,2023,7,2012,124,0.6,2024,17186,2583,97,0.6
2024,12,50,Mpox,42,7,0,16,24,2023,931,80,2,0.2,2024,1374,124,0,0.0
2024,12,50,AFP,55,0,0,22,44,,,,,,,,,,
2024,12,51,Lassa Fever,187,50,11,14,19,,,,,,,,,,
2024,12,51,CSM,7,0,0,3,5,,,,,,,,,,
2024,12,51,Yellow Fever,3,0,0,3,3,,,,,,,,,,
2024,12,51,Cholera,68,0,7,8,10,,,,,,,,,,
2024,12,51,Measles,34,1,0,13,19,2023,1,2022,124,0.6,2024,17220,2584,97,0.6
2024,12,51,Mpox,47,8,0,12,27,2023,931,80,2,0.2,2024,1431,132,0,0.0
2024,12,51,AFP,23,0,0,13,18,,,,,,,,,,
2024,12,52,Lassa Fever,226,70,11,15,25,,,,,,,,,,
2024,12,52,CSM,8,0,0,3,4,,,,,,,,,,
2024,12,52,Yellow Fever,6,0,0,4,6,,,,,,,,,,
2024,12,52,Cholera,65,1,3,6,8,,,,,,,,,,
2024,12,52,Measles,17,1,0,7,9,2023,5,2049,124,0.6,2024,17237,2585,97,0.5
2024,12,52,Mpox,9,0,0,9,20,2023,931,80,2,0.2,2024,1463,134,0,0.0
2024,12,52,AFP,9,0,0,4,7,,,,,,,,,,
2024,1,1,Lassa Fever,190,53,6,13,27,2023,143,29,8,27.6,2024,190,53,6,11.3
2024,1,1,CSM,59,2,3,10,24,2023,24,4,0,0.0,2024,59,2,3,5.1
2024,1,1,Yellow Fever,52,0,0,21,44,2023,74,0,0,0.0,2024,52,0,0,0.0
2024,1,1,Cholera,91,0,1,7,16,2023,70,1,1,1.4,2024,91,0,1,1.1
2024,1,1,Measles,725,60,8,32,127,2023,601,69,0,0.0,2024,725,60,8,1.1
2024,1,1,Mpox,3,0,0,2,2,2023,21,3,0,,2024,3,0,0,
2024,1,1,AFP,143,0,0,30,109,2023,182,0,0,0.0,2024,143,0,0,0.0
2024,1,2,Lassa Fever,296,81,16,15,30,2023,207,88,20,22.7,2024,486,134,22,16.4
2024,1,2,CSM,76,1,9,9,21,2023,56,2,0,0.0,2024,135,3,12,8.9
2024,1,2,Yellow Fever,71,0,0,24,56,2023,141,0,0,0.0,2024,123,0,0,0.0
2024,1,2,Cholera,86,0,0,8,17,2023,153,3,8,5.2,2024,177,0,1,0.6
2024,1,2,Measles,637,86,5,34,140,,,,,,,,,,
2024,1,2,Mpox,6,0,0,6,6,2023,55,13,1,1.8,2024,9,0,0,0.0
2024,1,2,AFP,137,0,0,31,112,2023,343,0,0,0.0,2024,280,0,0,0.0
2024,1,3,Lassa Fever,406,77,21,16,33,2023,414,212,39,18.4,2024,892,211,43,20.4
2024,1,3,CSM,120,2,10,9,30,2023,96,4,0,0.0,2024,314,7,25,8.6
2024,1,3,Yellow Fever,75,0,0,25,62,2023,191,1,0,0.0,2024,198,0,0,0.0
2024,1,3,Cholera,80,0,1,11,20,2023,361,3,17,4.7,2024,257,0,2,0.8
2024,1,3,Measles,668,107,6,36,175,,,,,,,,,,
2024,1,3,Mpox,15,0,0,6,9,2023,134,24,1,0.7,2024,24,0,0,0.0
2024,1,3,AFP,150,0,0,32,125,2023,500,0,0,0.0,2024,430,0,0,0.0
2024,1,4,Lassa Fever,347,47,5,20,22,2023,607,308,55,17.9,2024,1239,258,48,18.6
2024,1,4,CSM,159,7,13,16,24,2023,552,53,0,0.0,2024,414,12,35,8.5
2024,1,4,Yellow Fever,51,0,0,25,41,2023,247,1,0,0.0,2024,249,0,0,0.0
2024,1,4,Cholera,78,1,1,10,24,2023,573,4,21,3.7,2024,335,1,3,0.9
2024,1,4,Measles,744,117,5,33,167,,,,,,,,,,
2024,1,4,Mpox,30,2,0,9,19,2023,186,27,1,0.5,2024,54,2,0,0.0
2024,1,4,AFP,159,0,0,32,132,2023,631,0,0,0.0,2024,589,0,0,0.0
2024,2,5,Lassa Fever,429,70,15,23,28,2023,660,422,70,16.6,2024,1667,328,63,19.2
2024,2,5,CSM,81,2,7,9,27,2023,370,9,0,0.0,2024,495,14,42,8.5
2024,2,5,Yellow Fever,63,0,0,26,51,2023,303,1,0,0.0,2024,312,0,0,0.0
2024,2,5,Cholera,79,0,1,11,23,2023,784,13,27,3.4,2024,414,1,4,0.9
2024,2,5,Measles,780,142,2,35,206,,,,,,,,,,
2024,2,5,Mpox,10,0,0,3,8,2023,263,34,1,0.3,2024,64,2,0,0.0
2024,2,5,AFP,176,0,0,31,137,2023,631,0,0,0.0,2024,765,0,0,0.0
2024,2,6,Lassa Fever,453,83,9,24,33,2023,828,484,85,17.6,2024,2122,411,72,17.5
2024,2,6,CSM,70,1,4,7,24,2023,320,26,6,1.9,2024,565,15,46,8.1
2024,2,6,Yellow Fever,73,0,0,25,55,2023,335,2,0,0.0,2024,385,0,0,0.0
2024,2,6,Cholera,74,0,2,9,20,,,,,,,,,,
2024,2,6,Measles,630,114,1,35,236,,,,,,,,,,
2024,2,6,Mpox,25,2,0,9,14,2023,290,38,1,0.3,2024,89,4,0,0.0
2024,2,6,AFP,184,0,0,32,140,2023,906,0,0,0.0,2024,949,0,0,0.0
2024,2,7,Lassa Fever,507,66,13,21,32,,,,,,,,,,
2024,2,7,CSM,148,0,8,10,30,2023,393,37,14,3.6,2024,713,15,54,7.6
2024,2,7,Yellow Fever,84,0,0,29,73,2023,385,2,1,0.3,2024,469,0,0,0.0
2024,2,7,Cholera,114,0,4,14,19,,,,,,,,,,
2024,2,7,Measles,699,130,1,35,263,,,,,,,,,,
2024,2,7,Mpox,27,2,0,11,18,2023,343,43,1,0.3,2024,116,6,0,0.0
2024,2,7,AFP,175,0,0,34,141,,,,,,,,,,
2024,2,8,Lassa Fever,585,96,23,26,39,,,,,,,,,,
2024,2,8,CSM,262,7,8,14,39,2023,441,42,17,3.8,2024,975,22,62,6.3
2024,2,8,Yellow Fever,54,0,0,24,45,2023,420,2,1,0.2,2024,523,0,0,0.0
2024,2,8,Cholera,87,0,3,10,21,,,,,,,,,,
2024,2,8,Measles,729,99,5,34,256,,,,,,,,,,
2024,2,8,Mpox,42,0,0,16,23,2023,366,45,2,0.5,2024,158,6,0,0.0
2024,2,8,AFP,185,0,0,31,140,,,,,,,,,,
2024,3,10,Lassa Fever,490,50,10,27,30,,,,,,,,,,
2024,3,10,CSM,265,7,21,11,49,2023,608,49,27,4.4,2024,1555,41,98,6.3
2024,3,10,Yellow Fever,57,1,0,22,49,2023,525,2,2,0.4,2024,632,1,0,0.0
2024,3,10,Cholera,54,0,0,9,20,,,,,,,,,,
2024,3,10,Measles,755,81,11,34,251,,,,,,,,,,
2024,3,10,Mpox,40,4,0,11,22,2023,433,57,2,0.5,2024,239,10,0,0.0
2024,3,10,AFP,172,0,0,35,133,,,,,,,,,,
2024,3,11,Lassa Fever,325,35,4,22,30,,,,,,,,,,
2024,3,11,CSM,189,1,7,13,50,2023,692,53,35,5.1,2024,1744,42,105,6.0
2024,3,11,Yellow Fever,65,0,1,23,50,2023,597,2,2,0.3,2024,697,1,1,0.1
2024,3,11,Cholera,34,1,1,10,20,,,,,,,,,,
2024,3,11,Measles,661,67,1,34,231,,,,,,,,,,
2024,3,11,Mpox,22,2,0,11,16,2023,456,59,2,0.4,2024,261,12,0,0.0
2024,3,11,AFP,137,0,0,32,117,,,,,,,,,,
2024,3,12,Lassa Fever,303,25,6,25,28,,,,,,,,,,
2024,3,12,CSM,163,5,5,13,39,2023,833,62,45,5.4,2024,1907,47,110,5.8
2024,3,12,Yellow Fever,58,0,0,25,47,2023,655,3,3,0.4,2024,755,1,1,0.1
2024,3,12,Cholera,112,0,1,9,16,,,,,,,,,,
2024,3,12,Measles,586,72,4,32,216,,,,,,,,,,
2024,3,12,Mpox,27,0,0,10,13,2023,492,66,2,0.4,2024,288,12,0,0.0
2024,3,12,AFP,156,0,0,30,119,,,,,,,,,,
2024,3,13,Lassa Fever,266,15,2,20,28,,,,,,,,,,
2024,3,13,CSM,247,0,7,11,41,,,,,,,,,,
2024,3,13,Yellow Fever,31,0,0,21,29,2023,717,3,3,0.4,2024,786,1,1,0.1
2024,3,13,Cholera,24,0,0,8,10,,,,,,,,,,
2024,3,13,Measles,535,57,0,31,179,,,,,,,,,,
2024,3,13,Mpox,55,6,0,18,34,2023,521,70,2,0.4,2024,343,18,0,0.0
2024,3,13,AFP,129,0,0,30,100,,,,,,,,,,
2024,3,9,Lassa Fever,694,109,20,32,51,,,,,,,,,,
2024,3,9,CSM,315,12,15,11,38,2023,524,45,21,4.0,2024,1290,34,77,6.0
2024,3,9,Yellow Fever,52,0,0,23,42,2023,474,2,1,0.2,2024,575,0,0,0.0
2024,3,9,Cholera,93,1,3,13,24,,,,,,,,,,
2024,3,9,Measles,882,117,6,34,254,,,,,,,,,,
2024,3,9,Mpox,41,0,0,9,17,2023,401,50,2,0.5,2024,199,6,0,0.0
2024,3,9,AFP,246,0,0,34,180,,,,,,,,,,
2024,4,14,Lassa Fever,180,11,0,20,27,,,,,,,,,,
2024,4,14,CSM,175,1,0,11,39,,,,,,,,,,
2024,4,14,Yellow Fever,42,0,0,20,33,2023,763,4,3,0.4,2024,829,1,1,0.1
2024,4,14,Cholera,15,0,0,9,10,,,,,,,,,,
2024,4,14,Measles,497,53,1,32,162,,,,,,,,,,
2024,4,14,Mpox,29,1,0,7,13,2023,547,70,2,0.4,2024,372,19,0,0.0
2024,4,14,AFP,108,0,0,31,89,,,,,,,,,,
2024,4,15,Lassa Fever,188,15,1,18,19,,,,,,,,,,
2024,4,15,CSM,176,0,1,11,40,,,,,,,,,,
2024,4,15,Yellow Fever,55,0,0,24,47,2023,819,6,3,0.4,2024,883,1,1,0.1
2024,4,15,Cholera,25,0,1,6,11,,,,,,,,,,
2024,4,15,Measles,409,24,1,31,162,2023,8,933,0,0.0,2024,9937,1326,57,0.6
2024,4,15,Mpox,27,1,0,8,21,2023,574,71,2,0.3,2024,399,202,0,0.0
2024,4,15,AFP,136,0,0,32,106,,,,,,,,,,
2024,4,16,Lassa Fever,159,11,3,18,19,,,,,,,,,,
2024,4,16,CSM,155,0,2,12,38,,,,,,,,,,
2024,4,16,Yellow Fever,62,0,0,25,55,2023,889,6,3,0.3,2024,945,1,1,0.1
2024,4,16,Cholera,66,0,2,8,14,,,,,,,,,,
2024,4,16,Measles,586,28,2,33,184,2023,3,971,0,0.0,2024,10523,1354,59,0.6
2024,4,16,Mpox,20,0,0,11,14,2023,602,72,2,0.3,2024,419,20,0,0.0
2024,4,16,AFP,180,0,0,31,137,,,,,,,,,,
2024,4,17,Lassa Fever,135,14,1,15,28,,,,,,,,,,
2024,4,17,CSM,140,1,1,8,33,,,,,,,,,,
2024,4,17,Yellow Fever,55,0,0,24,50,2023,958,8,3,0.3,2024,10000,1,1,0.01
2024,4,17,Cholera,44,0,0,10,15,,,,,,,,,,
2024,4,17,Measles,414,16,0,32,135,2023,2,1023,0,0.0,2024,10937,1370,59,0.5
2024,4,17,Mpox,13,2,0,7,8,2023,629,72,2,0.3,2024,432,22,0,0.0
2024,4,17,AFP,141,0,0,29,113,,,,,,,,,,
2024,5,18,Lassa Fever,134,10,1,8,16,,,,,,,,,,
2024,5,18,CSM,68,1,1,9,18,,,,,,,,,,
2024,5,18,Yellow Fever,75,2,0,27,56,,,,,,,,,,
2024,5,18,Cholera,24,0,1,9,11,,,,,,,,,,
2024,5,18,Measles,519,21,0,30,162,2023,0,1076,0,0.0,2024,11456,1391,59,0.5
2024,5,18,Mpox,19,2,0,8,13,2023,648,74,2,0.3,2024,451,24,0,0.0
2024,5,18,AFP,144,0,0,29,121,,,,,,,,,,
2024,5,19,Lassa Fever,120,14,3,17,27,,,,,,,,,,
2024,5,19,CSM,40,0,0,9,19,,,,,,,,,,
2024,5,19,Yellow Fever,74,2,0,24,55,,,,,,,,,,
2024,5,19,Cholera,10,0,0,7,7,,,,,,,,,,
2024,5,19,Measles,545,24,2,32,163,2023,8,1130,0,0.0,2024,12001,1415,61,0.5
2024,5,19,Mpox,25,0,0,13,18,2023,680,78,2,0.3,2024,476,24,0,0.0
2024,5,19,AFP,117,0,0,28,93,,,,,,,,,,
2024,5,20,Lassa Fever,119,4,2,11,13,,,,,,,,,,
2024,5,20,CSM,59,0,0,8,17,,,,,,,,,,
2024,5,20,Yellow Fever,60,0,0,22,46,,,,,,,,,,
2024,5,20,Cholera,26,0,0,7,11,,,,,,,,,,
2024,5,20,Measles,336,16,0,26,136,2023,6,1181,0,0.0,2024,12337,1431,61,0.5
2024,5,20,Mpox,40,0,0,17,25,2023,695,79,2,0.3,2024,516,24,0,0.0
2024,5,20,AFP,113,0,0,28,86,,,,,,,,,,
2024,5,21,Lassa Fever,119,10,0,14,18,,,,,,,,,,
2024,5,21,CSM,27,0,0,6,13,,,,,,,,,,
2024,5,21,Yellow Fever,70,0,0,22,46,,,,,,,,,,
2024,5,21,Cholera,49,0,0,11,17,,,,,,,,,,
2024,5,21,Measles,297,17,0,25,125,2023,5,1215,0,0.0,2024,12634,1448,61,0.5
2024,5,21,Mpox,15,2,0,8,10,2023,718,79,2,0.3,2024,531,26,0,0.0
2024,5,21,AFP,92,0,0,27,72,,,,,,,,,,
2024,6,22,Lassa Fever,128,10,0,16,28,,,,,,,,,,
2024,6,22,CSM,32,0,0,8,14,,,,,,,,,,
2024,6,22,Yellow Fever,60,0,0,23,45,,,,,,,,,,
2024,6,22,Cholera,25,0,1,11,18,,,,,,,,,,
2024,6,22,Measles,210,11,0,28,101,2023,6,1242,0,0.0,2024,12844,1459,61,0.5
2024,6,22,Mpox,42,1,0,11,21,2023,745,79,2,0.3,2024,573,27,0,0.0
2024,6,22,AFP,87,0,0,23,70,,,,,,,,,,
2024,6,23,Lassa Fever,112,4,0,13,34,,,,,,,,,,
2024,6,23,CSM,10,0,0,4,7,,,,,,,,,,
2024,6,23,Yellow Fever,52,0,0,25,46,,,,,,,,,,
2024,6,23,Cholera,241,6,0,10,31,,,,,,,,,,
2024,6,23,Measles,161,16,0,23,93,2023,9,1270,0,0.0,2024,13005,1475,61,0.5
2024,6,23,Mpox,33,1,0,6,17,2023,764,80,2,0.3,2024,606,28,0,0.0
2024,6,23,AFP,97,0,0,29,84,,,,,,,,,,
2024,6,24,Lassa Fever,124,7,0,10,16,,,,,,,,,,
2024,6,24,CSM,4,0,0,3,4,2023,911,72,74,8.1,2024,3000,50,128,4.3
2024,6,24,Yellow Fever,49,0,0,19,40,,,,,,,,,,
2024,6,24,Cholera,709,27,35,13,42,,,,,,,,,,
2024,6,24,Measles,115,5,0,24,82,2023,1,1294,0,0.0,2024,13120,1480,61,0.5
2024,6,24,Mpox,25,2,0,11,14,2023,783,80,2,0.3,2024,631,30,0,0.0
2024,6,24,AFP,123,0,0,25,88,,,,,,,,,,
2024,6,25,Lassa Fever,74,2,0,12,22,,,,,,,,,,
2024,6,25,CSM,2,0,0,1,1,,,,,,,,,,
2024,6,25,Yellow Fever,41,0,0,19,36,,,,,,,,,,
2024,6,25,Cholera,713,8,26,20,67,,,,,,,,,,
2024,6,25,Measles,112,6,0,22,66,2023,5,1315,0,0.0,2024,13232,1486,61,0.5
2024,6,25,Mpox,10,0,0,6,8,2023,800,80,2,0.3,2024,614,31,0,0.0
2024,6,25,AFP,162,0,0,31,112,,,,,,,,,,
2024,9,36,Lassa Fever,87,7,1,10,16,,,,,,,,,,
2024,9,36,CSM,0,0,0,0,0,,,,,,,,,,
2024,9,36,Yellow Fever,70,2,0,28,62,,,,,,,,,,
2024,9,36,Cholera,729,11,30,15,39,,,,,,,,,,
2024,9,36,Measles,148,15,0,27,116,2023,3,1577,102,0.6,2024,17665,1935,118,0.7
2024,9,36,Mpox,35,2,0,7,21,2023,928,80,2,0.2,2024,977,60,0,0.0
2024,9,36,AFP,93,0,0,26,81,,,,,,,,,,
2024,9,37,Lassa Fever,115,5,1,12,24,,,,,,,,,,
2024,9,37,CSM,0,0,0,0,0,,,,,,,,,,
2024,9,37,Yellow Fever,43,0,0,20,39,,,,,,,,,,
2024,9,37,Cholera,1228,68,73,19,52,,,,,,,,,,
2024,9,37,Measles,151,29,0,27,102,2023,2,1596,103,0.6,2024,17816,1964,118,0.7
2024,9,37,Mpox,30,4,0,6,17,2023,928,80,2,0.2,2024,1007,64,0,0.0
2024,9,37,AFP,93,0,0,27,77,,,,,,,,,,
2024,9,38,Lassa Fever,70,4,1,10,34,,,,,,,,,,
2024,9,38,CSM,0,0,0,0,0,,,,,,,,,,
2024,9,38,Yellow Fever,41,0,0,15,33,,,,,,,,,,
2024,9,38,Cholera,1323,39,51,19,62,,,,,,,,,,
2024,9,38,Measles,121,9,0,28,75,2023,4,1634,105,0.6,2024,17937,1973,118,0.7
2024,9,38,Mpox,27,0,0,8,13,2023,4,1634,105,0.6,2024,17937,1973,118,0.7
2024,9,38,AFP,88,0,0,22,71,,,,,,,,,,
2024,9,39,Lassa Fever,90,9,1,12,26,,,,,,,,,,
2024,9,39,CSM,0,0,0,0,0,,,,,,,,,,
2024,9,39,Yellow Fever,13,0,0,9,12,,,,,,,,,,
2024,9,39,Cholera,1452,42,73,16,37,,,,,,,,,,
2024,9,39,Measles,108,19,0,22,71,2023,9,1662,107,0.6,2024,18045,1992,118,0.7
2024,9,39,Mpox,27,1,0,4,10,2023,928,80,2,0.2,2024,1061,65,0,0.0
2024,9,39,AFP,70,0,0,23,54,,,,,,,,,,
2025,10,40,Lassa Fever,119,13,4,7,24,,,,,,,,,,
2025,10,40,CSM,62,0,4,6,9,,,,,,,,,,
2025,10,40,Yellow Fever,46,0,0,17,39,,,,,,,,,,
2025,10,40,Cholera,1137,2,0,11,21,,,,,,,,,,
2025,10,40,Measles,70,15,0,15,52,,,,,,,,,,
2025,10,40,Mpox,22,1,0,1,15,,,,,,,,,,
2025,10,40,AFP,157,1,2,31,110,,,,,,,,,,
2025,10,40,COVID-19,34,0,0,3,23,,,,,,,,,,
2025,10,40,Diphtheria,394,346,16,12,37,,,,,,,,,,
2025,10,41,Lassa Fever,115,11,2,14,38,,,,,,,,,,
2025,10,41,CSM,6,0,0,3,4,,,,,,,,,,
2025,10,41,Yellow Fever,45,0,0,21,38,,,,,,,,,,
2025,10,41,Cholera,690,0,18,8,24,,,,,,,,,,
2025,10,41,Measles,45,4,0,15,36,,,,,,,,,,
2025,10,41,Mpox,38,5,0,5,24,,,,,,,,,,
2025,10,41,AFP,144,0,0,28,101,,,,,,,,,,
2025,10,41,COVID-19,83,0,0,4,41,,,,,,,,,,
2025,10,41,Diphtheria,389,333,16,10,35,,,,,,,,,,
2025,10,42,Lassa Fever,118,8,1,11,29,,,,,,,,,,
2025,10,42,CSM,6,0,0,4,6,,,,,,,,,,
2025,10,42,Yellow Fever,42,0,0,17,33,,,,,,,,,,
2025,10,42,Cholera,233,0,1,7,17,,,,,,,,,,
2025,10,42,Measles,20,1,0,10,15,,,,,,,,,,
2025,10,42,Mpox,20,4,0,2,12,,,,,,,,,,
2025,10,42,AFP,165,1,0,28,97,,,,,,,,,,
2025,10,42,COVID-19,106,0,0,6,40,,,,,,,,,,
2025,10,42,Diphtheria,380,299,22,9,37,,,,,,,,,,
2025,10,43,Lassa Fever,99,11,1,9,28,,,,,,,,,,
2025,10,43,CSM,3,0,0,3,3,,,,,,,,,,
2025,10,43,Yellow Fever,50,0,0,22,45,,,,,,,,,,
2025,10,43,Cholera,246,0,5,7,16,,,,,,,,,,
2025,10,43,Measles,8,0,0,4,5,,,,,,,,,,
2025,10,43,Mpox,24,10,0,5,15,,,,,,,,,,
2025,10,43,AFP,121,0,1,28,90,,,,,,,,,,
2025,10,43,COVID-19,,,,,29,,,,,,,,,,
2025,10,43,Diphtheria,336,283,18,11,39,,,,,,,,,,
2025,11,44,Lassa Fever,96,12,1,13,30,,,,,,,,,,
2025,11,44,CSM,1,0,0,1,1,,,,,,,,,,
2025,11,44,Yellow Fever,34,0,0,11,26,,,,,,,,,,
2025,11,44,Cholera,125,2,8,8,15,,,,,,,,,,
2025,11,44,Measles,0,0,0,0,0,,,,,,,,,,
2025,11,44,Mpox,38,6,0,4,21,,,,,,,,,,
2025,11,44,AFP,108,0,0,26,70,,,,,,,,,,
2025,11,44,COVID-19,149,1,0,8,51,,,,,,,,,,
2025,11,44,Diphtheria,116,99,4,6,13,,,,,,,,,,
2025,11,45,Lassa Fever,84,10,1,2,16,,,,,,,,,,
2025,11,45,CSM,1,0,0,1,1,,,,,,,,,,
2025,11,45,Yellow Fever,15,0,0,12,14,,,,,,,,,,
2025,11,45,Cholera,39,0,0,8,9,,,,,,,,,,
2025,11,45,Measles,0,0,0,0,0,,,,,,,,,,
2025,11,45,Mpox,48,18,0,8,24,,,,,,,,,,
2025,11,45,AFP,111,0,1,26,76,,,,,,,,,,
2025,11,45,COVID-19,0,0,0,0,0,,,,,,,,,,
2025,11,45,Diphtheria,145,118,1,4,12,,,,,,,,,,
2025,11,46,Lassa Fever,126,19,0,3,29,,,,,,,,,,
2025,11,46,CSM,4,0,0,4,4,,,,,,,,,,
2025,11,46,Yellow Fever,36,0,0,13,31,,,,,,,,,,
2025,11,46,Cholera,94,0,0,6,8,,,,,,,,,,
2025,11,46,Measles,15,0,0,6,8,,,,,,,,,,
2025,11,46,Mpox,24,1,0,1,12,,,,,,,,,,
2025,11,46,AFP,133,0,1,27,85,,,,,,,,,,
2025,11,46,COVID-19,26,0,0,4,20,,,,,,,,,,
2025,11,46,Diphtheria,874,738,24,8,47,,,,,,,,,,
2025,11,47,Lassa Fever,119,17,0,10,30,,,,,,,,,,
2025,11,47,CSM,0,0,0,0,0,,,,,,,,,,
2025,11,47,Yellow Fever,47,0,0,20,31,,,,,,,,,,
2025,11,47,Cholera,101,0,0,4,4,,,,,,,,,,
2025,11,47,Measles,2,0,0,1,2,,,,,,,,,,
2025,11,47,Mpox,46,8,0,6,28,,,,,,,,,,
2025,11,47,AFP,174,0,0,29,74,,,,,,,,,,
2025,11,47,COVID-19,27,0,0,3,17,,,,,,,,,,
2025,11,47,Diphtheria,736,679,29,9,41,,,,,,,,,,
2025,11,48,Lassa Fever,97,24,0,11,28,,,,,,,,,,
2025,11,48,CSM,7,0,1,4,6,,,,,,,,,,
2025,11,48,Yellow Fever,35,0,0,13,30,,,,,,,,,,
2025,11,48,Cholera,135,0,2,6,9,,,,,,,,,,
2025,11,48,Measles,86,0,0,20,56,,,,,,,,,,
2025,11,48,Mpox,48,9,0,6,23,,,,,,,,,,
2025,11,48,AFP,98,1,0,27,69,,,,,,,,,,
2025,11,48,COVID-19,22,0,0,2,8,,,,,,,,,,
2025,11,48,Diphtheria,644,584,13,7,37,,,,,,,,,,
2025,12,49,Lassa Fever,145,34,0,14,29,,,,,,,,,,
2025,12,49,CSM,4,0,1,4,4,,,,,,,,,,
2025,12,49,Yellow Fever,20,0,0,11,15,,,,,,,,,,
2025,12,49,Cholera,141,0,2,5,6,,,,,,,,,,
2025,12,49,Measles,94,0,0,16,57,,,,,,,,,,
2025,12,49,Mpox,16,3,0,2,7,,,,,,,,,,
2025,12,49,AFP,72,0,2,25,51,,,,,,,,,,
2025,12,49,COVID-19,9,0,0,1,4,,,,,,,,,,
2025,12,49,Diphtheria,551,512,8,7,39,,,,,,,,,,
2025,12,50,Lassa Fever,123,28,0,7,29,,,,,,,,,,
2025,12,50,CSM,15,0,4,6,7,,,,,,,,,,
2025,12,50,Yellow Fever,2,0,0,1,1,,,,,,,,,,
2025,12,50,Cholera,125,1,0,7,8,,,,,,,,,,
2025,12,50,Measles,31,0,0,8,20,,,,,,,,,,
2025,12,50,Mpox,33,3,0,3,18,,,,,,,,,,
2025,12,50,AFP,59,0,0,23,38,,,,,,,,,,
2025,12,50,COVID-19,8,0,0,1,2,,,,,,,,,,
2025,12,50,Diphtheria,444,422,3,6,28,,,,,,,,,,
2025,12,51,Lassa Fever,117,23,0,13,41,,,,,,,,,,
2025,12,51,CSM,26,0,4,4,4,,,,,,,,,,
2025,12,51,Yellow Fever,0,0,0,0,0,,,,,,,,,,
2025,12,51,Cholera,11,2,0,4,5,,,,,,,,,,
2025,12,51,Measles,6,0,0,3,5,,,,,,,,,,
2025,12,51,Mpox,34,4,0,3,19,,,,,,,,,,
2025,12,51,AFP,18,0,0,12,13,,,,,,,,,,
2025,12,51,COVID-19,9,1,0,1,2,,,,,,,,,,
2025,12,51,Diphtheria,283,281,4,3,16,,,,,,,,,,
2025,12,52,Lassa Fever,101,27,0,9,34,,,,,,,,,,
2025,12,52,CSM,8,0,0,3,4,,,,,,,,,,
2025,12,52,Yellow Fever,0,0,0,0,0,,,,,,,,,,
2025,12,52,Cholera,7,5,0,2,2,,,,,,,,,,
2025,12,52,Measles,1,0,0,1,1,,,,,,,,,,
2025,12,52,Mpox,23,3,0,2,13,,,,,,,,,,
2025,12,52,AFP,0,0,0,0,0,,,,,,,,,,
2025,12,52,COVID-19,0,0,0,0,0,,,,,,,,,,
2025,12,52,Diphtheria,57,57,0,2,6,,,,,,,,,,
2025,1,1,Lassa Fever,196,54,10,10,20,2024,190,53,6,11.3,2025,196,54,10,20.0
2025,1,1,CSM,12,0,0,4,7,2024,59,2,3,5.1,2025,12,0,0,0.0
2025,1,1,Yellow Fever,41,0,0,19,36,2024,51,0,0,0.0,2025,30,0,0,0.0
2025,1,1,Cholera,17,1,2,6,6,2024,120,0,1,0.8,2025,17,1,2,11.8
2025,1,1,Measles,73,1,0,22,47,2024,685,54,11,1.6,2025,73,1,0,0.0
2025,1,1,Mpox,54,2,0,5,6,2024,3,0,0,0.0,2025,54,2,0,0.0
2025,1,1,AFP,79,0,0,24,69,2024,143,0,0,0.0,2025,79,0,0,0.0
2025,1,2,Lassa Fever,196,54,10,10,20,2024,190,53,6,11.3,2025,196,54,10,20.0
2025,1,2,CSM,12,0,0,4,7,2024,59,2,3,5.1,2025,12,0,0,0.0
2025,1,2,Yellow Fever,41,0,0,19,36,2024,51,0,0,0.0,2025,30,0,0,0.0
2025,1,2,Cholera,17,1,2,6,6,2024,120,0,1,0.8,2025,17,1,2,11.8
2025,1,2,Measles,73,1,0,22,47,2024,685,54,11,1.6,2025,73,1,0,0.0
2025,1,2,Mpox,54,2,0,5,6,2024,3,0,0,0.0,2025,54,2,0,0.0
2025,1,2,AFP,79,0,0,24,69,2024,143,0,0,0.0,2025,79,0,0,0.0
2025,1,3,Lassa Fever,359,71,17,18,28,2024,892,211,43,20.4,2025,843,214,39,18.4
2025,1,3,CSM,12,0,1,4,8,2024,255,5,22,8.6,2025,40,0,3,7.5
2025,1,3,Yellow Fever,60,0,0,22,53,2024,199,0,0,0.0,2025,164,0,0,0.0
2025,1,3,Cholera,69,2,4,14,19,2024,294,0,2,0.7,2025,129,11,11,8.5
2025,1,3,Measles,92,27,0,17,69,,,,,,,,,,
2025,1,3,Mpox,42,6,0,16,42,2024,24,0,0,0.0,2025,121,12,0,0.0
2025,1,3,AFP,76,0,0,23,67,2024,430,0,0,0.0,2025,239,0,0,0.0
2025,1,4,Lassa Fever,328,76,12,17,27,,,,,,,,,,
2025,1,4,CSM,24,5,2,7,15,2024,414,12,35,8.4,2025,64,5,5,7.8
2025,1,4,Yellow Fever,72,0,0,27,61,2024,249,0,0,0.0,2025,236,0,0,0.0
2025,1,4,Cholera,27,0,2,6,8,2024,374,1,3,0.8,2025,156,11,13,8.3
2025,1,4,Measles,43,12,0,9,28,,,,,,,,,,
2025,1,4,Mpox,44,6,0,16,29,2024,54,2,0,0.0,2025,165,18,0,0.0
2025,1,4,AFP,25,0,0,15,23,2024,589,0,0,0.0,2025,264,0,0,0.0
2025,2,5,CSM,26,3,2,7,13,,,,,,,,,,
2025,2,5,Cholera,140,2,0,10,18,,,,,,,,,,
2025,2,5,Measles,352,79,0,34,164,,,,,,,,,,
2025,2,5,Mpox,52,10,0,14,52,,,,,,,,,,
2025,2,5,AFP,107,0,0,29,97,,,,,,,,,,
2025,2,5,COVID-19,71,6,0,5,21,,,,,,,,,,
2025,2,5,Diphtheria,148,107,1,3,20,,,,,,,,,,
2025,2,6,Lassa Fever,363,54,10,13,23,,,,,,,,,,
2025,2,6,CSM,31,6,4,6,13,,,,,,,,,,
2025,2,6,Yellow Fever,42,0,0,20,33,,,,,,,,,,
2025,2,6,Cholera,72,0,3,9,15,,,,,,,,,,
2025,2,6,Measles,293,60,0,27,151,,,,,,,,,,
2025,2,6,Mpox,64,25,1,13,40,,,,,,,,,,
2025,2,6,AFP,138,0,0,29,104,,,,,,,,,,
2025,2,6,COVID-19,51,0,0,6,19,,,,,,,,,,
2025,2,6,Diphtheria,127,98,0,4,20,,,,,,,,,,
2025,2,7,Lassa Fever,267,38,9,12,17,,,,,,,,,,
2025,2,7,CSM,26,2,1,6,7,,,,,,,,,,
2025,2,7,Yellow Fever,23,0,0,15,22,,,,,,,,,,
2025,2,7,Cholera,53,3,5,10,12,,,,,,,,,,
2025,2,7,Measles,248,36,0,28,112,,,,,,,,,,
2025,2,7,Mpox,42,6,1,15,42,,,,,,,,,,
2025,2,7,AFP,132,0,0,28,100,,,,,,,,,,
2025,2,7,COVID-19,67,1,0,3,24,,,,,,,,,,
2025,2,7,Diphtheria,128,112,6,4,20,,,,,,,,,,
2025,2,8,Lassa Fever,314,54,6,11,26,,,,,,,,,,
2025,2,8,CSM,2,0,0,1,2,,,,,,,,,,
2025,2,8,Yellow Fever,3,0,0,3,3,,,,,,,,,,
2025,2,8,Cholera,18,0,4,4,6,,,,,,,,,,
2025,2,8,Measles,76,2,0,16,43,,,,,,,,,,
2025,2,8,Mpox,47,7,0,13,26,,,,,,,,,,
2025,2,8,AFP,67,0,0,23,56,,,,,,,,,,
2025,2,8,COVID-19,42,0,0,4,13,,,,,,,,,,
2025,2,8,Diphtheria,111,96,9,4,20,,,,,,,,,,
2025,3,10,Lassa Fever,232,28,3,13,13,,,,,,,,,,
2025,3,10,CSM,309,11,36,15,51,,,,,,,,,,
2025,3,10,Yellow Fever,19,0,0,12,17,,,,,,,,,,
2025,3,10,Cholera,21,2,0,5,7,,,,,,,,,,
2025,3,10,Measles,285,50,0,32,156,,,,,,,,,,
2025,3,10,Mpox,48,9,0,16,29,,,,,,,,,,
2025,3,10,AFP,166,0,0,30,166,,,,,,,,,,
2025,3,10,COVID-19,46,1,0,4,16,,,,,,,,,,
2025,3,10,Diphtheria,108,54,6,6,22,,,,,,,,,,
2025,3,11,Lassa Fever,262,40,10,10,23,,,,,,,,,,
2025,3,11,CSM,571,37,43,13,55,,,,,,,,,,
2025,3,11,Yellow Fever,3,0,0,3,3,,,,,,,,,,
2025,3,11,Cholera,21,2,0,4,7,,,,,,,,,,
2025,3,11,Measles,222,26,0,28,132,,,,,,,,,,
2025,3,11,Mpox,53,10,0,15,34,,,,,,,,,,
2025,3,11,AFP,131,0,0,24,131,,,,,,,,,,
2025,3,11,COVID-19,56,2,0,4,20,,,,,,,,,,
2025,3,11,Diphtheria,33,7,2,5,5,,,,,,,,,,
2025,3,12,Lassa Fever,242,41,6,12,21,,,,,,,,,,
2025,3,12,CSM,535,38,31,12,49,,,,,,,,,,
2025,3,12,Yellow Fever,44,0,0,20,37,,,,,,,,,,
2025,3,12,Cholera,19,0,0,5,8,,,,,,,,,,
2025,3,12,Measles,78,11,0,20,50,,,,,,,,,,
2025,3,12,Mpox,39,7,0,14,28,,,,,,,,,,
2025,3,12,AFP,107,0,0,30,107,,,,,,,,,,
2025,3,12,COVID-19,62,2,0,7,26,,,,,,,,,,
2025,3,12,Diphtheria,18,3,2,3,10,,,,,,,,,,
2025,3,13,Lassa Fever,315,14,3,12,18,,,,,,,,,,
2025,3,13,CSM,372,30,27,13,33,,,,,,,,,,
2025,3,13,Yellow Fever,31,0,0,16,27,,,,,,,,,,
2025,3,13,Cholera,2,0,0,2,2,,,,,,,,,,
2025,3,13,Measles,218,39,0,30,138,,,,,,,,,,
2025,3,13,Mpox,41,3,1,15,28,,,,,,,,,,
2025,3,13,AFP,33,0,0,17,33,,,,,,,,,,
2025,3,13,COVID-19,30,0,0,4,15,,,,,,,,,,
2025,3,13,Diphtheria,71,33,5,6,22,,,,,,,,,,
2025,3,9,Lassa Fever,236,29,5,13,17,,,,,,,,,,
2025,3,9,CSM,188,7,28,8,39,,,,,,,,,,
2025,3,9,Yellow Fever,47,0,0,24,45,,,,,,,,,,
2025,3,9,Cholera,5,3,0,3,3,,,,,,,,,,
2025,3,9,Measles,436,80,0,35,194,,,,,,,,,,
2025,3,9,Mpox,47,13,0,17,29,,,,,,,,,,
2025,3,9,AFP,181,0,0,31,181,,,,,,,,,,
2025,3,9,COVID-19,75,3,0,5,14,,,,,,,,,,
2025,3,9,Diphtheria,98,89,8,5,24,,,,,,,,,,
2025,4,14,Lassa Fever,246,15,5,10,19,,,,,,,,,,
2025,4,14,CSM,387,32,21,15,45,,,,,,,,,,
2025,4,14,Yellow Fever,54,0,0,22,40,,,,,,,,,,
2025,4,14,Cholera,50,1,1,7,8,,,,,,,,,,
2025,4,14,Measles,257,54,0,31,142,,,,,,,,,,
2025,4,14,Mpox,49,16,0,15,24,,,,,,,,,,
2025,4,14,AFP,12,0,0,11,12,,,,,,,,,,
2025,4,14,COVID-19,71,0,0,5,34,,,,,,,,,,
2025,4,14,Diphtheria,91,81,5,5,19,,,,,,,,,,
2025,4,15,Lassa Fever,231,12,1,12,19,,,,,,,,,,
2025,4,15,CSM,334,12,15,8,12,,,,,,,,,,
2025,4,15,Yellow Fever,47,0,0,22,31,,,,,,,,,,
2025,4,15,Cholera,50,1,1,7,9,,,,,,,,,,
2025,4,15,Measles,248,65,0,32,130,,,,,,,,,,
2025,4,15,Mpox,22,6,0,10,16,,,,,,,,,,
2025,4,15,AFP,121,0,0,29,121,,,,,,,,,,
2025,4,15,COVID-19,45,0,0,3,23,,,,,,,,,,
2025,4,15,Diphtheria,73,60,1,5,20,,,,,,,,,,
2025,4,16,Lassa Fever,258,10,3,10,15,,,,,,,,,,
2025,4,16,CSM,319,25,13,14,38,,,,,,,,,,
2025,4,16,Yellow Fever,40,0,0,19,33,,,,,,,,,,
2025,4,16,Cholera,52,0,2,7,9,,,,,,,,,,
2025,4,16,Measles,213,33,0,30,109,,,,,,,,,,
2025,4,16,Mpox,24,2,0,10,15,,,,,,,,,,
2025,4,16,AFP,111,0,0,20,111,,,,,,,,,,
2025,4,16,COVID-19,97,0,0,6,34,,,,,,,,,,
2025,4,16,Diphtheria,49,41,6,7,21,,,,,,,,,,
2025,4,17,Lassa Fever,160,11,3,13,18,,,,,,,,,,
2025,4,17,CSM,178,30,4,13,15,,,,,,,,,,
2025,4,17,Yellow Fever,26,0,0,14,22,,,,,,,,,,
2025,4,17,Cholera,31,1,1,5,7,,,,,,,,,,
2025,4,17,Measles,189,36,0,27,108,,,,,,,,,,
2025,4,17,Mpox,47,6,0,11,23,,,,,,,,,,
2025,4,17,AFP,159,0,0,30,159,,,,,,,,,,
2025,4,17,COVID-19,95,0,0,8,41,,,,,,,,,,
2025,4,17,Diphtheria,45,33,3,9,19,,,,,,,,,,
2025,5,18,Lassa Fever,209,10,3,10,18,,,,,,,,,,
2025,5,18,CSM,183,13,3,12,15,,,,,,,,,,
2025,5,18,Yellow Fever,26,0,0,12,18,,,,,,,,,,
2025,5,18,Cholera,35,2,1,6,10,,,,,,,,,,
2025,5,18,Measles,168,21,0,30,97,,,,,,,,,,
2025,5,18,Mpox,9,2,0,6,8,,,,,,,,,,
2025,5,18,AFP,107,0,0,27,107,,,,,,,,,,
2025,5,18,COVID-19,103,2,0,6,37,,,,,,,,,,
2025,5,18,Diphtheria,67,58,2,6,14,,,,,,,,,,
2025,5,19,Lassa Fever,82,3,2,7,13,,,,,,,,,,
2025,5,19,CSM,141,10,1,10,11,,,,,,,,,,
2025,5,19,Yellow Fever,21,0,0,9,19,,,,,,,,,,
2025,5,19,Cholera,62,1,5,9,13,,,,,,,,,,
2025,5,19,Measles,181,27,0,25,93,,,,,,,,,,
2025,5,19,Mpox,16,3,0,7,12,,,,,,,,,,
2025,5,19,AFP,105,0,0,27,105,,,,,,,,,,
2025,5,19,COVID-19,43,0,0,3,15,,,,,,,,,,
2025,5,19,Diphtheria,50,41,1,5,16,,,,,,,,,,
2025,5,20,Lassa Fever,155,13,1,10,19,,,,,,,,,,
2025,5,20,CSM,116,1,4,13,161,,,,,,,,,,
2025,5,20,Yellow Fever,2,0,0,2,2,,,,,,,,,,
2025,5,20,Cholera,65,0,1,10,19,,,,,,,,,,
2025,5,20,Measles,146,19,0,25,86,,,,,,,,,,
2025,5,20,Mpox,23,10,0,10,17,,,,,,,,,,
2025,5,20,AFP,66,0,0,26,66,,,,,,,,,,
2025,5,20,COVID-19,88,0,0,7,37,,,,,,,,,,
2025,5,20,Diphtheria,28,17,1,5,10,,,,,,,,,,
2025,5,21,Lassa Fever,124,6,0,11,14,,,,,,,,,,
2025,5,21,CSM,16,0,0,9,15,,,,,,,,,,
2025,5,21,Yellow Fever,43,0,0,20,35,,,,,,,,,,
2025,5,21,Cholera,50,0,1,11,17,,,,,,,,,,
2025,5,21,Measles,724,577,0,30,125,,,,,,,,,,
2025,5,21,Mpox,16,2,0,12,15,,,,,,,,,,
2025,5,21,AFP,81,0,0,23,81,,,,,,,,,,
2025,5,21,COVID-19,114,2,0,6,44,,,,,,,,,,
2025,5,21,Diphtheria,162,115,10,4,11,,,,,,,,,,
2025,6,22,Lassa Fever,155,8,0,6,14,,,,,,,,,,
2025,6,22,CSM,11,0,0,5,7,,,,,,,,,,
2025,6,22,Yellow Fever,30,0,1,18,30,,,,,,,,,,
2025,6,22,Cholera,26,0,0,5,10,,,,,,,,,,
2025,6,22,Measles,255,169,0,29,92,,,,,,,,,,
2025,6,22,Mpox,15,3,0,7,10,,,,,,,,,,
2025,6,22,AFP,62,0,0,22,62,,,,,,,,,,
2025,6,22,COVID-19,45,0,0,4,20,,,,,,,,,,
2025,6,22,Diphtheria,138,86,3,3,7,,,,,,,,,,
2025,6,23,Lassa Fever,146,11,1,10,14,,,,,,,,,,
2025,6,23,CSM,4,0,0,1,1,,,,,,,,,,
2025,6,23,Yellow Fever,31,0,0,17,26,,,,,,,,,,
2025,6,23,Cholera,11,0,0,4,7,,,,,,,,,,
2025,6,23,Measles,305,230,0,26,73,,,,,,,,,,
2025,6,23,Mpox,26,10,0,10,20,,,,,,,,,,
2025,6,23,AFP,35,0,0,17,35,,,,,,,,,,
2025,6,23,COVID-19,59,0,0,4,21,,,,,,,,,,
2025,6,23,Diphtheria,141,91,4,10,31,,,,,,,,,,
2025,6,24,Lassa Fever,138,8,2,9,14,,,,,,,,,,
2025,6,24,CSM,2,0,0,2,2,,,,,,,,,,
2025,6,24,Yellow Fever,46,0,0,22,36,,,,,,,,,,
2025,6,24,Cholera,1,0,0,1,1,,,,,,,,,,
2025,6,24,Measles,270,171,0,29,97,,,,,,,,,,
2025,6,24,Mpox,22,11,0,9,13,,,,,,,,,,
2025,6,24,AFP,16,0,0,3,16,,,,,,,,,,
2025,6,24,COVID-19,58,1,0,5,26,,,,,,,,,,
2025,6,24,Diphtheria,170,90,3,10,51,,,,,,,,,,
2025,6,25,Lassa Fever,197,10,0,13,16,,,,,,,,,,
2025,6,25,CSM,0,0,0,0,0,,,,,,,,,,
2025,6,25,Yellow Fever,34,0,0,19,29,,,,,,,,,,
2025,6,25,Cholera,306,2,9,9,24,,,,,,,,,,
2025,6,25,Measles,208,120,0,22,73,,,,,,,,,,
2025,6,25,Mpox,20,7,0,8,16,,,,,,,,,,
2025,6,25,AFP,2,0,0,1,1,,,,,,,,,,
2025,6,25,COVID-19,80,3,0,4,34,,,,,,,,,,
2025,6,25,Diphtheria,173,97,6,11,53,,,,,,,,,,
2025,6,26,Lassa Fever,148,9,3,13,16,,,,,,,,,,
2025,6,26,CSM,0,0,0,0,0,,,,,,,,,,
2025,6,26,Yellow Fever,37,0,0,23,33,,,,,,,,,,
2025,6,26,Cholera,420,0,11,12,25,,,,,,,,,,
2025,6,26,Measles,198,128,0,25,72,,,,,,,,,,
2025,6,26,Mpox,19,13,0,8,12,,,,,,,,,,
2025,6,26,AFP,143,0,0,27,143,,,,,,,,,,
2025,6,26,COVID-19,62,0,0,4,34,,,,,,,,,,
2025,6,26,Diphtheria,162,105,8,10,40,,,,,,,,,,
2025,7,27,Lassa Fever,149,11,3,13,19,,,,,,,,,,
2025,7,27,CSM,0,0,0,0,0,,,,,,,,,,
2025,7,27,Yellow Fever,41,0,0,19,33,,,,,,,,,,
2025,7,27,Cholera,547,1,12,13,31,,,,,,,,,,
2025,7,27,Measles,105,43,0,23,54,,,,,,,,,,
2025,7,27,Mpox,28,13,0,11,20,,,,,,,,,,
2025,7,27,AFP,121,0,0,31,121,,,,,,,,,,
2025,7,27,COVID-19,102,3,0,5,41,,,,,,,,,,
2025,7,27,Diphtheria,274,198,17,10,50,,,,,,,,,,
2025,7,28,Lassa Fever,265,11,1,9,15,,,,,,,,,,
2025,7,28,CSM,0,0,0,0,0,,,,,,,,,,
2025,7,28,Yellow Fever,42,0,0,23,35,,,,,,,,,,
2025,7,28,Cholera,538,0,8,13,33,,,,,,,,,,
2025,7,28,Measles,63,14,0,17,42,,,,,,,,,,
2025,7,28,Mpox,26,7,0,9,18,,,,,,,,,,
2025,7,28,AFP,110,0,0,21,110,,,,,,,,,,
2025,7,28,COVID-19,90,2,0,2,33,,,,,,,,,,
2025,7,28,Diphtheria,252,154,22,11,49,,,,,,,,,,
2025,7,29,Lassa Fever,120,11,3,10,15,,,,,,,,,,
2025,7,29,CSM,0,0,0,0,0,,,,,,,,,,
2025,7,29,Yellow Fever,25,0,0,18,23,,,,,,,,,,
2025,7,29,Cholera,660,0,10,12,33,,,,,,,,,,
2025,7,29,Measles,22,4,0,11,19,,,,,,,,,,
2025,7,29,Mpox,9,3,0,5,8,,,,,,,,,,
2025,7,29,AFP,76,0,0,26,76,,,,,,,,,,
2025,7,29,COVID-19,66,1,0,4,27,,,,,,,,,,
2025,7,29,Diphtheria,107,29,3,9,32,,,,,,,,,,
2025,7,30,Lassa Fever,91,3,0,8,13,,,,,,,,,,
2025,7,30,CSM,0,0,0,0,0,,,,,,,,,,
2025,7,30,Yellow Fever,34,0,0,16,28,,,,,,,,,,
2025,7,30,Cholera,702,0,12,13,34,,,,,,,,,,
2025,7,30,Measles,98,38,0,23,58,,,,,,,,,,
2025,7,30,Mpox,15,3,0,6,12,,,,,,,,,,
2025,7,30,AFP,113,0,0,26,113,,,,,,,,,,
2025,7,30,COVID-19,100,1,0,6,33,,,,,,,,,,
2025,7,30,Diphtheria,237,185,14,10,44,,,,,,,,,,
2025,8,31,Lassa Fever,96,9,1,11,16,,,,,,,,,,
2025,8,31,CSM,0,0,0,0,0,,,,,,,,,,
2025,8,31,Yellow Fever,31,0,0,16,27,,,,,,,,,,
2025,8,31,Cholera,734,0,13,8,27,,,,,,,,,,
2025,8,31,Mpox,22,10,0,10,16,,,,,,,,,,
2025,8,31,AFP,117,0,0,27,117,,,,,,,,,,
2025,8,31,COVID-19,75,0,0,4,24,,,,,,,,,,
2025,8,31,Diphtheria,302,260,32,8,39,,,,,,,,,,
2025,8,32,Lassa Fever,86,12,3,6,18,,,,,,,,,,
2025,8,32,CSM,0,0,0,0,0,,,,,,,,,,
2025,8,32,Yellow Fever,28,0,0,15,21,,,,,,,,,,
2025,8,32,Cholera,970,0,18,7,25,,,,,,,,,,
2025,8,32,Measles,77,20,0,21,49,,,,,,,,,,
2025,8,32,Mpox,35,13,0,13,20,,,,,,,,,,
2025,8,32,AFP,106,0,0,28,106,,,,,,,,,,
2025,8,32,COVID-19,113,2,0,5,43,,,,,,,,,,
2025,8,32,Diphtheria,293,243,34,8,39,,,,,,,,,,
2025,8,33,Lassa Fever,94,5,0,12,15,,,,,,,,,,
2025,8,33,CSM,0,0,0,0,0,,,,,,,,,,
2025,8,33,Yellow Fever,20,0,0,10,15,,,,,,,,,,
2025,8,33,Cholera,519,0,19,3,12,,,,,,,,,,
2025,8,33,Measles,22,4,0,12,19,,,,,,,,,,
2025,8,33,Mpox,13,9,0,7,13,,,,,,,,,,
2025,8,33,AFP,115,0,0,27,115,,,,,,,,,,
2025,8,33,COVID-19,69,1,0,4,19,,,,,,,,,,
2025,8,33,Diphtheria,182,160,12,8,17,,,,,,,,,,
2025,8,34,Lassa Fever,126,3,1,13,22,,,,,,,,,,
2025,8,34,CSM,0,0,0,0,0,,,,,,,,,,
2025,8,34,Yellow Fever,27,0,0,12,21,,,,,,,,,,
2025,8,34,Cholera,647,0,17,9,26,,,,,,,,,,
2025,8,34,Measles,7,2,0,3,4,,,,,,,,,,
2025,8,34,Mpox,45,25,0,10,24,,,,,,,,,,
2025,8,34,AFP,89,0,0,19,89,,,,,,,,,,
2025,8,34,COVID-19,55,0,0,3,20,,,,,,,,,,
2025,8,34,Diphtheria,114,105,6,2,6,,,,,,,,,,
2025,8,35,Lassa Fever,125,10,2,10,15,,,,,,,,,,
2025,8,35,CSM,0,0,0,0,0,,,,,,,,,,
2025,8,35,Yellow Fever,9,0,0,7,8,,,,,,,,,,
2025,8,35,Cholera,459,7,2,11,22,,,,,,,,,,
2025,8,35,Measles,1,0,0,1,1,,,,,,,,,,
2025,8,35,Mpox,26,6,0,11,17,,,,,,,,,,
2025,8,35,AFP,28,0,0,13,28,,,,,,,,,,
2025,8,35,COVID-19,9,0,0,1,2,,,,,,,,,,
2025,8,35,Diphtheria,166,102,6,5,24,,,,,,,,,,
2025,9,36,Lassa Fever,147,13,4,9,18,,,,,,,,,,
2025,9,36,CSM,0,0,0,0,0,,,,,,,,,,
2025,9,36,Yellow Fever,31,0,0,15,24,,,,,,,,,,
2025,9,36,Cholera,312,0,1,9,21,,,,,,,,,,
2025,9,36,Measles,29,5,0,8,17,,,,,,,,,,
2025,9,36,Mpox,28,9,0,10,16,,,,,,,,,,
2025,9,36,AFP,63,0,0,22,63,,,,,,,,,,
2025,9,36,COVID-19,48,0,0,4,24,,,,,,,,,,
2025,9,36,Diphtheria,47,36,0,3,8,,,,,,,,,,
2025,9,37,Lassa Fever,146,11,2,11,14,,,,,,,,,,
2025,9,37,CSM,0,0,0,0,0,,,,,,,,,,
2025,9,37,Yellow Fever,13,1,0,11,13,,,,,,,,,,
2025,9,37,Cholera,303,0,9,6,16,,,,,,,,,,
2025,9,37,Measles,3,0,0,2,2,,,,,,,,,,
2025,9,37,Mpox,25,7,0,11,19,,,,,,,,,,
2025,9,37,AFP,22,0,0,13,22,,,,,,,,,,
2025,9,37,COVID-19,53,0,0,4,24,,,,,,,,,,
2025,9,37,Diphtheria,2,0,0,1,1,,,,,,,,,,
2025,9,38,Lassa Fever,118,11,2,11,13,,,,,,,,,,
2025,9,38,CSM,0,0,0,0,0,,,,,,,,,,
2025,9,38,Yellow Fever,3,0,0,3,3,,,,,,,,,,
2025,9,38,Cholera,0,0,0,0,0,,,,,,,,,,
2025,9,38,Measles,0,0,0,0,0,,,,,,,,,,
2025,9,38,Mpox,24,7,0,9,18,,,,,,,,,,
2025,9,38,AFP,12,0,0,9,12,,,,,,,,,,
2025,9,38,COVID-19,11,0,0,1,3,,,,,,,,,,
2025,9,38,Diphtheria,73,47,2,7,28,,,,,,,,,,
2025,9,39,Lassa Fever,117,4,0,14,31,,,,,,,,,,
2025,9,39,CSM,0,0,0,0,0,,,,,,,,,,
2025,9,39,Yellow Fever,32,0,0,16,28,,,,,,,,,,
2025,9,39,Cholera,584,1,5,10,22,,,,,,,,,,
2025,9,39,Measles,14,5,0,4,10,,,,,,,,,,
2025,9,39,Mpox,41,10,0,5,25,,,,,,,,,,
2025,9,39,AFP,116,0,0,30,88,,,,,,,,,,
2025,9,39,COVID-19,58,0,0,6,38,,,,,,,,,,
2025,9,39,Diphtheria,122,102,10,5,12,,,,,,,,,,
2026,1,1,Lassa Fever,104,21,9,8,26,,,,,,,,,,
2026,1,1,CSM,12,1,1,3,5,,,,,,,,,,
2026,1,1,Yellow Fever,23,0,0,11,15,,,,,,,,,,
2026,1,1,Cholera,16,11,0,1,1,,,,,,,,,,
2026,1,1,Measles,74,15,0,23,49,,,,,,,,,,
2026,1,1,Mpox,7,3,0,4,5,,,,,,,,,,
2026,1,1,AFP,12,0,1,10,12,,,,,,,,,,
2026,1,1,COVID-19,1,0,0,1,1,,,,,,,,,,
2026,1,1,Diphtheria,461,371,24,13,48,,,,,,,,,,
2026,1,2,Lassa Fever,144,33,2,13,40,,,,,,,,,,
2026,1,2,CSM,20,0,0,9,11,,,,,,,,,,
2026,1,2,Yellow Fever,22,0,0,12,17,,,,,,,,,,
2026,1,2,Cholera,55,13,0,2,3,,,,,,,,,,
2026,1,2,Measles,147,38,0,30,92,,,,,,,,,,
2026,1,2,Mpox,16,0,0,7,12,,,,,,,,,,
2026,1,2,AFP,46,0,0,18,39,,,,,,,,,,
2026,1,2,COVID-19,14,0,0,3,10,,,,,,,,,,
2026,1,2,Diphtheria,529,420,12,10,56,,,,,,,,,,
2026,1,3,Lassa Fever,162,41,8,14,43,,,,,,,,,,
2026,1,3,CSM,11,1,1,6,10,,,,,,,,,,
2026,1,3,Yellow Fever,16,0,0,9,15,,,,,,,,,,
2026,1,3,Cholera,56,11,0,2,3,,,,,,,,,,
2026,1,3,Measles,116,36,0,31,75,,,,,,,,,,
2026,1,3,Mpox,22,3,0,11,16,,,,,,,,,,
2026,1,3,AFP,27,0,0,19,26,,,,,,,,,,
2026,1,3,COVID-19,13,0,0,2,12,,,,,,,,,,
2026,1,3,Diphtheria,517,454,18,10,50,,,,,,,,,,
2026,1,4,Lassa Fever,189,28,7,14,43,,,,,,,,,,
2026,1,4,CSM,16,0,5,6,10,,,,,,,,,,
2026,1,4,Yellow Fever,8,0,0,6,7,,,,,,,,,,
2026,1,4,Cholera,5,0,0,1,1,,,,,,,,,,
2026,1,4,Measles,83,19,0,22,54,,,,,,,,,,
2026,1,4,Mpox,12,1,0,5,9,,,,,,,,,,
2026,1,4,AFP,3,0,0,2,2,,,,,,,,,,
2026,1,4,COVID-19,7,0,0,2,5,,,,,,,,,,
2026,1,4,Diphtheria,443,400,18,12,50,,,,,,,,,,
2026,2,5,Lassa Fever,155,42,10,11,40,,,,,,,,,,
2026,2,5,CSM,31,0,3,10,15,,,,,,,,,,
2026,2,5,Yellow Fever,18,0,0,7,12,,,,,,,,,,
2026,2,5,Cholera,9,1,0,4,6,,,,,,,,,,
2026,2,5,Measles,168,108,0,32,100,,,,,,,,,,
2026,2,5,Mpox,19,0,0,9,13,,,,,,,,,,
2026,2,5,AFP,0,0,0,0,0,,,,,,,,,,
2026,2,5,COVID-19,18,0,0,1,14,,,,,,,,,,
2026,2,5,Diphtheria,305,244,12,13,51,,,,,,,,,,
2026,2,6,Lassa Fever,309,78,15,20,80,,,,,,,,,,
2026,2,6,CSM,37,0,1,13,22,,,,,,,,,,
2026,2,6,Yellow Fever,24,0,0,15,19,,,,,,,,,,
2026,2,6,Cholera,9,3,0,3,5,,,,,,,,,,
2026,2,6,Measles,189,132,0,28,112,,,,,,,,,,
2026,2,6,Mpox,12,0,0,8,12,,,,,,,,,,
2026,2,6,AFP,24,0,0,13,22,,,,,,,,,,
2026,2,6,COVID-19,14,2,0,1,9,,,,,,,,,,
2026,2,6,Diphtheria,325,229,7,13,33,,,,,,,,,,
2026,2,7,Lassa Fever,464,83,0,28,110,,,,,,,,,,
2026,2,7,CSM,43,0,3,10,22,,,,,,,,,,
2026,2,7,Yellow Fever,22,0,0,14,20,,,,,,,,,,
2026,2,7,Cholera,2,0,0,2,2,,,,,,,,,,
2026,2,7,Measles,205,171,0,30,110,,,,,,,,,,
2026,2,7,Mpox,14,0,0,4,10,,,,,,,,,,
2026,2,7,AFP,70,0,0,21,64,,,,,,,,,,
2026,2,7,COVID-19,22,0,0,2,18,,,,,,,,,,
2026,2,7,Diphtheria,242,206,2,9,18,,,,,,,,,,
2026,2,8,Lassa Fever,446,77,0,26,108,,,,,,,,,,
2026,2,8,CSM,21,0,4,8,12,,,,,,,,,,
2026,2,8,Yellow Fever,19,0,0,12,16,,,,,,,,,,
2026,2,8,Cholera,8,0,0,2,2,,,,,,,,,,
2026,2,8,Measles,174,169,0,30,104,,,,,,,,,,
2026,2,8,Mpox,10,2,0,5,7,,,,,,,,,,
2026,2,8,AFP,60,0,0,23,53,,,,,,,,,,
2026,2,8,COVID-19,77,4,0,1,26,,,,,,,,,,
2026,2,8,Diphtheria,218,190,1,11,20,,,,,,,,,,
2026,3,9,Lassa Fever,522,74,14,28,115,,,,,,,,,,
2026,3,9,CSM,13,0,1,7,10,,,,,,,,,,
2026,3,9,Yellow Fever,13,0,0,5,11,,,,,,,,,,
2026,3,9,Cholera,1,0,0,1,1,,,,,,,,,,
2026,3,9,Measles,164,158,0,32,105,,,,,,,,,,
2026,3,9,Mpox,6,0,0,3,4,,,,,,,,,,
2026,3,9,AFP,37,0,0,19,29,,,,,,,,,,
2026,3,9,COVID-19,16,0,0,1,6,,,,,,,,,,
2026,3,9,Diphtheria,110,87,1,6,12,,,,,,,,,,
