year,month,epi_week,disease,method,weekly_suspected,weekly_confirmed,weekly_deaths,states_affected,lgas_affected,ytd_year_prior,ytd_year_current,ytd_suspected_prior,ytd_suspected_current,ytd_confirmed_prior,ytd_confirmed_current,ytd_deaths_prior,ytd_deaths_current,ytd_cfr_prior,ytd_cfr_current,source_pdf
2016,9,37,,prose_era,,,,,,,,,,,,,,,,7_1475852376.pdf
2016,9,39,,prose_era,,,,,,,,,,,,,,,,8_1477395149.pdf
2016,10,40,,prose_era,,,,,,,,,,,,,,,,10_1477398165.pdf
2016,10,41,,prose_era,,,,,,,,,,,,,,,,11_1477400562.pdf
2016,10,42,,prose_era,,,,,,,,,,,,,,,,12_1480682867.pdf
2016,10,43,,prose_era,,,,,,,,,,,,,,,,13_1480685637.pdf
2016,11,44,,prose_era,,,,,,,,,,,,,,,,14_1480688390.pdf
2016,11,45,,prose_era,,,,,,,,,,,,,,,,15_1480692748.pdf
2016,11,46,,prose_era,,,,,,,,,,,,,,,,16_1480694898.pdf
2017,2,6,,prose_era,,,,,,,,,,,,,,,,25_1487841010.pdf
2017,2,7,,prose_era,,,,,,,,,,,,,,,,26_1488281963.pdf
2017,2,8,,prose_era,,,,,,,,,,,,,,,,27_1488966070.pdf
2017,3,9,,prose_era,,,,,,,,,,,,,,,,28_1489727627.pdf
2017,3,10,,prose_era,,,,,,,,,,,,,,,,29_1490702416.pdf
2017,3,11,,prose_era,,,,,,,,,,,,,,,,30_1490707140.pdf
2017,3,12,,prose_era,,,,,,,,,,,,,,,,32_1491834519.pdf
2017,4,16,,prose_era,,,,,,,,,,,,,,,,43_1493728702.pdf
2017,4,17,,prose_era,,,,,,,,,,,,,,,,45_1493731356.pdf
2017,5,18,,prose_era,,,,,,,,,,,,,,,,46_1494429885.pdf
2017,5,19,,prose_era,,,,,,,,,,,,,,,,47_1494949367.pdf
2017,5,20,,prose_era,,,,,,,,,,,,,,,,48_1496146688.pdf
2017,5,21,,prose_era,,,,,,,,,,,,,,,,49_1496148012.pdf
2017,6,22,,prose_era,,,,,,,,,,,,,,,,50_1496769361.pdf
2017,6,23,,prose_era,,,,,,,,,,,,,,,,51_1497361409.pdf
2017,6,24,,prose_era,,,,,,,,,,,,,,,,53_1497981149.pdf
2017,6,25,,prose_era,,,,,,,,,,,,,,,,61_1499787639.pdf
2017,6,26,,prose_era,,,,,,,,,,,,,,,,62_1500389503.pdf
2017,7,27,,prose_era,,,,,,,,,,,,,,,,63_1501009549.pdf
2017,7,28,,prose_era,,,,,,,,,,,,,,,,64_1501598242.pdf
2017,7,29,,prose_era,,,,,,,,,,,,,,,,67_1502217350.pdf
2017,7,30,,prose_era,,,,,,,,,,,,,,,,73_1502824288.pdf
2017,8,31,,prose_era,,,,,,,,,,,,,,,,74_1503433735.pdf
2017,8,32,,prose_era,,,,,,,,,,,,,,,,76_1504029751.pdf
2017,8,33,,prose_era,,,,,,,,,,,,,,,,79_1504640312.pdf
2017,8,34,,prose_era,,,,,,,,,,,,,,,,81_1505246149.pdf
2017,8,35,,prose_era,,,,,,,,,,,,,,,,82_1505850937.pdf
2017,9,36,,prose_era,,,,,,,,,,,,,,,,84_1506452355.pdf
2017,9,37,,prose_era,,,,,,,,,,,,,,,,85_1507059921.pdf
2017,9,38,,prose_era,,,,,,,,,,,,,,,,86_1507668610.pdf
2017,9,39,,prose_era,,,,,,,,,,,,,,,,87_1508277054.pdf
2017,10,40,,prose_era,,,,,,,,,,,,,,,,88_1508871928.pdf
2017,10,41,,prose_era,,,,,,,,,,,,,,,,89_1509480467.pdf
2017,10,42,,prose_era,,,,,,,,,,,,,,,,91_1510114205.pdf
2017,10,43,,prose_era,,,,,,,,,,,,,,,,92_1510684782.pdf
2017,10,44,,prose_era,,,,,,,,,,,,,,,,93_1511294973.pdf
2017,11,45,,prose_era,,,,,,,,,,,,,,,,94_1511896816.pdf
2017,11,46,,prose_era,,,,,,,,,,,,,,,,95_1512504215.pdf
2017,11,47,,prose_era,,,,,,,,,,,,,,,,96_1513113168.pdf
2017,11,48,,prose_era,,,,,,,,,,,,,,,,97_1513695356.pdf
2017,12,49,,prose_era,,,,,,,,,,,,,,,,98_1514362275.pdf
2017,12,50,,prose_era,,,,,,,,,,,,,,,,99_1514942181.pdf
2017,12,51,,prose_era,,,,,,,,,,,,,,,,100_1515558725.pdf
2017,12,52,,prose_era,,,,,,,,,,,,,,,,101_1516131252.pdf
2018,1,1,,prose_era,,,,,,,,,,,,,,,,102_1516746947.pdf
2018,1,2,,prose_era,,,,,,,,,,,,,,,,103_1517325607.pdf
2018,1,3,,prose_era,,,,,,,,,,,,,,,,104_1517951459.pdf
2018,2,5,,prose_era,,,,,,,,,,,,,,,,106_1519153297.pdf
2018,2,6,,prose_era,,,,,,,,,,,,,,,,107_1519760605.pdf
2018,2,7,,prose_era,,,,,,,,,,,,,,,,108_1520359686.pdf
2018,2,8,,prose_era,,,,,,,,,,,,,,,,109_1520967344.pdf
2018,3,9,,prose_era,,,,,,,,,,,,,,,,110_1521571516.pdf
2018,3,10,,prose_era,,,,,,,,,,,,,,,,111_1522353931.pdf
2018,3,11,,prose_era,,,,,,,,,,,,,,,,112_1522818611.pdf
2018,3,12,,prose_era,,,,,,,,,,,,,,,,113_1523424456.pdf
2018,4,13,,prose_era,,,,,,,,,,,,,,,,114_1524001444.pdf
2018,4,14,,prose_era,,,,,,,,,,,,,,,,115_1524594093.pdf
2018,4,15,,prose_era,,,,,,,,,,,,,,,,116_1525301174.pdf
2018,4,16,,prose_era,,,,,,,,,,,,,,,,117_1525808909.pdf
2018,5,17,,prose_era,,,,,,,,,,,,,,,,118_1526552036.pdf
2018,5,18,,prose_era,,,,,,,,,,,,,,,,119_1527155716.pdf
2018,5,19,,prose_era,,,,,,,,,,,,,,,,120_1527920876.pdf
2018,5,20,,prose_era,,,,,,,,,,,,,,,,121_1528203423.pdf
2018,5,21,,prose_era,,,,,,,,,,,,,,,,122_1528808040.pdf
2018,6,22,,prose_era,,,,,,,,,,,,,,,,123_1529405630.pdf
2018,6,23,,prose_era,,,,,,,,,,,,,,,,124_1530009358.pdf
2018,6,24,,prose_era,,,,,,,,,,,,,,,,125_1530627755.pdf
2018,6,25,,prose_era,,,,,,,,,,,,,,,,126_1531231364.pdf
2018,7,26,,prose_era,,,,,,,,,,,,,,,,128_1531818028.pdf
2018,7,27,,prose_era,,,,,,,,,,,,,,,,133_1532462604.pdf
2018,7,28,,prose_era,,,,,,,,,,,,,,,,134_1533033878.pdf
2018,7,29,,prose_era,,,,,,,,,,,,,,,,135_1533649106.pdf
2018,7,30,,prose_era,,,,,,,,,,,,,,,,136_1534243021.pdf
2018,8,31,,prose_era,,,,,,,,,,,,,,,,137_1535021107.pdf
2018,8,32,,prose_era,,,,,,,,,,,,,,,,138_1535454109.pdf
2018,8,33,,prose_era,,,,,,,,,,,,,,,,139_1536121031.pdf
2018,8,34,,prose_era,,,,,,,,,,,,,,,,140_1536694500.pdf
2018,9,35,,prose_era,,,,,,,,,,,,,,,,141_1537296274.pdf
2018,9,36,,prose_era,,,,,,,,,,,,,,,,142_1538120676.pdf
2018,9,37,,prose_era,,,,,,,,,,,,,,,,143_1538504552.pdf
2018,9,38,,prose_era,,,,,,,,,,,,,,,,144_1539135941.pdf
2018,10,39,,prose_era,,,,,,,,,,,,,,,,145_1539713127.pdf
2018,10,41,,prose_era,,,,,,,,,,,,,,,,146_1540538712.pdf
2018,10,42,,prose_era,,,,,,,,,,,,,,,,148_1541527114.pdf
2018,10,43,,prose_era,,,,,,,,,,,,,,,,149_1542134729.pdf
2018,11,44,,prose_era,,,,,,,,,,,,,,,,150_1542746279.pdf
2018,11,45,,prose_era,,,,,,,,,,,,,,,,152_1543421636.pdf
2018,11,46,,prose_era,,,,,,,,,,,,,,,,161_1544115162.pdf
2018,11,47,,prose_era,,,,,,,,,,,,,,,,163_1545637556.pdf
2018,12,48,,prose_era,,,,,,,,,,,,,,,,162_1545635339.pdf
2018,12,49,,prose_era,,,,,,,,,,,,,,,,164_1545638614.pdf
2018,12,51,,prose_era,,,,,,,,,,,,,,,,166_1546988145.pdf
2018,12,52,,prose_era,,,,,,,,,,,,,,,,167_1548179141.pdf
2019,1,1,,prose_era,,,,,,,,,,,,,,,,169_1548415840.pdf
2019,1,3,,prose_era,,,,,,,,,,,,,,,,170_1549955097.pdf
2019,1,4,,prose_era,,,,,,,,,,,,,,,,171_1549956065.pdf
2019,1,2,,prose_era,,,,,,,,,,,,,,,,172_1550045057.pdf
2019,2,5,,prose_era,,,,,,,,,,,,,,,,173_1550588358.pdf
2019,2,6,,prose_era,,,,,,,,,,,,,,,,174_1551165048.pdf
2019,2,7,,prose_era,,,,,,,,,,,,,,,,175_1551770030.pdf
2019,2,8,,prose_era,,,,,,,,,,,,,,,,176_1552392895.pdf
2019,3,9,,prose_era,,,,,,,,,,,,,,,,177_1552902759.pdf
2019,3,10,,prose_era,,,,,,,,,,,,,,,,178_1553583839.pdf
2019,3,11,,prose_era,,,,,,,,,,,,,,,,179_1554189207.pdf
2019,3,12,,prose_era,,,,,,,,,,,,,,,,180_1554793633.pdf
2019,3,13,,prose_era,,,,,,,,,,,,,,,,181_1555403076.pdf
2019,4,14,,prose_era,,,,,,,,,,,,,,,,182_1556092750.pdf
2019,4,15,,prose_era,,,,,,,,,,,,,,,,183_1556648553.pdf
2019,4,16,,prose_era,,,,,,,,,,,,,,,,184_1557221124.pdf
2019,4,17,,prose_era,,,,,,,,,,,,,,,,185_1557826726.pdf
2019,5,18,,prose_era,,,,,,,,,,,,,,,,186_1558426478.pdf
2019,5,19,,prose_era,,,,,,,,,,,,,,,,187_1559030639.pdf
2019,5,20,,prose_era,,,,,,,,,,,,,,,,188_1559577974.pdf
2019,5,21,,prose_era,,,,,,,,,,,,,,,,189_1560323274.pdf
2019,6,22,,prose_era,,,,,,,,,,,,,,,,190_1560867705.pdf
2019,6,23,,prose_era,,,,,,,,,,,,,,,,191_1561455185.pdf
2019,6,24,,prose_era,,,,,,,,,,,,,,,,192_1562255043.pdf
2019,6,25,,prose_era,,,,,,,,,,,,,,,,193_1562671452.pdf
2019,6,26,,prose_era,,,,,,,,,,,,,,,,194_1563263010.pdf
2019,7,27,,prose_era,,,,,,,,,,,,,,,,195_1563882576.pdf
2019,7,29,,prose_era,,,,,,,,,,,,,,,,201_1565078654.pdf
2019,7,30,,prose_era,,,,,,,,,,,,,,,,202_1565769762.pdf
2019,8,31,,prose_era,,,,,,,,,,,,,,,,203_1566288672.pdf
2019,8,32,,prose_era,,,,,,,,,,,,,,,,205_1566888591.pdf
2019,8,33,,prose_era,,,,,,,,,,,,,,,,206_1567424549.pdf
2019,8,34,,prose_era,,,,,,,,,,,,,,,,207_1568106910.pdf
2019,9,36,,prose_era,,,,,,,,,,,,,,,,210_1569437108.pdf
2019,9,35,,prose_era,,,,,,,,,,,,,,,,211_1569666780.pdf
2019,9,37,,prose_era,,,,,,,,,,,,,,,,212_1569928008.pdf
2019,9,38,,prose_era,,,,,,,,,,,,,,,,213_1570528415.pdf
2019,9,39,,prose_era,,,,,,,,,,,,,,,,214_1571134337.pdf
2019,10,40,,prose_era,,,,,,,,,,,,,,,,215_1571656205.pdf
2019,10,41,,prose_era,,,,,,,,,,,,,,,,220_1572277790.pdf
2019,10,42,,prose_era,,,,,,,,,,,,,,,,221_1572880622.pdf
2019,10,43,,prose_era,,,,,,,,,,,,,,,,224_1573569566.pdf
2019,11,44,,prose_era,,,,,,,,,,,,,,,,227_1574078392.pdf
2019,11,45,,prose_era,,,,,,,,,,,,,,,,229_1574777642.pdf
2019,11,46,,prose_era,,,,,,,,,,,,,,,,230_1575289761.pdf
2019,11,47,,prose_era,,,,,,,,,,,,,,,,231_1575970022.pdf
2019,12,48,,prose_era,,,,,,,,,,,,,,,,232_1576494445.pdf
2019,12,49,,prose_era,,,,,,,,,,,,,,,,233_1577098363.pdf
2019,12,50,,prose_era,,,,,,,,,,,,,,,,234_1577703608.pdf
2019,12,51,,prose_era,,,,,,,,,,,,,,,,237_1578322281.pdf
2019,12,52,,prose_era,,,,,,,,,,,,,,,,238_1578924938.pdf
2020,1,1,,prose_era,,,,,,,,,,,,,,,,239_1579598639.pdf
2020,1,2,,prose_era,,,,,,,,,,,,,,,,240_1580136662.pdf
2020,1,3,,prose_era,,,,,,,,,,,,,,,,241_1580729911.pdf
2020,1,4,,prose_era,,,,,,,,,,,,,,,,242_1581353899.pdf
2020,2,5,,prose_era,,,,,,,,,,,,,,,,243_1581949066.pdf
2020,2,6,,prose_era,,,,,,,,,,,,,,,,244_1582536487.pdf
2020,2,7,,prose_era,,,,,,,,,,,,,,,,246_1583161540.pdf
2020,2,8,,prose_era,,,,,,,,,,,,,,,,247_1583773916.pdf
2020,3,9,,prose_era,,,,,,,,,,,,,,,,249_1584354113.pdf
2020,3,10,,prose_era,,,,,,,,,,,,,,,,250_1584998419.pdf
2020,3,11,,prose_era,,,,,,,,,,,,,,,,251_1585695352.pdf
2020,3,12,,prose_era,,,,,,,,,,,,,,,,252_1586350366.pdf
2020,3,13,,prose_era,,,,,,,,,,,,,,,,253_1586855575.pdf
2020,4,14,,prose_era,,,,,,,,,,,,,,,,254_1587541819.pdf
2020,4,15,,prose_era,,,,,,,,,,,,,,,,255_1588185380.pdf
2020,4,17,,prose_era,,,,,,,,,,,,,,,,257_1589220626.pdf
2020,8,35,,prose_era,,,,,,,,,,,,,,,,276_1600283279.pdf
2020,11,44,,prose_era,,,,,,,,,,,,,,,,283_1605801769.pdf
2020,11,45,,prose_era,,,,,,,,,,,,,,,,284_1606461969.pdf
2020,11,48,,prose_era,,,,,,,,,,,,,,,,288_1608277347.pdf
2020,12,50,,prose_era,,,,,,,,,,,,,,,,290_1609438085.pdf
2020,12,51,,prose_era,,,,,,,,,,,,,,,,291_1610134760.pdf
2021,2,8,,prose_era,,,,,,,,,,,,,,,,301_1616165193.pdf
2021,7,27,,prose_era,,,,,,,,,,,,,,,,321_1627899651.pdf
2021,8,31,,prose_era,,,,,,,,,,,,,,,,330_1635771689.pdf
2021,8,32,,prose_era,,,,,,,,,,,,,,,,331_1637330481.pdf
2021,8,33,,prose_era,,,,,,,,,,,,,,,,333_1641990323.pdf
2021,11,45,,prose_era,,,,,,,,,,,,,,,,332_1641981159.pdf
2021,11,46,,prose_era,,,,,,,,,,,,,,,,334_1641992097.pdf
2021,12,48,,prose_era,,,,,,,,,,,,,,,,340_1653641698.pdf
2022,5,18,,prose_era,,,,,,,,,,,,,,,,366_1655735651.pdf
2022,5,19,,prose_era,,,,,,,,,,,,,,,,387_1680645203.pdf
2022,5,20,,prose_era,,,,,,,,,,,,,,,,388_1680645670.pdf
2022,5,21,,prose_era,,,,,,,,,,,,,,,,389_1680646107.pdf
2022,6,22,,prose_era,,,,,,,,,,,,,,,,390_1680646650.pdf
2022,6,23,,prose_era,,,,,,,,,,,,,,,,392_1680691928.pdf
2022,6,24,,prose_era,,,,,,,,,,,,,,,,394_1680695204.pdf
2022,6,25,,prose_era,,,,,,,,,,,,,,,,395_1680699827.pdf
2022,7,26,,prose_era,,,,,,,,,,,,,,,,396_1680706923.pdf
2022,7,27,,prose_era,,,,,,,,,,,,,,,,397_1680780529.pdf
2022,7,28,,prose_era,,,,,,,,,,,,,,,,398_1680781133.pdf
2022,7,29,,prose_era,,,,,,,,,,,,,,,,400_1681297959.pdf
2022,7,30,,prose_era,,,,,,,,,,,,,,,,401_1681300419.pdf
2022,8,31,,prose_era,,,,,,,,,,,,,,,,402_1681306051.pdf
2022,8,32,,prose_era,,,,,,,,,,,,,,,,403_1681307397.pdf
2023,7,27,,prose_era,,,,,,,,,,,,,,,,406_1715954535.pdf
2023,7,28,,prose_era,,,,,,,,,,,,,,,,407_1716481729.pdf
2023,7,29,,prose_era,,,,,,,,,,,,,,,,408_1716482694.pdf
2023,10,42,,prose_era,,,,,,,,,,,,,,,,480_1725973241.pdf
2023,10,43,,prose_era,,,,,,,,,,,,,,,,481_1725974241.pdf
2023,10,44,,prose_era,,,,,,,,,,,,,,,,513_1727349568.pdf
2023,11,45,,prose_era,,,,,,,,,,,,,,,,517_1727440263.pdf
2023,11,46,,prose_era,,,,,,,,,,,,,,,,518_1727443238.pdf
2023,11,47,,prose_era,,,,,,,,,,,,,,,,520_1727445570.pdf
2023,11,48,,prose_era,,,,,,,,,,,,,,,,523_1727474151.pdf
2023,12,49,,prose_era,,,,,,,,,,,,,,,,527_1727961198.pdf
2024,1,1,,prose_era,,,,,,,,,,,,,,,,548_1728446964.pdf
2024,1,2,,prose_era,,,,,,,,,,,,,,,,550_1728458747.pdf
2024,1,3,,prose_era,,,,,,,,,,,,,,,,554_1728502888.pdf
2024,1,4,,prose_era,,,,,,,,,,,,,,,,558_1728658111.pdf
2024,2,6,,prose_era,,,,,,,,,,,,,,,,492_1726743441.pdf
2024,2,7,,prose_era,,,,,,,,,,,,,,,,494_1726745346.pdf
2024,2,8,,prose_era,,,,,,,,,,,,,,,,495_1726838553.pdf
2024,2,5,,prose_era,,,,,,,,,,,,,,,,565_1728900821.pdf
2024,3,9,,prose_era,,,,,,,,,,,,,,,,496_1726840610.pdf
2024,3,10,,prose_era,,,,,,,,,,,,,,,,576_1735316732.pdf
2024,3,11,,prose_era,,,,,,,,,,,,,,,,577_1735318192.pdf
2024,3,12,,prose_era,,,,,,,,,,,,,,,,578_1737368261.pdf
2024,3,13,,prose_era,,,,,,,,,,,,,,,,579_1737384756.pdf
2024,4,14,,prose_era,,,,,,,,,,,,,,,,580_1737384926.pdf
2024,4,15,,prose_era,,,,,,,,,,,,,,,,581_1737385243.pdf
2024,4,16,,prose_era,,,,,,,,,,,,,,,,582_1737385864.pdf
2024,4,17,,prose_era,,,,,,,,,,,,,,,,583_1737448028.pdf
2024,5,18,,prose_era,,,,,,,,,,,,,,,,584_1737448876.pdf
2024,5,19,,prose_era,,,,,,,,,,,,,,,,585_1737448984.pdf
2024,5,20,,prose_era,,,,,,,,,,,,,,,,586_1737449195.pdf
2024,5,21,,prose_era,,,,,,,,,,,,,,,,587_1737449330.pdf
2024,6,22,,prose_era,,,,,,,,,,,,,,,,588_1737449426.pdf
2024,6,23,,prose_era,,,,,,,,,,,,,,,,589_1737449522.pdf
2024,6,24,,prose_era,,,,,,,,,,,,,,,,590_1737449706.pdf
2024,6,25,,prose_era,,,,,,,,,,,,,,,,591_1737449842.pdf
2024,9,36,,prose_era,,,,,,,,,,,,,,,,592_1738065613.pdf
2024,9,37,,prose_era,,,,,,,,,,,,,,,,593_1738066095.pdf
2024,9,38,,prose_era,,,,,,,,,,,,,,,,594_1738068143.pdf
2024,9,39,,prose_era,,,,,,,,,,,,,,,,595_1738068531.pdf
2024,10,40,,prose_era,,,,,,,,,,,,,,,,596_1738068641.pdf
2024,10,41,,prose_era,,,,,,,,,,,,,,,,603_1742464270.pdf
2024,10,42,,prose_era,,,,,,,,,,,,,,,,604_1742464354.pdf
2024,10,43,,prose_era,,,,,,,,,,,,,,,,605_1742464502.pdf
2024,11,47,,prose_era,,,,,,,,,,,,,,,,597_1741186556.pdf
2024,11,44,,prose_era,,,,,,,,,,,,,,,,606_1742464621.pdf
2024,11,45,,prose_era,,,,,,,,,,,,,,,,607_1742464684.pdf
2024,11,46,,prose_era,,,,,,,,,,,,,,,,608_1742464772.pdf
2024,12,48,,prose_era,,,,,,,,,,,,,,,,598_1741186699.pdf
2024,12,49,,prose_era,,,,,,,,,,,,,,,,599_1741186828.pdf
2024,12,50,,prose_era,,,,,,,,,,,,,,,,600_1741186906.pdf
2024,12,51,,prose_era,,,,,,,,,,,,,,,,601_1741186989.pdf
2024,12,52,,prose_era,,,,,,,,,,,,,,,,602_1741187061.pdf
2025,1,1,,prose_era,,,,,,,,,,,,,,,,609_1744117956.pdf
2025,1,2,,prose_era,,,,,,,,,,,,,,,,610_1744118043.pdf
2025,1,3,,prose_era,,,,,,,,,,,,,,,,611_1744118129.pdf
2025,1,4,,prose_era,,,,,,,,,,,,,,,,612_1744118202.pdf
2025,2,5,,prose_era,,,,,,,,,,,,,,,,613_1750864435.pdf
2025,2,6,,prose_era,,,,,,,,,,,,,,,,614_1750865167.pdf
2025,2,7,,prose_era,,,,,,,,,,,,,,,,615_1750865408.pdf
2025,2,8,,prose_era,,,,,,,,,,,,,,,,616_1751896357.pdf
2025,3,9,,prose_era,,,,,,,,,,,,,,,,617_1751896506.pdf
2025,3,10,,prose_era,,,,,,,,,,,,,,,,618_1751896610.pdf
2025,3,11,,prose_era,,,,,,,,,,,,,,,,619_1751896692.pdf
2025,3,12,,prose_era,,,,,,,,,,,,,,,,620_1751896759.pdf
2025,3,13,,prose_era,,,,,,,,,,,,,,,,621_1758036084.pdf
2025,4,14,,prose_era,,,,,,,,,,,,,,,,622_1758036177.pdf
2025,4,15,,prose_era,,,,,,,,,,,,,,,,623_1758036276.pdf
2025,4,16,,prose_era,,,,,,,,,,,,,,,,624_1758036383.pdf
2025,4,17,,prose_era,,,,,,,,,,,,,,,,625_1758036725.pdf
2025,5,18,,prose_era,,,,,,,,,,,,,,,,626_1758036790.pdf
2025,5,19,,prose_era,,,,,,,,,,,,,,,,627_1758036869.pdf
2025,5,20,,prose_era,,,,,,,,,,,,,,,,628_1758036951.pdf
2025,5,21,,prose_era,,,,,,,,,,,,,,,,651_1768402721.pdf
2025,6,25,,prose_era,,,,,,,,,,,,,,,,636_1759420435.pdf
2025,6,26,,prose_era,,,,,,,,,,,,,,,,637_1759420527.pdf
2025,6,22,,prose_era,,,,,,,,,,,,,,,,652_1768402992.pdf
2025,6,23,,prose_era,,,,,,,,,,,,,,,,653_1768403064.pdf
2025,6,24,,prose_era,,,,,,,,,,,,,,,,654_1768403145.pdf
2025,7,30,,prose_era,,,,,,,,,,,,,,,,633_1758552529.pdf
2025,7,27,,prose_era,,,,,,,,,,,,,,,,638_1759420601.pdf
2025,7,28,,prose_era,,,,,,,,,,,,,,,,639_1759420722.pdf
2025,7,29,,prose_era,,,,,,,,,,,,,,,,640_1759420808.pdf
2025,8,31,,prose_era,,,,,,,,,,,,,,,,630_1758552099.pdf
2025,8,32,,prose_era,,,,,,,,,,,,,,,,631_1758552177.pdf
2025,8,33,,prose_era,,,,,,,,,,,,,,,,632_1758552246.pdf
2025,8,34,,prose_era,,,,,,,,,,,,,,,,634_1759146992.pdf
2025,8,35,,prose_era,,,,,,,,,,,,,,,,635_1759147083.pdf
2025,9,36,,prose_era,,,,,,,,,,,,,,,,641_1765813876.pdf
2025,9,37,,prose_era,,,,,,,,,,,,,,,,642_1765813968.pdf
2025,9,38,,prose_era,,,,,,,,,,,,,,,,643_1765814067.pdf
2025,9,39,,prose_era,,,,,,,,,,,,,,,,644_1768400660.pdf
2025,10,40,,prose_era,,,,,,,,,,,,,,,,645_1768400732.pdf
2025,10,41,,prose_era,,,,,,,,,,,,,,,,646_1768400948.pdf
2025,10,42,,prose_era,,,,,,,,,,,,,,,,647_1768401287.pdf
2025,10,43,,prose_era,,,,,,,,,,,,,,,,648_1768401463.pdf
2025,11,44,,prose_era,,,,,,,,,,,,,,,,649_1768401599.pdf
2025,11,45,,prose_era,,,,,,,,,,,,,,,,650_1768401728.pdf
2025,11,46,,prose_era,,,,,,,,,,,,,,,,655_1772119684.pdf
2025,11,47,,prose_era,,,,,,,,,,,,,,,,656_1772119895.pdf
2025,11,48,,prose_era,,,,,,,,,,,,,,,,657_1772119969.pdf
2025,12,49,,prose_era,,,,,,,,,,,,,,,,658_1772120044.pdf
2025,12,50,,prose_era,,,,,,,,,,,,,,,,659_1772120128.pdf
2025,12,51,,prose_era,,,,,,,,,,,,,,,,660_1772120222.pdf
2025,12,52,,prose_era,,,,,,,,,,,,,,,,661_1772120299.pdf
2026,1,1,,prose_era,,,,,,,,,,,,,,,,662_1773847978.pdf
2026,1,2,,prose_era,,,,,,,,,,,,,,,,663_1773848029.pdf
2026,1,3,,prose_era,,,,,,,,,,,,,,,,664_1773848081.pdf
2026,1,4,,prose_era,,,,,,,,,,,,,,,,665_1773848130.pdf
2026,2,5,,prose_era,,,,,,,,,,,,,,,,666_1780906710.pdf
2026,2,6,,prose_era,,,,,,,,,,,,,,,,667_1780906790.pdf
2026,2,7,,prose_era,,,,,,,,,,,,,,,,668_1780906915.pdf
2026,2,8,,prose_era,,,,,,,,,,,,,,,,669_1780906976.pdf
2026,3,9,,prose_era,,,,,,,,,,,,,,,,670_1780907054.pdf
