day,Susceptible,Exposed,Infectious,Recovered
0.0,199976663.0,15558.0,7779.0,0.0
1.0,199973548.236866,15571.918480346309,9989.801543240548,890.0431104223336
2.0,199969687.4811867,16259.89474816292,12059.351333497465,1993.2727316750236
3.0,199965109.77315673,17471.07484707924,14117.74942593163,3301.402570247747
4.0,199959799.96247178,19127.261689650393,16253.999664930556,4818.776173652653
5.0,199953715.2793115,21189.304481790517,18537.78317761402,6557.633029087865
6.0,199946799.5051477,23628.344751171306,21038.08986079626,8534.060240321947
7.0,199938964.97280964,26459.05559229592,23802.834130788426,10773.137467262626
8.0,199930106.73992085,29709.37357456256,26878.99695372005,13304.889550864536
9.0,199920109.0953755,33405.51852960112,30322.95664430897,16162.429450580139
10.0,199908838.0619041,37583.740898150965,34194.09232454348,19384.10487321965
11.0,199896132.78342038,42306.91405026274,38544.34677546746,23015.955753888742
12.0,199881812.2657925,47643.550224567094,43434.38224396194,27109.801739002287
13.0,199865673.56013656,53666.37846305745,48936.290865211326,31723.770535192263
14.0,199847491.7628169,60452.344611090026,55133.59466270339,36922.29790930779
15.0,199827011.0846215,68090.29826600537,62119.8920315757,42778.72508094757
16.0,199803940.9317541,76693.26211963422,69989.45682471368,49376.349301561946
17.0,199777960.60111475,86384.23926209063,78848.08447791594,56807.07514527563
18.0,199748699.16454038,97302.98340791781,88820.52236440482,65177.329687334044
19.0,199715735.1434865,109606.19003464363,100050.50872854574,74608.15775033801
20.0,199678596.50902715,123467.49638278056,112700.77268584722,85235.22190424366
21.0,199636760.68185487,139077.48145582573,126953.03422296082,97208.80246636255
22.0,199589653.4629762,156644.31017003645,143008.09716143704,110694.12969237477
23.0,199536576.32188177,176439.68756993173,161090.2641049472,125893.72644338476
24.0,199476817.73901597,198729.4475862413,181440.89278509514,143011.9206127397
25.0,199409588.94914424,223796.34474629344,204339.82160446933,162274.88450503556
26.0,199333953.4361783,251980.00660407974,230113.93105030782,183952.62616734614
27.0,199248826.93317607,283676.9337402548,259137.1436944983,208358.98938922322
28.0,199152977.42234161,319340.4997621366,291830.4241935781,235851.65370269644
29.0,199045025.13502532,359480.95130370645,328661.7792887342,266832.1343822732
30.0,198923442.5517237,404665.4080256085,370146.2578058032,301745.7824449389
31.0,198786554.40207946,455517.8626151506,416845.9506552715,341081.784650157
32.0,198632537.6648816,512719.18078630336,469369.99083227466,385373.1634998684
33.0,198459313.5759459,577109.5333844508,528343.9913732257,435232.8992964428
34.0,198264312.77826053,649798.9050808307,594462.2283414018,491426.08831728133
35.0,198045142.38457197,731426.3173241747,668786.7646038877,554644.5335000138
36.0,197799005.37929544,822802.254228944,752483.1254094187,625709.2410662436
37.0,197522629.02161512,924983.2194404791,846792.9015065973,705594.8574378551
38.0,197212264.84548414,1039271.7361349994,953033.7491438936,795429.669237013
39.0,196863688.65962464,1167216.3470196044,1072599.3900696456,896495.603286163
40.0,196472200.54752767,1310611.614332272,1206959.6115320586,1010228.226608031
41.0,196032624.86745334,1471498.1198418601,1357660.2662792054,1138216.7464256235
42.0,195539310.25243068,1652162.464848105,1526323.2725590263,1282204.0101622283
43.0,194985989.02698898,1855246.7735699965,1714614.9242056436,1444149.2752353966
44.0,194365718.39166826,2083062.332146506,1924948.0754308216,1626271.2007544413
45.0,193671657.03170964,2336787.9634566717,2160842.592263712,1830712.4125700009
46.0,192895991.35514176,2618258.6879280643,2425747.5108227683,2060002.446107423
47.0,192029835.53114983,2930095.5997989094,2722967.5006638067,2317101.368387487
48.0,191063231.49007553,3275705.86711809,3055662.8647800097,2605399.778026401
49.0,189985148.92341715,3659282.731745143,3426849.539601922,2928718.8052358064
50.0,188783485.28382954,4085805.5093502635,3839399.0949974544,3291310.1118227737
51.0,187444924.17581525,4561547.2079791175,4295507.303983613,3698021.3122220403
52.0,185956729.50031734,5089837.627543785,4799671.948606557,4153760.9235323453
53.0,184307531.21841207,5668832.851198997,5360732.542290869,4662903.388098091
54.0,182484820.3829684,6298431.809146063,5986061.540280509,5230686.267605072
55.0,180474844.66729656,6980576.078502369,6681301.446285086,5863277.807916023
56.0,178262608.3651482,7719249.883301377,7450364.812479859,6567776.939070614
57.0,175831872.3907162,8520480.09449263,8295434.239505734,7352213.2752854545
58.0,173165154.2786349,9392336.229941742,9216962.37646927,8225547.114954086
59.0,170246353.64914814,10340840.57424545,10215760.929890448,9197044.846716022
60.0,167068431.4284638,11355478.677036723,11302134.091884984,10273955.802614538
61.0,163625069.76211232,12425344.484926349,12485609.500184394,11463976.252776977
62.0,159910744.75293672,13542811.54864508,13770545.194607422,12775898.503810825
63.0,155920843.17241693,14703410.47268709,15156152.496673642,14219593.858222414
64.0,151651662.4606697,15905828.915309971,16636496.009603452,15806012.614416944
65.0,147100860.7379738,17151416.15139996,18200665.164844956,17547057.945781305
66.0,142278578.26809642,18425140.376484524,19844510.076083634,19451771.27933547
67.0,137208127.58397108,19692535.85710808,21573874.667375002,21525461.89154587
68.0,131914449.76017459,20925718.67132831,23385946.685430944,23773884.883066203
69.0,126423547.51349203,22105157.869138315,25267799.72005312,26203494.897316575
70.0,120762485.20291698,23219675.472466644,27196393.20413296,28821446.120483465
71.0,114959423.29230538,24266360.62094998,29138639.15609721,31635576.930647474
72.0,109053186.20136794,25229047.423097778,31068198.771958925,34649567.6035754
73.0,103100381.31168503,26062027.83488245,32980303.577804413,37857287.27562816
74.0,97154079.62920016,26731649.727489,34862297.14007785,41251973.503233045
75.0,91261462.4108641,27220057.736189082,36691041.13702283,44827438.71592403
76.0,85463821.16463496,27525193.260341026,38432915.35868234,48578070.21634171
77.0,79796557.64947815,27660794.463389795,40043817.70689878,52498830.1802333
78.0,74297028.8883426,27633745.007970743,41489048.08966525,56580178.014021434
79.0,69009048.71467517,27423105.170702573,42768052.00463863,60799794.10998366
80.0,63965784.320134476,27023678.877776764,43874905.48113215,65135631.32095663
81.0,59190662.64669505,26444168.041787088,44797319.21770501,69567850.0938129
82.0,54697370.62725566,25707171.91540011,45516639.07654673,74078818.38079754
83.0,50489866.74318871,24849159.440628935,46007868.27273214,78653105.54345025
84.0,46571065.310999215,23896339.74289319,46261534.17396563,83271060.772142
85.0,42944305.72289867,22853522.216320276,46297586.42247798,87904585.6383031
86.0,39605099.08939677,21735457.428793244,46130377.095493,92529066.38631703
87.0,36544600.85474549,20561609.15039707,45770396.435331546,97123393.55952592
88.0,33749610.796939135,19356154.35341864,45224272.84941156,101669962.00023068
89.0,31202583.87415197,18147956.223195706,44494799.39577674,106154660.5068756
90.0,28887315.523040995,16954956.46925592,43596614.05041372,110561113.95728938
91.0,26789053.951127715,15782412.238094384,42557590.61847866,114870943.19229926
92.0,24890778.368147813,14640045.762080546,41398885.261941634,119070290.60783003
93.0,23176027.25744808,13536687.424974216,40139623.83331776,123147661.48425996
94.0,21628898.37598645,12480275.761925548,38796901.8756672,127093923.98642081
95.0,20234048.754331965,11477857.459475046,37385784.622595176,130902309.1635978
96.0,18977154.665496785,10533327.499429103,35922673.33511646,134566844.49995765
97.0,17845584.03159964,9643830.549172703,34430279.68612879,138080305.7330989
98.0,16825928.184846565,8813489.784739945,32917567.78040145,141443014.25001207
99.0,15906057.645288236,8044884.66564241,31393264.63836455,144655793.0507048
100.0,15075325.40830874,7338105.270858223,29867301.411950752,147719267.9088823
101.0,14324566.944625564,6690752.298832051,28350813.38459529,150633867.3719471
102.0,13646100.200289605,6097937.067475105,26856139.97123595,153399822.76099935
103.0,13033725.596685162,5552281.514165135,25396824.71831309,156017168.17083666
104.0,12482201.283605086,5045506.717977244,23985773.263880704,158486518.73453698
105.0,11983737.0886038,4580139.424984417,22621172.356227305,160814951.13018447
106.0,11532294.194992555,4156560.086270321,21301952.725106258,163009192.9936309
107.0,11122899.417463463,3772952.3972738134,20029256.165574536,165074892.0196882
108.0,10751201.703770377,3426492.62154126,18805147.346701324,167017158.32798705
109.0,10413472.1347289,3113349.59072654,17632613.81156799,168840564.46297657
110.0,10106603.924216375,2828684.7045910433,16515565.977268104,170549145.39392447
111.0,9827855.715500802,2567948.880229242,15457033.705214996,172147161.69905496
112.0,9574156.536633976,2330969.486201293,14453436.746327557,173641437.23083717
113.0,9342986.347951127,2116757.253206402,13502138.37896969,175038118.01987278
114.0,9132118.46697407,1923785.2226431957,12601307.451536965,176342788.85884577
115.0,8939591.26171742,1750108.1812874242,11749757.150769707,177560543.40622544
116.0,8763708.150688598,1593362.6612919634,10946945.001753006,178695984.18626642
117.0,8603037.602887833,1450766.940186815,10192972.867916709,179753222.58900863
118.0,8456231.41758168,1320363.8061839293,9486739.196714075,180736665.57952031
119.0,8321910.611088946,1202040.3180049239,8824516.000918,181651533.06998813
120.0,8198924.7065113615,1095080.2317564331,8203641.193244878,182502353.86848733
121.0,8086235.421367902,998601.1088906551,7621849.678179089,183293313.79156235
122.0,7982916.2482513,911556.8185644785,7077269.591960754,184028257.34122348
123.0,7888152.454828042,832737.5376394824,6568422.302585747,184710687.70494673
124.0,7801240.829161894,760771.6429309023,6094219.4308703,185343768.0970369
125.0,7721502.720040428,694870.6708914223,5652828.552158116,185930798.05691004
126.0,7648288.729733889,634911.3502553568,5241637.639778287,186475162.28023246
127.0,7581037.547963105,580515.4382653609,4858592.9270209195,186979854.0867506
128.0,7519236.197807268,531242.1969260031,4501865.675040645,187447655.9302261
129.0,7462420.035703934,486588.393003764,4169852.172856616,187881139.39843568
130.0,7410172.751449017,445988.2980270375,3861173.7373525114,188282665.21317142
131.0,7362126.368196797,408813.68828612997,3574676.713276531,188654383.23024052
132.0,7317935.284212984,374637.7544250755,3309027.8605796397,188998399.10078228
133.0,7277269.715029327,343401.7271426227,3062524.0140587315,189316804.5437693
134.0,7239842.55541046,314925.6784687863,2833781.8420822397,189611449.9240385
135.0,7205388.167639114,289005.7331020604,2621541.1397961616,189884064.95946264
136.0,7173662.351042421,265414.3174473655,2424664.419968643,190136258.91154155
137.0,7144442.341991906,243900.1596160488,2242136.9129899815,190369520.58540204
138.0,7117526.813903495,224188.28942588405,2073066.5668726247,190585218.32979798
139.0,7092733.596119486,206005.3980147092,1916644.367367777,190784616.638498
140.0,7069886.821568795,189285.41840130516,1771858.8067693645,190968968.95326054
141.0,7048833.4420509795,173963.76778752767,1637821.0104240726,191139381.7797374
142.0,7029432.495121346,159949.6592689458,1513737.70463614,191296880.14097357
143.0,7011552.5915369205,147143.87229745957,1398878.2420687662,191442425.29409686
144.0,6995071.915256457,135438.75268130013,1292574.6017441107,191576914.73031813
145.0,6979878.223440434,124718.21258502945,1194221.3890432925,191701182.17493123
146.0,6965868.846451051,114857.73052954068,1103275.8357063918,191815997.587313
147.0,6952949.819147293,105736.81266636867,1019239.1460786692,191922074.22210765
148.0,6941033.183080844,97327.96718010685,941547.9792468793,192020090.87049216
149.0,6930043.143153551,89598.68415333203,869721.9549275942,192110636.2177655
150.0,6919909.151748421,82505.92270570829,803325.3663534621,192194259.5591924
151.0,6910564.876179839,76003.97624188688,741952.2156882553,192271478.93189
152.0,6901948.198693577,70044.47245150604,685226.2140268704,192342781.11482805
153.0,6894001.216466792,64576.373309191185,632800.7813953289,192408621.62882867
154.0,6886670.241608019,59545.975074554764,584359.0467507754,192469424.73656663
155.0,6879905.801157182,54896.9082921963,539613.8479814797,192525583.44256914
156.0,6873662.1949521,50590.32617236211,498283.45686958625,192577464.02200595
157.0,6867899.831882513,46619.16840401964,460094.2581119874,192625386.74160147
158.0,6862583.584344882,42963.671313216415,424817.1230297723,192669635.6213121
159.0,6857680.127520921,39603.24113826591,392236.19904402865,192710480.43229678
160.0,6853157.928524009,36516.59876772243,362148.68055794947,192748176.79215032
161.0,6848987.246399189,33681.7797403811,334364.80895683344,192782966.16490358
162.0,6845140.13212317,31076.134245277906,308707.8726080848,192815075.86102346
163.0,6841590.4286043225,28676.327121689625,285014.20686121326,192844719.03741276
164.0,6838313.770682682,26458.337859133888,263133.1940478342,192872094.69741035
165.0,6835287.683963207,24401.06218795093,242924.1345950475,192897387.11925378
166.0,6832493.207411915,22500.13623842149,224253.52029212713,192920753.13605753
167.0,6829913.998381734,20747.2396559523,207011.05629175113,192942327.70567054
168.0,6827534.496320228,19132.968205924375,191093.21777867354,192962239.31769517
169.0,6825339.867529458,17647.807717334825,176401.80205993017,192980610.52269328
170.0,6823316.005165981,16282.134082796894,162843.92856483886,192997557.93218637
171.0,6821449.52924085,15026.213258539929,150332.03884499933,193013192.2186556
172.0,6819727.786619615,13870.20126440939,138783.89657429318,193027618.11554167
173.0,6818138.851022318,12804.144183866856,128122.58754888395,193040934.4172449
174.0,6816671.523023504,11817.97816399002,118276.5196872171,193053233.97912526
175.0,6815315.528373939,10902.987440299905,109179.31535654653,193064602.1688292
176.0,6814062.8340324955,10057.115275769267,100773.86914276703,193075106.18154895
177.0,6812906.375181116,9276.556234063017,93012.11031546892,193084804.95826933
178.0,6811839.354424608,8557.124826616304,85848.33355791535,193093755.18719083
179.0,6810855.257690386,7894.649827359319,79238.88929058675,193102011.20319164
180.0,6809947.854228468,7284.974272717295,73142.18367118071,193109624.9878276
181.0,6809111.196611482,6723.955461610504,67518.67859461214,193116646.16933227
182.0,6808339.620734657,6207.464955454256,62330.891693013036,193123122.02261686
183.0,6807627.745815833,5731.388578158905,57543.39633573273,193129097.46927026
184.0,6806970.474395453,5291.626416129842,53122.82162933773,193134615.07755905
185.0,6806362.992409618,4884.0931144939705,49037.852641216974,193139715.06183466
186.0,6805801.295725656,4506.35094218085,45261.387872079904,193144430.96546006
187.0,6805282.431517511,4157.38694544568,41772.59653429054,193148787.58500275
188.0,6804803.484486844,3835.393805595588,38551.779630199635,193152809.34207734
189.0,6804361.647995963,3538.587868292369,35580.01483623247,193156519.7492995
190.0,6803954.22406781,3265.2091435524835,32839.15650288884,193159941.41028574
191.0,6803578.623385973,3013.5213057470587,30311.835654743103,193163096.01965353
192.0,6803232.365294681,2781.811693601886,27981.459990444102,193166004.36302125
193.0,6802913.077798801,2568.391310197426,25832.213882715252,193168686.3170083
194.0,6802618.497563843,2371.594822968801,23849.05837835447,193171160.84923482
195.0,6802346.469915958,2189.7805637058027,22017.73119823423,193173446.01832208
196.0,6802094.94884194,2021.3305285528872,20324.7467373015,193175558.9738922
197.0,6801862.2796032885,1865.202038193732,18758.912805275846,193177513.60555324
198.0,6801647.318086236,1720.9430122265544,17312.206456703767,193179319.53244483
199.0,6801448.874934018,1587.7992100245983,15976.588605781595,193180986.73725018
200.0,6801265.802477488,1465.0308023109478,14744.31380684481,193182524.85291335
201.0,6801096.994809272,1351.9125412685348,13607.930625130626,193183943.16202432
202.0,6800941.387783757,1247.7337605401403,12560.281636778016,193185250.59681892
203.0,6800797.959017102,1151.7983752283942,11594.503428827702,193186455.73917884
204.0,6800665.727887228,1063.4248818957735,10704.026599222141,193187566.82063165
205.0,6800543.7555338275,981.946358564606,9882.575756805556,193188591.7223508
206.0,6800431.144858359,906.7104647170656,9124.1695213239,193189537.9751556
207.0,6800327.040524048,837.0794412951773,8423.120523424892,193190412.75951123
208.0,6800230.690532546,772.5197496391926,7774.399452713868,193191222.39026508
209.0,6800141.635064435,712.8321081823217,7174.798817816999,193191970.73400953
210.0,6800059.400403789,657.7204786071479,6621.108791701599,193192661.77032587
211.0,6799983.5205945745,606.882019212336,6110.184110040589,193193299.41327614
212.0,6799913.545827577,560.0210989002575,5638.991762310434,193193887.44131118
213.0,6799849.0424404,516.8492971769906,5204.6109917911435,193194429.4972706
214.0,6799789.592917467,477.0854041523205,4804.233295566271,193194929.08838278
215.0,6799734.7958900165,440.4554205397387,4435.162424522917,193195389.5862649
216.0,6799684.266136108,406.6925576564438,4094.8143833517224,193195814.22692287
217.0,6799637.634580617,375.5372374233411,3780.717430546875,193196206.1107514
218.0,6799594.548295239,346.7370923650423,3490.5120784061064,193196568.20253396
219.0,6799554.673375496,320.0504088013242,3221.9689067529735,193196903.30730894
220.0,6799517.78657127,295.3480825027528,2973.563883126696,193197213.3014631
221.0,6799483.710855973,272.52801417369693,2744.0882802678934,193197499.67284957
222.0,6799452.257976022,251.46712292467708,2532.271588184979,193197764.00331286
223.0,6799423.24594859,232.04556318753714,2336.8864791193655,193198007.8220091
224.0,6799396.499061611,214.14672471544498,2156.7488075454658,193198232.6054061
225.0,6799371.847873769,197.65723258289188,1990.717610170692,193198439.77728346
226.0,6799349.129214507,182.4669471856929,1837.6951059354549,193198630.70873237
227.0,6799328.186184024,168.46896424098688,1696.626696013166,193198806.7181557
228.0,6799308.868153278,155.55961478723603,1566.5009638102347,193198969.0712681
229.0,6799291.030763978,143.63846518422656,1446.349674966071,193199118.98109585
230.0,6799274.535928593,132.60831711306813,1335.2477773530845,193199257.60797694
231.0,6799259.264148374,122.3872983086652,1232.3924477442315,193199385.95610556
232.0,6799245.147417276,112.93820507860106,1137.3172609131732,193199504.5971167
233.0,6799232.111443927,104.21282771660957,1049.520378316674,193199614.15535003
234.0,6799220.082867736,96.16274629844696,968.5070723078843,193199715.24731365
235.0,6799208.9907705225,88.74091892730061,893.7993198547344,193199808.46899068
236.0,6799198.766676511,81.90168173378908,824.9358025399347,193199894.3958392
237.0,6799189.344552329,75.60074887596213,761.4719065609744,193199973.58279222
238.0,6799180.660807014,69.79521253930068,702.9797227301221,193200046.5642577
239.0,6799172.65429201,64.4435429367167,649.0480464744268,193200113.85411856
240.0,6799165.266301165,59.50558830855353,599.2823778357158,193200175.94573268
241.0,6799158.440570736,54.94257492258558,553.3049214705974,193200233.31193286
242.0,6799152.123375574,50.717193131979556,510.75521257926886,193200286.4042187
243.0,6799146.277205489,46.80539598455864,471.3795555372302,193200335.537843
244.0,6799140.875687363,43.19106813107819,434.9987802444037,193200380.93446425
245.0,6799135.889321875,39.854694602937506,401.41398199201706,193200422.84200153
246.0,6799131.289562828,36.77732981564091,370.43274377967373,193200461.50036356
247.0,6799127.048817152,33.94059756879775,341.86913631535253,193200497.14144894
248.0,6799123.1404449,31.326691046122384,315.54371801540833,193200529.98914602
249.0,6799119.538759254,28.918372815434203,291.2835350045709,193200560.25933293
250.0,6799116.219026518,26.698974828657633,268.9221211159462,193200588.15987754
251.0,6799113.157466124,24.652398421822085,248.29949789101533,193200613.89063755
252.0,6799110.331250629,22.763114315062005,229.2621745796353,193200637.64346048
253.0,6799107.718505717,21.016162612616885,211.66314814003857,193200659.60218352
254.0,6799105.29918498,19.397860531352894,195.36767204990585,193200679.93528244
255.0,6799103.061832978,17.901104814011422,180.29802590425453,193200698.7390363
256.0,6799100.995320519,16.518645712061456,166.37905376775922,193200716.10698
257.0,6799099.088178843,15.242863953133664,153.53345569398817,193200732.1355015
258.0,6799097.329311609,14.066371184111798,141.68645833254487,193200746.91785887
259.0,6799095.707994893,12.98200997113269,130.76581492906797,193200760.54418018
260.0,6799094.213877188,11.98285379958627,120.70180532523143,193200773.10146368
261.0,6799092.836979403,11.062207074115541,111.42723595874428,193200784.67357755
262.0,6799091.567694868,10.2136051186166,102.87743986335077,193200795.34126014
263.0,6799090.396789327,9.43081417623863,94.99027666883046,193200805.18211982
264.0,6799089.315400943,8.70783140938389,87.706132600998,193200814.27063504
265.0,6799088.315040297,8.038884899707735,80.96792048170329,193200822.67815432
266.0,6799087.388746612,7.419310418439593,74.72876385004172,193200830.4631791
267.0,6799086.53261948,6.846655288741785,68.9622344624531,193200837.65849075
268.0,6799085.742097364,6.317889974788032,63.63758611758229,193200844.30242655
269.0,6799085.012724566,5.830046654909999,58.72479459809612,193200850.43243417
270.0,6799084.340191023,5.380250059747901,54.194821483458824,193200856.08473742
271.0,6799083.720332309,4.9657174722504855,50.019614149932096,193200861.29433605
272.0,6799083.14912963,4.583758727675047,46.172105770575065,193200866.09500587
273.0,6799082.62270983,4.231776213587423,42.62621531524427,193200870.51929864
274.0,6799082.1373453885,3.9072648698619874,39.35684755059373,193200874.59854218
275.0,6799081.689454418,3.607812188681658,36.339893040074855,193200878.36284035
276.0,6799081.275600668,3.331098214537896,33.55222814393654,193200881.84107298
277.0,6799080.892505498,3.074904350351646,30.9717948701234,193200885.06079528
278.0,6799080.537973005,2.8377853625388223,28.583778904913146,193200888.0404627
279.0,6799080.210410629,2.6187036043089265,26.377425733158574,193200890.79346
280.0,6799079.908031213,2.4164680127138256,24.340693450773845,193200893.3348073
281.0,6799079.629104583,2.229924336723295,22.461925258290698,193200895.6790458
282.0,6799079.371957546,2.057955137225018,20.72984946085846,193200897.84023786
283.0,6799079.134973891,1.899479787024588,19.133579468244065,193200899.83196685
284.0,6799078.916594388,1.7534544708455038,17.66261379483201,193200901.66733733
285.0,6799078.715316786,1.6188721853291754,16.306836059624388,193200903.35897496
286.0,6799078.529695819,1.49476273903492,15.056514986240888,193200904.91902643
287.0,6799078.3583432,1.3801927524399635,13.90230440291878,193200906.35915962
288.0,6799078.199927622,1.2742656579394407,12.835243242512924,193200907.69056347
289.0,6799078.053227304,1.1761590856437751,11.847107195573555,193200908.92350638
290.0,6799077.917553577,1.0854231593465564,10.933246885254203,193200910.06377634
291.0,6799077.792236968,1.0016139886849937,10.089149095534616,193200911.11699992
292.0,6799077.676583606,0.9242685474235457,9.310139078097102,193200912.08900875
293.0,6799077.56992192,0.8529383768851271,8.59169264798526,193200912.98544702
294.0,6799077.47160264,0.7871895859511099,7.92943618360398,193200913.81177157
295.0,6799077.380998799,0.7266028510613224,7.319146626719441,193200914.5732517
296.0,6799077.29750573,0.6707734162140497,6.756751482459117,193200915.27496934
297.0,6799077.220541067,0.6193110929660336,6.238328819311766,193200915.921819
298.0,6799077.149544749,0.571840260432472,5.760107269127446,193200916.5185077
299.0,6799077.083979012,0.5279998652870206,5.3184660271174975,193200917.06955507
300.0,6799077.023328396,0.48744342176179056,4.909934851854557,193200917.5792933
301.0,6799076.967163028,0.449883098478972,4.531618594708943,193200918.05133525
302.0,6799076.915248098,0.41516492231477986,4.181932556544131,193200918.4876544
303.0,6799076.867309304,0.38310591646167536,3.8590286575324733,193200918.8905561
304.0,6799076.82307733,0.3535262198790525,3.561092600568589,193200919.26230383
305.0,6799076.782291588,0.3262517164001417,3.2863689806954826,193200919.6050877
306.0,6799076.74470022,0.3011140347320104,3.0331612851045495,193200919.92102444
307.0,6799076.710060097,0.2779505484555624,2.799831893135571,193200920.21215743
308.0,6799076.67813682,0.2566043760255384,2.584802076276716,193200920.4804567
309.0,6799076.648704718,0.23692438077051534,2.386551998164541,193200920.72781888
310.0,6799076.6215468515,0.2187651708929072,2.2036207145839914,193200920.95606723
311.0,6799076.596455009,0.20198709946896432,2.0346061734684002,193200921.1669517
312.0,6799076.573229923,0.18645641142442412,1.8781666455314197,193200921.36214697
313.0,6799076.551732757,0.17208061890156795,1.7333666223623718,193200921.54281998
314.0,6799076.531869526,0.15879746085263613,1.5995724266232385,193200921.70976055
315.0,6799076.513532309,0.14653485225937718,1.4760570648620428,193200921.86387575
316.0,6799076.496616607,0.1352229678809993,1.3621165809110511,193200922.00604382
317.0,6799076.481021332,0.1247942422541703,1.2570700558867736,193200922.13711435
318.0,6799076.466648818,0.11518336969301775,1.1602596081899637,193200922.25790817
319.0,6799076.453404812,0.10632730428912882,1.0710503935056184,193200922.36921746
320.0,6799076.441198478,0.09816525991155042,0.9888306048029791,193200922.47180563
321.0,6799076.429942397,0.0906387102067891,0.9130114723355293,193200922.56640738
322.0,6799076.4195525665,0.08369138859881103,0.8430272636409972,193200922.65372875
323.0,6799076.4099484,0.07726928828904217,0.7783352835413537,193200922.734447
324.0,6799076.401054812,0.07132208500260137,0.7184298894094021,193200922.80919316
325.0,6799076.392828147,0.06582077506642757,0.6630168360664681,193200922.8783342
326.0,6799076.385228865,0.0607390062784057,0.6118296932211154,193200922.9422024
327.0,6799076.378215092,0.05604879896714116,0.5645864053140897,193200923.00114965
328.0,6799076.371746296,0.05172306031408086,0.5210139237966904,193200923.0555167
329.0,6799076.365783277,0.047735584353513195,0.4808482071307713,193200923.1056329
330.0,6799076.360288172,0.044061051972568085,0.44383422078873963,193200923.15181652
331.0,6799076.355224456,0.04067503091121694,0.4097259372535566,193200923.19437453
332.0,6799076.350556937,0.03755397576227267,0.3782863360187374,193200923.2336027
333.0,6799076.3462517625,0.034675227971389694,0.3492874035883509,193200923.26978558
334.0,6799076.342276413,0.03201701583706391,0.3225101334770202,193200923.3031964
335.0,6799076.338599709,0.029558454510632763,0.2977445262099218,193200923.33409727
336.0,6799076.335194623,0.02728145717873228,0.2748085603826573,193200923.36271533
337.0,6799076.332046662,0.025176390952191253,0.2536045407943728,193200923.38917238
338.0,6799076.329139526,0.023232367671906482,0.23402266337454997,193200923.41360542
339.0,6799076.326456978,0.02143853519921704,0.21595356132667037,193200923.4361509
340.0,6799076.323983304,0.019784388394063736,0.19929138304736388,193200923.4569409
341.0,6799076.321703312,0.018259769114989104,0.1839337921264082,193200923.4761031
342.0,6799076.319602329,0.016854866219137406,0.1697819673467294,193200923.49376082
343.0,6799076.317666208,0.015560215562254637,0.1567406026844015,193200923.51003295
344.0,6799076.31588132,0.01436669999868852,0.1447179073086466,193200923.52503404
345.0,6799076.3142345585,0.013265549381388509,0.13362560558183517,193200923.53887427
346.0,6799076.312713338,0.012248340561905779,0.12337893705948541,193200923.55165935
347.0,6799076.311305597,0.011306997390393248,0.11389665649026393,193200923.56349072
348.0,6799076.310002209,0.010435419954640257,0.1051172860501225,193200923.57444507
349.0,6799076.308797715,0.009629973588269747,0.0970040602756151,193200923.58456823
350.0,6799076.307685631,0.008886322187734184,0.08951328267775258,193200923.59391475
351.0,6799076.306659669,0.008200262224079047,0.08260259786588771,193200923.60253745
352.0,6799076.305713741,0.007567725171330946,0.07623101573325668,193200923.6104875
353.0,6799076.304841967,0.00698477750649764,0.07035891145697899,193200923.61781433
354.0,6799076.304038667,0.006447620709568024,0.06494802549805755,193200923.62456566
355.0,6799076.303298362,0.005952591263512132,0.05996146360137858,193200923.63078755
356.0,6799076.302615778,0.00549616065428114,0.055363696795711737,193200923.63652435
357.0,6799076.301985842,0.005074935370807362,0.051120561393709976,193200923.64181864
358.0,6799076.3014036855,0.004685656905004257,0.04719925899190966,193200923.64671138
359.0,6799076.3008647,0.004325241902737708,0.043568758726894224,193200923.65124127
360.0,6799076.300366482,0.003992085161644178,0.04021285265725502,193200923.65542856
361.0,6799076.299906636,0.0036845887197091425,0.03711541881449036,193200923.65929335
362.0,6799076.299482251,0.003400804880754219,0.0342568389359161,193200923.6628601
363.0,6799076.299090594,0.0031389074502945072,0.03161871877523932,193200923.66615176
364.0,6799076.298729119,0.0028971917355385866,0.029183888102558345,193200923.66918978
365.0,6799076.298395457,0.002674074545388518,0.026936400704362748,193200923.67199406
