day,Susceptible,Infectious,Recovered
0.0,199992221.0,7779.0,0.0
1.0,199989127.93041363,9988.294202888452,883.7753834612087
2.0,199985156.55052626,12824.921182974878,2018.5282907603353
3.0,199980056.26507553,16467.85362370573,3475.8813007468157
4.0,199973511.58509701,21142.40904816759,5346.005854830435
5.0,199965106.69915086,27145.533061047234,7747.767788099902
6.0,199954311.53365278,34855.74330902653,10832.723038209837
7.0,199940448.30397782,44756.95647782089,14794.739544360003
8.0,199922677.96349803,57448.31851453099,19873.717987445518
9.0,199899870.51466095,73736.53312408163,26392.952214966914
10.0,199870552.23084465,94673.3999960167,34774.36915935316
11.0,199832905.23133302,121556.1137104499,45538.65495654439
12.0,199784587.457297,156054.54912143017,59357.993581599905
13.0,199722714.42526162,200227.42186352122,77058.15287486784
14.0,199643402.9772003,256843.76062098384,99753.2621787392
15.0,199541512.5923498,329564.6032385345,128922.80441169138
16.0,199410645.38721037,422942.9967213459,166411.6160682883
17.0,199242999.83862308,542521.6443962739,214478.51698067057
18.0,199028429.5965939,695497.743077436,276072.6603287151
19.0,198754266.69302464,890896.3348585418,354836.97211684287
20.0,198403451.25714102,1140791.917938154,455756.82492083963
21.0,197954288.16022307,1460467.505579085,585244.3341978879
22.0,197380447.01560506,1868414.6261084012,751138.3582865675
23.0,196650743.16308022,2386311.78511324,962945.0518065754
24.0,195724897.46229693,3042126.9055109452,1232975.6321921628
25.0,194550679.77604443,3872609.397362408,1576710.8265931918
26.0,193065338.97371122,4920547.319198879,2014113.7070899399
27.0,191195663.57591173,6234602.841890039,2569733.5821982687
28.0,188857981.7544864,7869312.248644001,3272705.9968696255
29.0,185964247.55913448,9879630.899391253,4156121.541474274
30.0,182415778.168554,12323948.772655632,5260273.058790382
31.0,178071734.45884147,15290559.814271063,6637705.726887488
32.0,172824131.8414783,18833261.16127818,8342606.997243569
33.0,166604558.8956017,22965522.58309084,10429918.521307498
34.0,159384177.36800492,27660486.481496096,12955336.150499022
35.0,151172871.37568167,32851838.076331284,15975290.54798707
36.0,141987940.54278544,38472178.14866752,19539881.308547083
37.0,132036360.5824117,44288415.73978592,23675223.677802406
38.0,121595571.99590251,50019236.86403512,28385191.140062407
39.0,110931779.95085886,55416039.76021627,33652180.2889249
40.0,100299954.28114086,60262934.89158298,39437110.82727618
41.0,89943829.4868677,64376744.94584134,45679425.567290984
42.0,80095904.73441756,67607004.83514994,52297090.430432506
43.0,70977443.85642773,69835961.69611984,59186594.44745239
44.0,62757553.50693864,71005173.89930527,66237272.59375612
45.0,55439115.40965308,71205274.78977782,73355609.80056913
46.0,48983290.33177081,70565134.69206418,80451574.97616504
47.0,43342274.07622037,69210579.97574101,87447145.94803865
48.0,38459212.70379819,67264393.25437285,94276394.04182898
49.0,34268202.53316856,64846313.385512285,100885484.08131918
50.0,30694290.140863597,62073035.47069985,107232674.38843657
51.0,27653472.36128328,59058210.85546407,113288316.78325267
52.0,25052696.286695443,55912447.129321456,119034856.58398312
53.0,22794445.308186896,52739737.49277732,124465817.19903582
54.0,20849524.401738122,49577616.09819046,129572859.50007145
55.0,19179228.21341003,46457749.73080371,134363022.05578628
56.0,17735243.790729105,43416452.27581215,138848303.93345878
57.0,16477214.190257158,40482193.02997317,143040592.7797697
58.0,15372738.477591313,37675596.70160658,146951664.82080215
59.0,14397371.727364013,35009443.41059448,150593184.86204153
60.0,13534625.023243016,32488668.68838135,153976706.28837565
61.0,12775965.4579314,30110363.477974042,157113671.0640946
62.0,12120816.133167543,27863774.133941695,160015409.73289078
63.0,11563617.777277749,25741317.23202204,162695064.99070024
64.0,11072016.593125666,23757930.107863966,165170053.2990104
65.0,10637165.564012444,21909124.893241853,167453709.54274574
66.0,10252389.348945122,20188927.21375267,169558683.43730223
67.0,9911539.975540174,18591264.756360732,171497195.26809913
68.0,9608996.840023493,17109967.2693977,173281035.89057884
69.0,9339666.707230408,15738766.562562557,174921566.73020706
70.0,9098983.710605666,14471296.506921649,176429719.7824727
71.0,8882909.352203451,13301093.034908649,177815997.61288792
72.0,8687932.502687372,12221594.140324578,179090473.35698807
73.0,8511350.620180514,11225763.131347183,180262886.24847233
74.0,8351761.197188905,10307015.562064866,181341223.24074626
75.0,8207791.186268783,9460414.42120386,182331794.3925274
76.0,8078096.163655795,8681197.349721696,183240706.48662254
77.0,7961371.500811107,7964739.215724568,184073889.28346437
78.0,7856352.364421407,7306552.114467338,184837095.52111128
79.0,7761813.716398902,6702285.368353527,185535900.91524762
80.0,7676570.313881319,6147725.526935328,186175704.15918338
81.0,7599476.709231906,5638796.366913588,186761726.92385453
82.0,7529427.2500394285,5171558.892137829,187299013.85782278
83.0,7465356.079118175,4742211.3336062245,187792432.58727562
84.0,7406362.079166868,4347174.250161892,188246463.67067125
85.0,7352434.226773904,3983921.388785054,188663644.38444108
86.0,7303297.066491354,3650353.725887089,189046349.20762157
87.0,7258583.185374786,3344402.6325752363,189397014.18205
88.0,7217935.499231871,3064060.4364984175,189718004.06426972
89.0,7181007.252622383,2807380.42184724,190011612.3255304
90.0,7147462.018858195,2572476.829353996,190280061.15178782
91.0,7116973.700003287,2357524.85629266,190525501.44370407
92.0,7089226.526873736,2160760.6564788893,190750012.8166474
93.0,7063915.059037726,1980481.3402700303,190955603.60069227
94.0,7040744.184815541,1815044.9745651088,191144210.8406194
95.0,7019433.014050284,1662881.9712740527,191317685.01467568
96.0,6999867.962207192,1522996.115807067,191477135.92198578
97.0,6981969.617096099,1394659.4987057145,191623370.88419822
98.0,6965616.289673315,1277058.8329434597,191757324.87738326
99.0,6950689.898395468,1169405.2947576114,191879904.80684695
100.0,6937075.969219499,1070934.5236493237,191991989.5071312
101.0,6924663.635602672,980906.6223835958,192094429.74201375
102.0,6913345.638502564,898606.1569892723,192188048.2045082
103.0,6903018.326377072,823342.1567590429,192273639.5168639
104.0,6893581.655184411,754448.1142494425,192351970.23056617
105.0,6884939.188383111,691281.9852808509,192423778.82633606
106.0,6876998.096932021,633226.1889374934,192489775.71413052
107.0,6869698.103310563,579840.8093361928,192550461.0873533
108.0,6863009.518104085,530874.4042609397,192606116.07763502
109.0,6856888.567090265,486014.9292606842,192657096.5036491
110.0,6851292.820388321,444959.95069807407,192703747.22891364
111.0,6846181.192826828,407416.64760477503,192746402.15956843
112.0,6841513.943943726,373101.8116814713,192785384.24437484
113.0,6837252.677986313,341741.8472978651,192821005.47471586
114.0,6833360.343911249,313072.77149267704,192853566.8845961
115.0,6829801.235384556,286840.2139736459,192883358.55064183
116.0,6826540.990781615,262799.41711752844,192910659.5921009
117.0,6823546.593187166,240715.23597010045,192935738.17084277
118.0,6820793.208468901,220406.55048511084,192958800.241046
119.0,6818268.783397535,201779.24028684795,192979951.97631565
120.0,6815957.146847199,184715.1009404242,192999327.7522124
121.0,6813842.552884105,169099.11130281124,193017058.3358131
122.0,6811909.758800097,154819.92916334694,193033270.31203657
123.0,6810144.025112656,141769.89124373544,193048086.08364362
124.0,6808531.115564893,129845.01319804724,193061623.87123707
125.0,6807057.297125554,118944.98961271904,193073997.71326175
126.0,6805709.339989019,108973.19400655382,193085317.46600443
127.0,6804474.517575299,99836.67883072107,193095688.803594
128.0,6803340.606530043,91446.17546875624,193105213.21800122
129.0,6802297.833880672,83729.81123452149,193113972.35488483
130.0,6801341.463735823,76651.77018370901,193122006.7660805
131.0,6800465.4652882,70167.55839307861,193129366.97631875
132.0,6799663.922908995,64233.560745387265,193136102.51634565
133.0,6798931.1103682555,58807.558902136705,193142261.33072963
134.0,6798261.490834893,53848.73130357322,193147889.77786157
135.0,6797649.716876681,49317.65316868784,193153032.62995467
136.0,6797090.630460255,45176.29649521618,193157733.07304454
137.0,6796579.262951111,41388.0300596385,193162032.70698926
138.0,6796110.835113608,37917.61941717982,193165971.54546922
139.0,6795680.757110966,34731.22690180966,193169588.01598725
140.0,6795285.220853725,31800.718337991144,193172914.0608083
141.0,6794922.38494679,29112.338829902495,193175965.27622333
142.0,6794589.992726141,26649.38443298431,193178760.62284088
143.0,6794285.811358907,24395.3349895282,193181318.85365158
144.0,6794007.679462835,22334.199035967697,193183658.1215012
145.0,6793753.507106283,20450.513802878228,193185795.97909087
146.0,6793521.275808226,18729.345214977144,193187749.37897682
147.0,6793309.038538257,17156.287891123695,193189534.67357063
148.0,6793114.919716577,15717.46514431903,193191167.61513913
149.0,6792937.11521401,14399.528981706233,193192663.3558043
150.0,6792773.892351989,13189.660104570274,193194036.44754344
151.0,6792623.773423622,12076.918480971999,193195299.30809543
152.0,6792486.043214716,11055.986586854255,193196457.97019842
153.0,6792359.857044323,10120.604951554593,193197519.53800413
154.0,6792244.370653678,9264.518845048256,193198491.1105013
155.0,6792138.76676375,8481.673424841274,193199379.5598114
156.0,6792042.255075257,7766.213735970468,193200191.5311888
157.0,6791954.072268652,7112.484711003449,193200933.44302034
158.0,6791873.482004131,6515.0311700386155,193201611.48682582
159.0,6791799.7749216305,5968.597820705151,193202231.62725767
160.0,6791732.268640827,5468.129258163039,193202799.60210103
161.0,6791670.307761141,5008.769965103046,193203320.92227376
162.0,6791613.32057524,4586.283616215864,193203800.39580858
163.0,6791561.028463025,4198.602333675837,193204240.36920333
164.0,6791513.115524149,3843.384263095664,193204643.5002128
165.0,6791469.262323499,3518.2616705837527,193205012.47600594
166.0,6791429.159617132,3220.9423627604065,193205349.89802012
167.0,6791392.508352276,2949.209686757824,193205658.281961
168.0,6791359.019667332,2700.9225302201025,193205940.05780247
169.0,6791328.414891872,2474.0153213032336,193206197.56978685
170.0,6791300.425546636,2266.498028675106,193206433.07642472
171.0,6791274.793343541,2076.456161515503,193206648.75049496
172.0,6791251.270185672,1902.050769516106,193206846.67904484
173.0,6791229.635473334,1741.6466191976242,193207028.7179075
174.0,6791209.780218093,1594.4353326669468,193207195.78444925
175.0,6791191.5864214115,1459.5420489566663,193207348.87152964
176.0,6791174.933191323,1336.07051685157,193207488.99629185
177.0,6791159.703485935,1223.1530283953034,193207617.14348567
178.0,6791145.784113429,1119.9504188903684,193207734.26546767
179.0,6791133.065732059,1025.6520668981254,193207841.28220105
180.0,6791121.4428501595,939.4758942387922,193207939.0812556
181.0,6791110.813826133,860.6683659914434,193208028.51780787
182.0,6791101.080868461,788.5044904940114,193208110.41464105
183.0,6791092.150035697,722.2878193432864,193208185.56214496
184.0,6791083.936417213,661.3888441039037,193208254.6747387
185.0,6791076.397206066,605.4901343012983,193208318.11265963
186.0,6791069.488382909,554.2653113803595,193208376.2463057
187.0,6791063.164191328,507.37512890451035,193208429.46067977
188.0,6791057.380329484,464.4911249482711,193208478.12854558
189.0,6791052.093950117,425.29562209725924,193208522.6104278
190.0,6791047.26366054,389.4817274481894,193208563.25461203
191.0,6791042.849522642,356.7533326088735,193208600.39714476
192.0,6791038.81305289,326.8251136982206,193208634.36183342
193.0,6791035.117222323,299.42253134623707,193208665.46024632
194.0,6791031.72645656,274.2818306940263,193208693.99171275
195.0,6791028.608148058,251.16125231553207,193208720.23059964
196.0,6791025.745424351,229.93569019158474,193208744.31888548
197.0,6791023.1218842985,210.4835380315446,193208766.39457768
198.0,6791020.72020899,192.6763867982666,193208786.60340422
199.0,6791018.523629073,176.38990207442475,193208805.08646885
200.0,6791016.515924748,161.50382406251222,193208821.9802512
201.0,6791014.681425772,147.90196758484132,193208837.41660663
202.0,6791013.005011458,135.47222208354344,193208851.52276647
203.0,6791011.472110675,124.10655162056923,193208864.4213377
204.0,6791010.068701847,113.70099487768829,193208876.2303033
205.0,6791008.781312956,104.15566515648945,193208887.0630219
206.0,6791007.597448781,95.37791800873224,193208897.0246332
207.0,6791006.510440141,87.31830409087732,193208906.17125577
208.0,6791005.514183084,79.93156556443023,193208914.55425134
209.0,6791004.602122294,73.16909833157138,193208922.22877938
210.0,6791003.767910091,66.98383775790059,193208929.24825215
211.0,6791003.005406421,61.3302586724373,193208935.6643349
212.0,6791002.30867886,56.164375367620345,193208941.52694577
213.0,6791001.6720026145,51.44374159930813,193208946.88425577
214.0,6791001.089860521,47.127450586778515,193208951.7826889
215.0,6791000.556943047,43.1761350127289,193208956.26692194
216.0,6791000.068148287,39.55196702327618,193208960.3798847
217.0,6790999.618697575,36.21951538473674,193208964.16178703
218.0,6790999.205949154,33.15919268569743,193208967.63485816
219.0,6790998.827633644,30.354172598724524,193208970.81819376
220.0,6790998.48126982,27.786058087674522,193208973.7326721
221.0,6790998.164454896,25.437033749039596,193208976.39851135
222.0,6790997.874864535,23.28986581194759,193208978.83526966
223.0,6790997.610252847,21.32790213816202,193208981.061845
224.0,6790997.368452384,19.535072222082093,193208983.0964754
225.0,6790997.147374144,17.895887190742673,193208984.95673868
226.0,6790996.945007572,16.395439803814316,193208986.65955263
227.0,6790996.759420558,15.01940445360325,193208988.221175
228.0,6790996.5887889145,13.754255729972506,193208989.65695536
229.0,6790996.432064644,12.592223233789369,193208990.97571212
230.0,6790996.288404766,11.527056685492747,193208992.18453854
231.0,6790996.156870123,10.551792701741663,193208993.29133716
232.0,6790996.036551195,9.65968764661211,193208994.30376115
233.0,6790995.926568099,8.844217631597058,193208995.22921428
234.0,6790995.82607059,8.099078515606454,193208996.0748509
235.0,6790995.734238061,7.4181859049672205,193208996.84757602
236.0,6790995.6502795415,6.7956751534232485,193208997.5540453
237.0,6790995.573433698,6.2259013621354065,193208998.20066494
238.0,6790995.502968837,5.703439379681543,193208998.79359177
239.0,6790995.43818979,5.2231348892917016,193208999.33867532
240.0,6790995.378680424,4.781902463193205,193208999.83941713
241.0,6790995.324127843,4.377422135039408,193209000.29845002
242.0,6790995.274176572,4.007058247882755,193209000.7187652
243.0,6790995.2284823395,3.66825816586468,193209001.1032595
244.0,6790995.186712062,3.358552274215616,193209001.45473567
245.0,6790995.14854386,3.0755539792549866,193209001.77590215
246.0,6790995.113667048,2.81695970839121,193209002.06937325
247.0,6790995.081782139,2.580548910121698,193209002.33766896
248.0,6790995.052600841,2.3641840540328567,193209002.58321512
249.0,6790995.025846062,2.1658106308000846,193209002.80834332
250.0,6790995.001253306,1.983467530529583,193209003.01527917
251.0,6790994.978657256,1.8159290160099206,193209003.20541373
252.0,6790994.957941845,1.6623345111506085,193209003.37972364
253.0,6790994.938972529,1.5216864313083398,193209003.53934103
254.0,6790994.921618992,1.3930185554540737,193209003.68536246
255.0,6790994.90575515,1.2753960261730368,193209003.81884882
256.0,6790994.891259147,1.167915349664722,193209003.9408255
257.0,6790994.878013359,1.069704395742889,193209004.05228224
258.0,6790994.865904392,0.9799223978355645,193209004.1541732
259.0,6790994.854823079,0.8977599529850417,193209004.24741697
260.0,6790994.844664486,0.8224390218478812,193209004.3328965
261.0,6790994.835328126,0.7532145438486508,193209004.41145733
262.0,6790994.826748314,0.6895994843051755,193209004.4836522
263.0,6790994.818882018,0.6312747946776861,193209004.5498432
264.0,6790994.8116783155,0.5778629092310604,193209004.61045876
265.0,6790994.805087882,0.5289981087988309,193209004.665914
266.0,6790994.79906299,0.48432652078318517,193209004.7166105
267.0,6790994.793557511,0.4435061191549655,193209004.76293635
268.0,6790994.788526912,0.4062067244536695,193209004.80526635
269.0,6790994.783928261,0.3721100037874492,193209004.84396175
270.0,6790994.779720221,0.3409094708331123,193209004.8793703
271.0,6790994.775863054,0.31231048583612053,193209004.91182646
272.0,6790994.772318636,0.28603037755483335,193209004.941651
273.0,6790994.769060861,0.2618755975429031,193209004.96906352
274.0,6790994.766073789,0.23972793379646473,193209004.99419826
275.0,6790994.763338147,0.21944450029523171,193209005.01721734
276.0,6790994.760835267,0.20088688372780686,193209005.03827783
277.0,6790994.758547084,0.18392114349168176,193209005.05753177
278.0,6790994.756456138,0.16841781169323708,193209005.07512605
279.0,6790994.754545569,0.15425189314774232,193209005.09120253
280.0,6790994.7527991235,0.1413028653793561,193209005.105898
281.0,6790994.75120115,0.12945467862112583,193209005.11934417
282.0,6790994.749736598,0.1185957558149881,193209005.13166764
283.0,6790994.748391025,0.10861899261176819,193209005.14298996
284.0,6790994.747154048,0.09944742730451284,193209005.1533985
285.0,6790994.746019768,0.0910372968828786,193209005.16294295
286.0,6790994.744980891,0.08333454517916376,193209005.17168456
287.0,6790994.744030356,0.07628679997353294,193209005.17968285
288.0,6790994.743161327,0.06984337579308611,193209005.1869953
289.0,6790994.742367194,0.06395527391185873,193209005.19367754
290.0,6790994.741641576,0.05857518235082169,193209005.19978324
291.0,6790994.740978322,0.053657475877881305,193209005.2053642
292.0,6790994.740371503,0.04915821600787929,193209005.2104703
293.0,6790994.739815422,0.045035151002592824,193209005.21514943
294.0,6790994.739304608,0.04124771587073453,193209005.21944767
295.0,6790994.738834938,0.03776534816154324,193209005.22339973
296.0,6790994.738404217,0.03457176460172706,193209005.22702405
297.0,6790994.738009694,0.03164656975014141,193209005.23034376
298.0,6790994.737648698,0.02896996013816432,193209005.23338136
299.0,6790994.737318642,0.026522766471234284,193209005.2361586
300.0,6790994.73701703,0.024286453628850232,193209005.23869655
301.0,6790994.736741443,0.02224312066457156,193209005.24101546
302.0,6790994.736489556,0.020375500806018097,193209005.24313495
303.0,6790994.736259124,0.018666961454870144,193209005.24507394
304.0,6790994.73604799,0.017101504186868424,193209005.24685052
305.0,6790994.735854081,0.015663764751814153,193209005.24848217
306.0,6790994.735675759,0.014341596838946818,193209005.24998268
307.0,6790994.7355122,0.013128884738370376,193209005.25135896
308.0,6790994.7353623705,0.012017978655655055,193209005.25261968
309.0,6790994.735225264,0.011001403281413979,193209005.25377336
310.0,6790994.735099904,0.010071919825472411,193209005.2548282
311.0,6790994.734985346,0.009222526016867752,193209005.25579214
312.0,6790994.7348806765,0.008446456103849538,193209005.2566729
313.0,6790994.734785016,0.007737180853879453,193209005.25747782
314.0,6790994.734697515,0.007088407553631318,193209005.25821412
315.0,6790994.734617358,0.006494080008991085,193209005.2588886
316.0,6790994.734543759,0.005948378545056858,193209005.2595079
317.0,6790994.734476062,0.005446438934833611,193209005.2600775
318.0,6790994.734413952,0.0049859210798543045,193209005.26060015
319.0,6790994.734357046,0.0045639954163280375,193209005.26107898
320.0,6790994.734304966,0.004177853233106613,193209005.2615172
321.0,6790994.734257346,0.0038247721605956385,193209005.2619179
322.0,6790994.734213829,0.003502116170754538,193209005.26228407
323.0,6790994.734174072,0.003207335577096541,193209005.2626186
324.0,6790994.734137742,0.0029379670346886886,193209005.2629243
325.0,6790994.734104519,0.002691633540151832,193209005.26320386
326.0,6790994.734074093,0.0024660444316606297,193209005.2634599
327.0,6790994.734046169,0.002258995388943555,193209005.26369485
328.0,6790994.734020478,0.0020685088207407012,193209005.263911
329.0,6790994.733996891,0.0018936275089784385,193209005.2641095
330.0,6790994.7339752745,0.0017333475685722443,193209005.26429138
331.0,6790994.733955486,0.001586626725609309,193209005.26445788
332.0,6790994.73393739,0.0014524524622490475,193209005.26461017
333.0,6790994.733920854,0.0013298420167231016,193209005.26474932
334.0,6790994.7339057475,0.0012178423833353364,193209005.26487643
335.0,6790994.733891949,0.0011155303124618437,193209005.26499254
336.0,6790994.733879336,0.00102201231055094,193209005.26509866
337.0,6790994.733867792,0.0009364246401231671,193209005.2651958
338.0,6790994.733857207,0.0008579333197712921,193209005.26528487
339.0,6790994.733847469,0.0007857371250478964,193209005.26536682
340.0,6790994.733838514,0.0007193405884240832,193209005.26544216
341.0,6790994.7338303,0.0006584344992072009,193209005.26551127
342.0,6790994.733822775,0.00060264496939173,193209005.2655746
343.0,6790994.733815892,0.0005516068274482404,193209005.2656325
344.0,6790994.7338096015,0.0005049636183233918,193209005.26568544
345.0,6790994.733803856,0.0004623676034399334,193209005.26573378
346.0,6790994.733798611,0.0004234797606967046,193209005.26577792
347.0,6790994.733793822,0.00038796978446863393,193209005.2658182
348.0,6790994.733789445,0.00035551608560673996,193209005.26585504
349.0,6790994.733785438,0.0003258057914381307,193209005.26588878
350.0,6790994.73378176,0.0002985347457660042,193209005.26591972
351.0,6790994.7337783715,0.00027341125202085047,193209005.26594824
352.0,6790994.7337752525,0.00025028244351920547,193209005.2659745
353.0,6790994.733772389,0.0002290510596535323,193209005.26599857
354.0,6790994.733769765,0.00020959656036354316,193209005.26602066
355.0,6790994.733767365,0.00019179977849525476,193209005.26604086
356.0,6790994.733765172,0.00017554291980098814,193209005.2660593
357.0,6790994.733763171,0.00016070956293936858,193209005.26607615
358.0,6790994.733761348,0.0001471846594753258,193209005.2660915
359.0,6790994.7337596845,0.00013485453388009373,193209005.26610547
360.0,6790994.733758167,0.00012360688353121074,193209005.26611826
361.0,6790994.733756782,0.00011333077871251952,193209005.2661299
362.0,6790994.733755512,0.00010391666261416694,193209005.26614058
363.0,6790994.733754344,9.52563513326045e-05,193209005.26615041
364.0,6790994.733753264,8.724826670252502e-05,193209005.2661595
365.0,6790994.733752271,7.988930115565993e-05,193209005.26616785
