disease,MAE,RMSE,n,variant,seed_run,fold_test_year
AFP,0.2977018654346466,0.409218360693864,50,learned_gate,42,2020
CSM,1.0856152772903442,1.2503422268644675,50,learned_gate,42,2020
Cholera,2.0869414806365967,2.4770823032472187,50,learned_gate,42,2020
Lassa Fever,0.6107702851295471,0.8439053639670546,50,learned_gate,42,2020
Measles,1.0517401695251465,1.219222539602274,50,learned_gate,42,2020
Mpox,0.9125006794929504,0.9693616658811807,50,learned_gate,42,2020
Yellow Fever,1.079555630683899,1.1817930012968108,50,learned_gate,42,2020
AFP,0.26827871799468994,0.38100395392821784,50,uniform_gate,42,2020
CSM,1.0138870477676392,1.1814012521457187,50,uniform_gate,42,2020
Cholera,1.9857972860336304,2.3781684019361475,50,uniform_gate,42,2020
Lassa Fever,0.5984894633293152,0.8371062620018748,50,uniform_gate,42,2020
Measles,0.9157623052597046,1.0497757876654383,50,uniform_gate,42,2020
Mpox,0.8008294105529785,0.851029220328178,50,uniform_gate,42,2020
Yellow Fever,1.0354269742965698,1.133665198000912,50,uniform_gate,42,2020
AFP,0.5339551568031311,0.5956388845356505,27,learned_gate,42,2021
CSM,1.04142165184021,1.2673618032142921,27,learned_gate,42,2021
Cholera,2.118494749069214,2.4686645299868086,27,learned_gate,42,2021
Lassa Fever,0.43907544016838074,0.5512306328050708,27,learned_gate,42,2021
Measles,0.591905951499939,0.7449207771985307,27,learned_gate,42,2021
Mpox,0.5740143060684204,0.6320141595479567,27,learned_gate,42,2021
Yellow Fever,0.7251223921775818,0.8067621319676928,27,learned_gate,42,2021
AFP,0.44396838545799255,0.5099768365480304,27,uniform_gate,42,2021
CSM,0.8133862018585205,1.018528938882357,27,uniform_gate,42,2021
Cholera,2.553602457046509,2.984286641515528,27,uniform_gate,42,2021
Lassa Fever,0.3382602334022522,0.3874204800136996,27,uniform_gate,42,2021
Measles,0.530357301235199,0.6625135645287465,27,uniform_gate,42,2021
Mpox,0.6138147711753845,0.686043887914295,27,uniform_gate,42,2021
Yellow Fever,0.5173816680908203,0.5876400435712416,27,uniform_gate,42,2021
AFP,0.3954511880874634,0.5079953671360522,15,learned_gate,42,2022
CSM,0.5512685775756836,0.6919728775194182,15,learned_gate,42,2022
Cholera,1.9576185941696167,2.157738655478619,15,learned_gate,42,2022
Lassa Fever,0.2820468544960022,0.33926101577643264,15,learned_gate,42,2022
Measles,0.73598313331604,0.9215076813897709,15,learned_gate,42,2022
Mpox,2.592057228088379,2.7454789017349643,15,learned_gate,42,2022
Yellow Fever,0.39014893770217896,0.5118897421720281,15,learned_gate,42,2022
AFP,0.3167824447154999,0.4135103502915503,15,uniform_gate,42,2022
CSM,0.6028608679771423,0.7378760946770713,15,uniform_gate,42,2022
Cholera,1.3053961992263794,1.6457094878266803,15,uniform_gate,42,2022
Lassa Fever,0.19122597575187683,0.25078749307247317,15,uniform_gate,42,2022
Measles,0.5907681584358215,0.7248531044752959,15,uniform_gate,42,2022
Mpox,2.3940229415893555,2.541523090330454,15,uniform_gate,42,2022
Yellow Fever,0.599453330039978,0.687520720429721,15,uniform_gate,42,2022
AFP,0.8443750739097595,1.2864411490627277,22,learned_gate,42,2023
CSM,1.1336244344711304,1.387943210781248,22,learned_gate,42,2023
Cholera,1.1345630884170532,1.3539418351768262,22,learned_gate,42,2023
Lassa Fever,0.29841774702072144,0.38276010271489397,22,learned_gate,42,2023
Measles,1.5119056701660156,1.7204519688254951,22,learned_gate,42,2023
Mpox,1.703149676322937,1.9407193908832854,22,learned_gate,42,2023
Yellow Fever,0.5837388038635254,0.735311519753467,22,learned_gate,42,2023
AFP,0.8567937612533569,1.3028670533658981,22,uniform_gate,42,2023
CSM,1.1922677755355835,1.4849439634802768,22,uniform_gate,42,2023
Cholera,1.0064890384674072,1.1698977765640715,22,uniform_gate,42,2023
Lassa Fever,0.30023953318595886,0.3423844328176628,22,uniform_gate,42,2023
Measles,1.5740126371383667,1.7725372718368038,22,uniform_gate,42,2023
Mpox,1.6770484447479248,1.9057957467577644,22,uniform_gate,42,2023
Yellow Fever,0.5867733359336853,0.7048486140562596,22,uniform_gate,42,2023
AFP,0.5427684783935547,0.7134445755516214,42,learned_gate,42,2024
CSM,1.8198821544647217,2.1003902526821085,42,learned_gate,42,2024
Cholera,1.6062698364257812,1.9820138295227183,42,learned_gate,42,2024
Lassa Fever,0.6554988026618958,0.8646065046277084,42,learned_gate,42,2024
Measles,0.9396824836730957,1.0600287926560135,42,learned_gate,42,2024
Mpox,2.106788158416748,2.1668992162275,42,learned_gate,42,2024
Yellow Fever,0.5232900977134705,0.696973809049812,42,learned_gate,42,2024
AFP,0.5355609059333801,0.6908385322115959,42,uniform_gate,42,2024
CSM,1.7938166856765747,2.1097458124952078,42,uniform_gate,42,2024
Cholera,1.869107961654663,2.3320786872269057,42,uniform_gate,42,2024
Lassa Fever,0.6947941780090332,0.9018624413369978,42,uniform_gate,42,2024
Measles,0.8704530596733093,0.9947885676363994,42,uniform_gate,42,2024
Mpox,2.3010737895965576,2.350518384532525,42,uniform_gate,42,2024
Yellow Fever,0.5590893626213074,0.6952543127165537,42,uniform_gate,42,2024
AFP,0.6918264031410217,1.1117604358441497,52,learned_gate,42,2025
CSM,1.6256331205368042,1.9100349871441802,52,learned_gate,42,2025
Cholera,1.8578898906707764,2.1245665388633657,52,learned_gate,42,2025
Lassa Fever,0.41205504536628723,0.5152699375098787,52,learned_gate,42,2025
Measles,1.649442195892334,2.190432299792245,52,learned_gate,42,2025
Mpox,1.7972495555877686,1.9389703155417315,52,learned_gate,42,2025
Yellow Fever,0.7088261246681213,1.1710023810006553,52,learned_gate,42,2025
AFP,0.6422668099403381,1.0978891254616496,52,uniform_gate,42,2025
CSM,1.7205233573913574,1.997645541965398,52,uniform_gate,42,2025
Cholera,1.6368639469146729,1.9641055470364346,52,uniform_gate,42,2025
Lassa Fever,0.34690219163894653,0.46149330250642373,52,uniform_gate,42,2025
Measles,1.7551900148391724,2.3797089924533688,52,uniform_gate,42,2025
Mpox,1.6984565258026123,1.7619638209098019,52,uniform_gate,42,2025
Yellow Fever,0.676447331905365,1.1584765672746422,52,uniform_gate,42,2025
AFP,1.6661173105239868,2.142357229775063,9,learned_gate,42,2026
CSM,0.44254425168037415,0.5293133722528506,9,learned_gate,42,2026
Cholera,2.366844892501831,2.540848887058027,9,learned_gate,42,2026
Lassa Fever,0.6210363507270813,0.8433573833687656,9,learned_gate,42,2026
Measles,0.2945130169391632,0.3490545249376273,9,learned_gate,42,2026
Mpox,0.2978385388851166,0.38738340038683083,9,learned_gate,42,2026
Yellow Fever,0.9439342021942139,1.0056777938346888,9,learned_gate,42,2026
AFP,1.466768741607666,1.988592576870093,9,uniform_gate,42,2026
CSM,0.8047268986701965,0.897434039122715,9,uniform_gate,42,2026
Cholera,1.4545899629592896,1.7157752216213407,9,uniform_gate,42,2026
Lassa Fever,0.7689898610115051,0.9303948091968147,9,uniform_gate,42,2026
Measles,0.24520424008369446,0.3449841150482994,9,uniform_gate,42,2026
Mpox,0.8117731213569641,0.8930439808044176,9,uniform_gate,42,2026
Yellow Fever,0.6164748072624207,0.707634768371598,9,uniform_gate,42,2026
AFP,0.24480198323726654,0.3381432817949739,50,learned_gate,123,2020
CSM,0.9718635678291321,1.1460324490099112,50,learned_gate,123,2020
Cholera,1.8871541023254395,2.257960859130097,50,learned_gate,123,2020
Lassa Fever,0.6034550666809082,0.8466740908322271,50,learned_gate,123,2020
Measles,0.9202623963356018,1.036981319704348,50,learned_gate,123,2020
Mpox,0.7455596923828125,0.7871628736011107,50,learned_gate,123,2020
Yellow Fever,1.0008362531661987,1.0951126874134232,50,learned_gate,123,2020
AFP,0.37502139806747437,0.4715481529303213,50,uniform_gate,123,2020
CSM,1.1485458612442017,1.3055128582043962,50,uniform_gate,123,2020
Cholera,2.202148675918579,2.5809046701342537,50,uniform_gate,123,2020
Lassa Fever,0.6192648410797119,0.8452844442340836,50,uniform_gate,123,2020
Measles,1.1432896852493286,1.3592527926530156,50,uniform_gate,123,2020
Mpox,0.9946147203445435,1.0596409084164946,50,uniform_gate,123,2020
Yellow Fever,1.1173042058944702,1.217768591876511,50,uniform_gate,123,2020
AFP,0.5178011655807495,0.5851012811447562,27,learned_gate,123,2021
CSM,0.9775097370147705,1.2012063618493092,27,learned_gate,123,2021
Cholera,2.096022844314575,2.4825882154389847,27,learned_gate,123,2021
Lassa Fever,0.4637400209903717,0.5469183495915262,27,learned_gate,123,2021
Measles,0.5420052409172058,0.6918291856575096,27,learned_gate,123,2021
Mpox,0.6123206615447998,0.671114602170198,27,learned_gate,123,2021
Yellow Fever,0.6764179468154907,0.7569839037565923,27,learned_gate,123,2021
AFP,0.4754573702812195,0.5522834637019659,27,uniform_gate,123,2021
CSM,0.8980662822723389,1.1135957507900582,27,uniform_gate,123,2021
Cholera,2.3764140605926514,2.7915469945811986,27,uniform_gate,123,2021
Lassa Fever,0.33942726254463196,0.4237202098243696,27,uniform_gate,123,2021
Measles,0.5594120621681213,0.6821038057901435,27,uniform_gate,123,2021
Mpox,0.5849468111991882,0.649321585359313,27,uniform_gate,123,2021
Yellow Fever,0.588123619556427,0.6681419058892042,27,uniform_gate,123,2021
AFP,0.3370804786682129,0.42303991197542584,15,learned_gate,123,2022
CSM,0.6055555939674377,0.7251142198102914,15,learned_gate,123,2022
Cholera,1.398655652999878,1.693047834731159,15,learned_gate,123,2022
Lassa Fever,0.20656414330005646,0.24516684192608634,15,learned_gate,123,2022
Measles,0.598336935043335,0.7480731690568894,15,learned_gate,123,2022
Mpox,2.4418585300445557,2.5843467775439044,15,learned_gate,123,2022
Yellow Fever,0.5638716220855713,0.6667008217367232,15,learned_gate,123,2022
AFP,0.3565673828125,0.4481061176221694,15,uniform_gate,123,2022
CSM,0.5808974504470825,0.7094182560037813,15,uniform_gate,123,2022
Cholera,1.588862657546997,1.8032793769003668,15,uniform_gate,123,2022
Lassa Fever,0.1953105628490448,0.24278814680939065,15,uniform_gate,123,2022
Measles,0.6403833031654358,0.8046085726353117,15,uniform_gate,123,2022
Mpox,2.4704437255859375,2.6287837233763316,15,uniform_gate,123,2022
Yellow Fever,0.4848363995552063,0.59582570800259,15,uniform_gate,123,2022
AFP,0.7941461205482483,1.2406995486675176,22,learned_gate,123,2023
CSM,1.2491776943206787,1.497252889251087,22,learned_gate,123,2023
Cholera,0.9855239391326904,1.254610380888161,22,learned_gate,123,2023
Lassa Fever,0.27145329117774963,0.33933807987148557,22,learned_gate,123,2023
Measles,1.70805025100708,1.9061830227451355,22,learned_gate,123,2023
Mpox,1.703774333000183,1.8951357791338195,22,learned_gate,123,2023
Yellow Fever,0.6164467334747314,0.7454055887944698,22,learned_gate,123,2023
AFP,0.7978016138076782,1.243136493290263,22,uniform_gate,123,2023
CSM,1.22382652759552,1.48760001543542,22,uniform_gate,123,2023
Cholera,1.015278935432434,1.3113150924657717,22,uniform_gate,123,2023
Lassa Fever,0.28919997811317444,0.3589496998441477,22,uniform_gate,123,2023
Measles,1.6664363145828247,1.882972932050722,22,uniform_gate,123,2023
Mpox,1.7206904888153076,1.9221348160451328,22,uniform_gate,123,2023
Yellow Fever,0.6437491774559021,0.7805446874202053,22,uniform_gate,123,2023
AFP,0.4737319052219391,0.6721404903968722,42,learned_gate,123,2024
CSM,1.716526985168457,1.959973223561704,42,learned_gate,123,2024
Cholera,1.5866769552230835,1.9127809555027808,42,learned_gate,123,2024
Lassa Fever,0.5908505320549011,0.8061549685162259,42,learned_gate,123,2024
Measles,0.8369629383087158,1.0005054388627628,42,learned_gate,123,2024
Mpox,1.8982783555984497,1.95663551700022,42,learned_gate,123,2024
Yellow Fever,0.42592284083366394,0.6375725527224099,42,learned_gate,123,2024
AFP,0.48780423402786255,0.6781689792206752,42,uniform_gate,123,2024
CSM,1.7168991565704346,1.99010169847647,42,uniform_gate,123,2024
Cholera,1.6158250570297241,2.015331749690312,42,uniform_gate,123,2024
Lassa Fever,0.6005297899246216,0.8177403040829787,42,uniform_gate,123,2024
Measles,0.8493332862854004,0.9957858638276447,42,uniform_gate,123,2024
Mpox,2.0237748622894287,2.074165185498937,42,uniform_gate,123,2024
Yellow Fever,0.47124677896499634,0.6538976333761434,42,uniform_gate,123,2024
AFP,0.6461101174354553,1.0985968961143016,52,learned_gate,123,2025
CSM,1.7716418504714966,2.0538724145608924,52,learned_gate,123,2025
Cholera,1.596150517463684,1.9031768165386989,52,learned_gate,123,2025
Lassa Fever,0.3320770859718323,0.4279514093078787,52,learned_gate,123,2025
Measles,1.8136335611343384,2.435799616935832,52,learned_gate,123,2025
Mpox,1.6278636455535889,1.6711142404520773,52,learned_gate,123,2025
Yellow Fever,0.6841785907745361,1.173225844961456,52,learned_gate,123,2025
AFP,0.6322565674781799,1.0585746059586991,52,uniform_gate,123,2025
CSM,1.736937165260315,2.0358785859350013,52,uniform_gate,123,2025
Cholera,1.608532428741455,1.9261789897724637,52,uniform_gate,123,2025
Lassa Fever,0.3816875219345093,0.4784049081197353,52,uniform_gate,123,2025
Measles,1.7018837928771973,2.316180007461711,52,uniform_gate,123,2025
Mpox,1.784211277961731,1.8390478530598697,52,uniform_gate,123,2025
Yellow Fever,0.6594845652580261,1.1147036918231992,52,uniform_gate,123,2025
AFP,1.174081563949585,1.8070406414205198,9,learned_gate,123,2026
CSM,0.5714242458343506,0.687715128272123,9,learned_gate,123,2026
Cholera,0.8552329540252686,1.0104836838248226,9,learned_gate,123,2026
Lassa Fever,0.6757016181945801,0.8327634929387268,9,learned_gate,123,2026
Measles,0.3724364638328552,0.4697894175264888,9,learned_gate,123,2026
Mpox,0.9889424443244934,1.1559603044663835,9,learned_gate,123,2026
Yellow Fever,0.27603214979171753,0.4131611063497021,9,learned_gate,123,2026
AFP,1.4004881381988525,1.93269422781404,9,uniform_gate,123,2026
CSM,0.950758695602417,1.0235795948888167,9,uniform_gate,123,2026
Cholera,1.412174105644226,1.6440606610553075,9,uniform_gate,123,2026
Lassa Fever,0.8286773562431335,0.9674258565462658,9,uniform_gate,123,2026
Measles,0.2023509293794632,0.2585574859361654,9,uniform_gate,123,2026
Mpox,0.956396222114563,1.0552707895898437,9,uniform_gate,123,2026
Yellow Fever,0.5494023561477661,0.644872471045223,9,uniform_gate,123,2026
AFP,0.27915772795677185,0.39513833955273303,50,learned_gate,2024,2020
CSM,1.0205729007720947,1.1845165218458618,50,learned_gate,2024,2020
Cholera,2.0006885528564453,2.3928002328347744,50,learned_gate,2024,2020
Lassa Fever,0.5945180654525757,0.8292272897025071,50,learned_gate,2024,2020
Measles,0.8817604184150696,1.0180706216189708,50,learned_gate,2024,2020
Mpox,0.806042492389679,0.8651008933547207,50,learned_gate,2024,2020
Yellow Fever,1.0497554540634155,1.150695397721881,50,learned_gate,2024,2020
AFP,0.2535448372364044,0.35501755385586115,50,uniform_gate,2024,2020
CSM,0.9732047319412231,1.1414817832064654,50,uniform_gate,2024,2020
Cholera,1.9041798114776611,2.2777903202404204,50,uniform_gate,2024,2020
Lassa Fever,0.5981136560440063,0.8453456131800821,50,uniform_gate,2024,2020
Measles,0.9013950228691101,1.0109660762185393,50,uniform_gate,2024,2020
Mpox,0.7335872650146484,0.7821243352681426,50,uniform_gate,2024,2020
Yellow Fever,1.0022813081741333,1.0981762831843844,50,uniform_gate,2024,2020
AFP,0.49635830521583557,0.5725661130070149,27,learned_gate,2024,2021
CSM,0.91192626953125,1.1166595064949005,27,learned_gate,2024,2021
Cholera,2.2507312297821045,2.696151204852482,27,learned_gate,2024,2021
Lassa Fever,0.3905278742313385,0.47501305888445167,27,learned_gate,2024,2021
Measles,0.5179651975631714,0.6284911639928494,27,learned_gate,2024,2021
Mpox,0.5847249627113342,0.6468118719727666,27,learned_gate,2024,2021
Yellow Fever,0.6343961358070374,0.7060465832003762,27,learned_gate,2024,2021
AFP,0.498209685087204,0.5684297917846354,27,uniform_gate,2024,2021
CSM,0.9350125193595886,1.1638962287691625,27,uniform_gate,2024,2021
Cholera,2.144850254058838,2.5317364448974775,27,uniform_gate,2024,2021
Lassa Fever,0.46158620715141296,0.5351073806613698,27,uniform_gate,2024,2021
Measles,0.523492693901062,0.6523490722804616,27,uniform_gate,2024,2021
Mpox,0.6319127082824707,0.6986310609577459,27,uniform_gate,2024,2021
Yellow Fever,0.6443151831626892,0.7267189677764494,27,uniform_gate,2024,2021
AFP,0.3116220235824585,0.4308872120529071,15,learned_gate,2024,2022
CSM,0.6071771383285522,0.7661995969813598,15,learned_gate,2024,2022
Cholera,1.3727818727493286,1.7720671076973185,15,learned_gate,2024,2022
Lassa Fever,0.21367880702018738,0.2794856520554443,15,learned_gate,2024,2022
Measles,0.5945876836776733,0.788147272798098,15,learned_gate,2024,2022
Mpox,2.371382236480713,2.5234675449909316,15,learned_gate,2024,2022
Yellow Fever,0.6173414587974548,0.6925256579083693,15,learned_gate,2024,2022
AFP,0.3801738917827606,0.4859036964360691,15,uniform_gate,2024,2022
CSM,0.5211315155029297,0.6720089889702864,15,uniform_gate,2024,2022
Cholera,1.8387713432312012,2.06731869143595,15,uniform_gate,2024,2022
Lassa Fever,0.2586856484413147,0.3198660087946664,15,uniform_gate,2024,2022
Measles,0.6965460181236267,0.870596226136616,15,uniform_gate,2024,2022
Mpox,2.569117307662964,2.7219795250777747,15,uniform_gate,2024,2022
Yellow Fever,0.4058813154697418,0.5269438463529523,15,uniform_gate,2024,2022
AFP,0.811431348323822,1.2550093887555436,22,learned_gate,2024,2023
CSM,1.2260711193084717,1.516242068805377,22,learned_gate,2024,2023
Cholera,0.992283046245575,1.190952101902969,22,learned_gate,2024,2023
Lassa Fever,0.3103536367416382,0.36148354564247603,22,learned_gate,2024,2023
Measles,1.6008762121200562,1.8246553539770516,22,learned_gate,2024,2023
Mpox,1.7171072959899902,1.9358683452924106,22,learned_gate,2024,2023
Yellow Fever,0.5919749736785889,0.719822001243553,22,learned_gate,2024,2023
AFP,0.8341386914253235,1.2660363082349677,22,uniform_gate,2024,2023
CSM,1.1837319135665894,1.5011783580853455,22,uniform_gate,2024,2023
Cholera,0.9810114502906799,1.1816162106852834,22,uniform_gate,2024,2023
Lassa Fever,0.33449000120162964,0.39033274207910595,22,uniform_gate,2024,2023
Measles,1.5069469213485718,1.729884270672476,22,uniform_gate,2024,2023
Mpox,1.764967441558838,2.002516117483515,22,uniform_gate,2024,2023
Yellow Fever,0.6189879775047302,0.7475657297662142,22,uniform_gate,2024,2023
AFP,0.5038809776306152,0.686337463454328,42,learned_gate,2024,2024
CSM,1.7576346397399902,2.054787172866121,42,learned_gate,2024,2024
Cholera,1.6622436046600342,2.048507621723025,42,learned_gate,2024,2024
Lassa Fever,0.6377452611923218,0.8630044761002361,42,learned_gate,2024,2024
Measles,0.8851941227912903,1.017459269371515,42,learned_gate,2024,2024
Mpox,2.090841054916382,2.150801367341725,42,learned_gate,2024,2024
Yellow Fever,0.4854587912559509,0.663225476691209,42,learned_gate,2024,2024
AFP,0.5049102306365967,0.676042274823574,42,uniform_gate,2024,2024
CSM,1.7614840269088745,2.065182184491034,42,uniform_gate,2024,2024
Cholera,1.6732079982757568,2.083783355427617,42,uniform_gate,2024,2024
Lassa Fever,0.6513444185256958,0.8672515570548786,42,uniform_gate,2024,2024
Measles,0.877699613571167,0.9943310868057448,42,uniform_gate,2024,2024
Mpox,2.137007713317871,2.191814962477999,42,uniform_gate,2024,2024
Yellow Fever,0.4951918125152588,0.6597144324417213,42,uniform_gate,2024,2024
AFP,0.6478706002235413,1.071413017341701,52,learned_gate,2024,2025
CSM,1.6765557527542114,1.984448589252037,52,learned_gate,2024,2025
Cholera,1.7386633157730103,2.028135288488686,52,learned_gate,2024,2025
Lassa Fever,0.3553953766822815,0.42434806398350344,52,learned_gate,2024,2025
Measles,1.7499125003814697,2.3092612190762845,52,learned_gate,2024,2025
Mpox,1.7055039405822754,1.799768721769139,52,learned_gate,2024,2025
Yellow Fever,0.7117303609848022,1.1490225826132507,52,learned_gate,2024,2025
AFP,0.6519102454185486,1.0736579124565944,52,uniform_gate,2024,2025
CSM,1.7327767610549927,2.0275223787439125,52,uniform_gate,2024,2025
Cholera,1.63370680809021,1.9632609307497189,52,uniform_gate,2024,2025
Lassa Fever,0.3561427891254425,0.4392340559109272,52,uniform_gate,2024,2025
Measles,1.7546921968460083,2.3457911440735235,52,uniform_gate,2024,2025
Mpox,1.6888346672058105,1.75235746176768,52,uniform_gate,2024,2025
Yellow Fever,0.6920449137687683,1.1475868967601275,52,uniform_gate,2024,2025
AFP,1.6473335027694702,2.1362090958752256,9,learned_gate,2024,2026
CSM,0.39081302285194397,0.463050862837872,9,learned_gate,2024,2026
Cholera,1.8787841796875,2.190165938792543,9,learned_gate,2024,2026
Lassa Fever,0.6028315424919128,0.7782784980827897,9,learned_gate,2024,2026
Measles,0.5317599773406982,0.5927267291851871,9,learned_gate,2024,2026
Mpox,0.4778693914413452,0.6094198943986845,9,learned_gate,2024,2026
Yellow Fever,0.8022429943084717,0.871885342006805,9,learned_gate,2024,2026
AFP,1.5470352172851562,2.0431805531863065,9,uniform_gate,2024,2026
CSM,0.6384863257408142,0.7678315809500507,9,uniform_gate,2024,2026
Cholera,1.5169119834899902,1.793349015877563,9,uniform_gate,2024,2026
Lassa Fever,0.7146115899085999,0.8938111984534737,9,uniform_gate,2024,2026
Measles,0.33923783898353577,0.47641045067756543,9,uniform_gate,2024,2026
Mpox,0.6366332173347473,0.7201258303705853,9,uniform_gate,2024,2026
Yellow Fever,0.6977002024650574,0.7679822018319353,9,uniform_gate,2024,2026
